epoch,inclusion_loss,learning_rate
0,0.6710289489673227,0.002
1,0.04585389358384033,0.002
2,0.08331469518125009,0.002
3,0.30810667137649445,0.002
4,0.16673331677336556,0.002
5,0.042378862415567736,0.002
6,0.010780052505409421,0.002
7,0.014805134827338575,0.002
8,0.05609426909764685,0.002
9,0.09367849684740392,0.002
10,0.0963531582842341,0.002
11,0.06983869897914265,0.002
12,0.03630522110050708,0.002
13,0.016195577310230913,0.002
14,0.011332780151656275,0.002
15,0.010828069069339226,0.002
16,0.011039408613913573,0.002
17,0.013922504874025781,0.002
18,0.025071807592506032,0.002
19,0.03204068479519211,0.002
20,0.02220845312704374,0.002
21,0.0153518713793653,0.002
22,0.012224752079548075,0.002
23,0.00934216048001263,0.002
24,0.006291836754299039,0.002
25,0.004123703353633555,0.002
26,0.004182670535244401,0.002
27,0.006526721190577039,0.002
28,0.0096843282235544,0.002
29,0.011271080268769015,0.002
30,0.010300183290369464,0.002
31,0.008609287290763086,0.002
32,0.007129105710187686,0.002
33,0.006482651660877616,0.002
34,0.006284723856413237,0.002
35,0.005823594056810623,0.002
36,0.004793250282652072,0.002
37,0.003443915034483325,0.002
38,0.0024898202207645588,0.002
39,0.0030741005542405868,0.002
40,0.004782951108128893,0.002
41,0.004441291396873945,0.002
42,0.0034155707236013196,0.002
43,0.003605696856593783,0.002
44,0.004153243616180779,0.002
45,0.004156104273995047,0.002
46,0.0034851935027076304,0.002
47,0.002673005392850483,0.002
48,0.0024157849890814233,0.002
49,0.002864214412633604,0.002
50,0.00317022515444966,0.002
51,0.002899813469087066,0.002
52,0.0026386153090895586,0.002
53,0.002711177165685601,0.002
54,0.002941582089538337,0.002
55,0.003049025259520714,0.002
56,0.002913119243861706,0.002
57,0.0026213506530792215,0.002
58,0.0024057170336965156,0.002
59,0.0024426222900163783,0.002
60,0.0025713669078148375,0.002
61,0.002479693946795988,0.002
62,0.0023153089114113083,0.002
63,0.0023408672451299553,0.002
64,0.002476735871537169,0.002
65,0.0025218742932624485,0.002
66,0.0024272874037284346,0.002
67,0.0023203989171070197,0.002
68,0.0023220115169597677,0.002
69,0.002363630958854367,0.002
70,0.002311819280315962,0.002
71,0.0022277385206494423,0.002
72,0.002224122107295763,0.002
73,0.002272400051563163,0.002
74,0.002289655053572357,0.002
75,0.0022571687773738787,0.002
76,0.002223994113383016,0.002
77,0.0022286679085355577,0.002
78,0.002239491974435788,0.002
79,0.0022110314594459353,0.002
80,0.002169804144644731,0.002
81,0.0021612250271475283,0.002
82,0.0021738224220258797,0.002
83,0.002171703117030535,0.002
84,0.0021527778114352296,0.002
85,0.0021442105332368615,0.002
86,0.002151724706898297,0.002
87,0.0021485660191574375,0.002
88,0.002127469450566917,0.002
89,0.0021123637523027586,0.002
90,0.0021110779314237995,0.002
91,0.0021078066436541467,0.002
92,0.0020958444930439407,0.002
93,0.002086716544466518,0.002
94,0.0020870053696760487,0.002
95,0.0020859934794803868,0.002
96,0.002076232663939899,0.002
97,0.0020662281347186436,0.002
98,0.0020620280364003095,0.002
99,0.002057562650373448,0.002
100,0.0020485387060518575,0.002
101,0.002040311297939551,0.002
102,0.0020371188715331326,0.002
103,0.0020341068701627595,0.002
104,0.0020273700101425852,0.002
105,0.0020208690299746064,0.002
106,0.00201698400434365,0.002
107,0.002012182761287866,0.002
108,0.0020049747625447345,0.002
109,0.001998661260543558,0.002
110,0.0019945588365670227,0.002
111,0.0019899089660424807,0.002
112,0.001984009161056253,0.002
113,0.00197912048851199,0.002
114,0.001975220393564589,0.002
115,0.0019703033535551262,0.002
116,0.001964575943027696,0.002
117,0.0019596945802822408,0.002
118,0.0019553194803461605,0.002
119,0.0019502563238418579,0.002
120,0.0019451650511306227,0.002
121,0.0019409125422597917,0.002
122,0.0019367004582439293,0.002
123,0.001931925259937742,0.002
124,0.0019272987421117193,0.002
125,0.0019230936403564587,0.002
126,0.0019186324258640567,0.002
127,0.0019139376709264833,0.002
128,0.0019096253742956909,0.002
129,0.0019055273195398373,0.002
130,0.0019012142532674383,0.002
131,0.0018969404268958853,0.002
132,0.0018929389727724395,0.002
133,0.0018888745749638565,0.002
134,0.0018846526169214854,0.002
135,0.001880587111859984,0.002
136,0.0018766555554210577,0.002
137,0.001872636252328518,0.002
138,0.0018686563929706627,0.002
139,0.0018648517075140097,0.002
140,0.0018610496213253885,0.002
141,0.0018571935287184432,0.002
142,0.0018534336113886917,0.002
143,0.0018497397862055275,0.002
144,0.0018460050351833276,0.002
145,0.0018423140510089196,0.002
146,0.0018387254646233648,0.002
147,0.0018351477302943112,0.002
148,0.0018315774338710583,0.002
149,0.0018280853733752688,0.002
150,0.0018246298432851049,0.002
151,0.0018211673555769672,0.002
152,0.0018177523408684597,0.002
153,0.0018143926285025553,0.002
154,0.0018110429034912234,0.002
155,0.0018077262124685087,0.002
156,0.0018044685177914487,0.002
157,0.0018012347884885929,0.002
158,0.0017980206434406265,0.002
159,0.0017948534453628784,0.002
160,0.00179171725928079,0.002
161,0.0017885981674551662,0.002
162,0.0017855192491089095,0.002
163,0.0017824783883545695,0.002
164,0.0017794591139101976,0.002
165,0.001776473975906335,0.002
166,0.0017735263158929048,0.002
167,0.0017706009623650117,0.002
168,0.0017677036998672128,0.002
169,0.0017648416370523176,0.002
170,0.001762004737369357,0.002
171,0.0017591948011595458,0.002
172,0.0017564189843551064,0.002
173,0.0017536701021025258,0.002
174,0.0017509464740612128,0.002
175,0.0017482534743738286,0.002
176,0.0017455866735572975,0.002
177,0.001742943763454969,0.002
178,0.0017403294566390843,0.002
179,0.0017377415016375775,0.002
180,0.0017351774133527896,0.002
181,0.001732640399759886,0.002
182,0.0017301290557346,0.002
183,0.0017276407807089828,0.002
184,0.0017251777055695156,0.002
185,0.0017227391983376784,0.002
186,0.0017203231776833279,0.002
187,0.001717931113417887,0.002
188,0.0017155627901167536,0.002
189,0.0017132165297294752,0.002
190,0.001710893289854034,0.002
191,0.0017085928637019482,0.002
192,0.0017063137675058587,0.002
193,0.0017040566495867052,0.002
194,0.0017018214157410116,0.002
195,0.0016996070245300738,0.002
196,0.0016974139326319483,0.002
197,0.00169524199802023,0.002
198,0.001693090277995454,0.002
199,0.001690958954182901,0.002
200,0.0016888477565873143,0.002
201,0.0016867560024118478,0.002
202,0.0016846838617370372,0.002
203,0.0016826311501824491,0.002
204,0.0016805973375897316,0.002
205,0.0016785825357779553,0.002
206,0.001676586542514314,0.002
207,0.001674608886059447,0.002
208,0.0016726495575074417,0.002
209,0.0016707083365774325,0.002
210,0.001668784883191002,0.002
211,0.0016668791666915191,0.002
212,0.0016649909418519405,0.002
213,0.0016631199126376907,0.002
214,0.0016612659687422625,0.002
215,0.0016594288588437445,0.002
216,0.0016576083458227431,0.002
217,0.0016558043529714193,0.002
218,0.0016540166100952743,0.002
219,0.0016522448752067293,0.002
220,0.0016504890633417825,0.002
221,0.0016487489719543241,0.002
222,0.0016470244316514613,0.002
223,0.0016453153352774387,0.002
224,0.001643621463666297,0.002
225,0.001641942673478594,0.002
226,0.0016402788400082257,0.002
227,0.0016386297562347057,0.002
228,0.001636995265665431,0.002
229,0.0016353751827467408,0.002
230,0.0016337692863030546,0.002
231,0.0016321774465841328,0.002
232,0.0016305994683360968,0.002
233,0.0016290351683241168,0.002
234,0.0016274844174120307,0.002
235,0.001625947052979788,0.002
236,0.001624422925388144,0.002
237,0.0016229118824737216,0.002
238,0.001621413774969527,0.002
239,0.0016199284662793963,0.002
240,0.001618455821208933,0.002
241,0.001616995686577639,0.002
242,0.0016155479314471203,0.002
243,0.00161411241713619,0.002
244,0.0016126889996261994,0.002
245,0.0016112775500849706,0.002
246,0.0016098779050815132,0.002
247,0.001608489883253921,0.002
248,0.001607113326048456,0.002
249,0.0016057480888231948,0.002
250,0.0016043940182008944,0.002
251,0.0016030509598653664,0.002
252,0.0016017187740204695,0.002
253,0.0016003973296966905,0.002
254,0.0015990864924956658,0.002
255,0.0015977861296442592,0.002
256,0.001596496115954388,0.002
257,0.001595216339342254,0.002
258,0.0015939466783430572,0.002
259,0.001592686994291544,0.002
260,0.0015914371440237881,0.002
261,0.001590197002155035,0.002
262,0.0015889664431766668,0.002
263,0.0015877453437513184,0.002
264,0.0015865335813826987,0.002
265,0.0015853310168293625,0.002
266,0.0015841375004616155,0.002
267,0.0015829529090199807,0.002
268,0.0015817771213958286,0.002
269,0.0015806100178931773,0.002
270,0.0015794514795506585,0.002
271,0.001578301389094323,0.002
272,0.0015771596222240228,0.002
273,0.0015760260457323495,0.002
274,0.0015749005434386198,0.002
275,0.0015737829938441538,0.002
276,0.0015726732647994486,0.002
277,0.001571571243872601,0.002
278,0.0015704768323703256,0.002
279,0.0015693899214995447,0.002
280,0.0015683104019059983,0.002
281,0.0015672381656642643,0.002
282,0.0015661731057463881,0.002
283,0.0015651151164959736,0.002
284,0.001564064093132486,0.002
285,0.0015630199316610098,0.002
286,0.0015619825257580187,0.002
287,0.0015609517393719101,0.002
288,0.0015599274500890357,0.002
289,0.0015589095545366174,0.002
290,0.001557897950656707,0.002
291,0.0015568925380189907,0.002
292,0.001555893217478146,0.002
293,0.0015548998911025665,0.002
294,0.0015539124624278373,0.002
295,0.0015529308359963413,0.002
296,0.0015519549176124373,0.002
297,0.0015509846141790603,0.002
298,0.0015500198336546112,0.002
299,0.0015490604852369447,0.002
300,0.0015481064796585803,0.002
301,0.00154715773766829,0.002
302,0.0015462141756142228,0.002
303,0.001545275707424107,0.002
304,0.0015443422433037866,0.002
305,0.0015434136868169876,0.002
306,0.001542489952960225,0.002
307,0.0015415709582176128,0.002
308,0.0015406566201812515,0.002
309,0.0015397468573660831,0.002
310,0.0015388415893430824,0.002
311,0.0015379407330520475,0.002
312,0.0015370441919848022,0.002
313,0.0015361518836196283,0.002
314,0.0015352637199374844,0.002
315,0.0015343796217302736,0.002
316,0.0015334995130419295,0.002
317,0.0015326233191998242,0.002
318,0.0015317509668442664,0.002
319,0.001530882383752806,0.002
320,0.001530017498895924,0.002
321,0.0015291562423332145,0.002
322,0.0015282985451829276,0.002
323,0.0015274443396338859,0.002
324,0.0015265935557092758,0.002
325,0.0015257461181040631,0.002
326,0.001524901960714223,0.002
327,0.0015240610211082399,0.002
328,0.001523223242620677,0.002
329,0.0015223885638081039,0.002
330,0.0015215569235782459,0.002
331,0.0015207282618061673,0.002
332,0.0015199025193916435,0.002
333,0.001519079638022198,0.002
334,0.001518259560366488,0.002
335,0.0015174422298329204,0.002
336,0.0015166275907498295,0.002
337,0.001515815588275104,0.002
338,0.0015150061683643803,0.002
339,0.0015141992778381346,0.002
340,0.0015133948642660968,0.002
341,0.001512592874133585,0.002
342,0.0015117932452107788,0.002
343,0.00151099592487148,0.002
344,0.0015102008631129303,0.002
345,0.0015094080109206841,0.002
346,0.001508617320867327,0.002
347,0.0015078287461983931,0.002
348,0.0015070422375126264,0.002
349,0.0015062577431295236,0.002
350,0.0015054752177024963,0.002
351,0.0015046946168613198,0.002
352,0.001503915897082744,0.002
353,0.0015031390157405474,0.002
354,0.0015023639309568947,0.002
355,0.0015015906017003483,0.002
356,0.0015008189876389467,0.002
357,0.0015000490492111133,0.002
358,0.001499280747599313,0.002
359,0.0014985140469701782,0.002
360,0.001497748913463613,0.002
361,0.001496985310756836,0.002
362,0.0014962232031428253,0.002
363,0.0014954625554289443,0.002
364,0.0014947033331986445,0.002
365,0.001493945502468471,0.002
366,0.0014931890299801443,0.002
367,0.0014924338829483746,0.002
368,0.0014916800292594464,0.002
369,0.0014909274373563883,0.002
370,0.0014901760762147962,0.002
371,0.0014894259153985945,0.002
372,0.0014886769249716483,0.002
373,0.0014879290756444551,0.002
374,0.0014871823386180107,0.002
375,0.0014864366856787697,0.002
376,0.0014856920891033894,0.002
377,0.001484948521113352,0.002
378,0.0014842059503747678,0.002
379,0.001483464349265465,0.002
380,0.0014827236864351514,0.002
381,0.001481983933107355,0.002
382,0.0014812450639232824,0.002
383,0.0014805070541210462,0.002
384,0.0014797698795388642,0.002
385,0.0014790335153713463,0.002
386,0.0014782979360412581,0.002
387,0.0014775631188315619,0.002
388,0.001476829041625309,0.002
389,0.0014760956828394531,0.002
390,0.001475363021445413,0.002
391,0.0014746310372692132,0.002
392,0.0014738997103293796,0.002
393,0.0014731690210536459,0.002
394,0.0014724389502884245,0.002
395,0.0014717094793387103,0.002
396,0.0014709805899097922,0.002
397,0.0014702522641121436,0.002
398,0.0014695244844494188,0.002
399,0.0014687972340338153,0.002
400,0.0014680704982739442,0.002
401,0.0014673442614929685,0.002
402,0.0014666185078839747,0.002
403,0.0014658932218823346,0.002
404,0.0014651683883475965,0.002
405,0.0014644439923697052,0.002
406,0.0014637200193968036,0.002
407,0.0014629964551173217,0.002
408,0.0014622732855726266,0.002
409,0.0014615504970732962,0.002
410,0.0014608280762214514,0.002
411,0.0014601060098865391,0.002
412,0.0014593842852198603,0.002
413,0.00145866288966713,0.002
414,0.0014579418102940948,0.002
415,0.0014572210320124793,0.002
416,0.0014565005423897975,0.002
417,0.0014557803296898673,0.002
418,0.0014550603824090298,0.002
419,0.001454340689351515,0.002
420,0.0014536212395470265,0.002
421,0.0014529020223358687,0.002
422,0.0014521830272735297,0.002
423,0.001451464244176021,0.002
424,0.0014507456630679315,0.002
425,0.001450027274233589,0.002
426,0.0014493090681752321,0.002
427,0.0014485910356176225,0.002
428,0.001447873167489899,0.002
429,0.0014471554549361448,0.002
430,0.001446437889309221,0.002
431,0.0014457204621494022,0.002
432,0.0014450031648694513,0.002
433,0.0014442859864302962,0.002
434,0.0014435689179994888,0.002
435,0.00144285195162136,0.002
436,0.0014421350795578898,0.002
437,0.0014414182942740785,0.002
438,0.0014407015884477425,0.002
439,0.0014399849549360092,0.002
440,0.001439268386768136,0.002
441,0.0014385518771315305,0.002
442,0.0014378354193822457,0.002
443,0.0014371190070334306,0.002
444,0.001436402633749298,0.002
445,0.001435686293335224,0.002
446,0.0014349699797380233,0.002
447,0.0014342536870395994,0.002
448,0.0014335374094512103,0.002
449,0.0014328211413122069,0.002
450,0.0014321048770904166,0.002
451,0.0014313886113780552,0.002
452,0.0014306723388802668,0.002
453,0.0014299560544103528,0.002
454,0.0014292397528876928,0.002
455,0.001428523429337741,0.002
456,0.0014278070790551068,0.002
457,0.001427090698173393,0.002
458,0.0014263742821976682,0.002
459,0.0014256578265780685,0.002
460,0.001424941326847666,0.002
461,0.0014242247776115452,0.002
462,0.001423508172965467,0.002
463,0.0014227915084694582,0.002
464,0.0014220747797891993,0.002
465,0.0014213579826717446,0.002
466,0.0014206411129509906,0.002
467,0.0014199241665430172,0.002
468,0.0014192071394515994,0.002
469,0.0014184900277506227,0.002
470,0.001417772827583756,0.002
471,0.0014170555351615327,0.002
472,0.0014163381467692958,0.002
473,0.001415620658757385,0.002
474,0.001414903067540861,0.002
475,0.0014141853695959648,0.002
476,0.0014134675614633687,0.002
477,0.00141274963973879,0.002
478,0.001412031601070984,0.002
479,0.0014113134421591435,0.002
480,0.0014105951597550793,0.002
481,0.0014098767506560141,0.002
482,0.001409158211702567,0.002
483,0.001408439539777861,0.002
484,0.0014077207318100712,0.002
485,0.001407001784767514,0.002
486,0.001406282695656156,0.002
487,0.001405563461517858,0.002
488,0.0014048440794309203,0.002
489,0.0014041245465055644,0.002
490,0.0014034048598818999,0.002
491,0.001402685016729383,0.002
492,0.001401965014247683,0.002
493,0.001401244849663346,0.002
494,0.0014005245202277899,0.002
495,0.0013998040232167889,0.002
496,0.0013990833559308165,0.002
497,0.0013983625156922229,0.002
498,0.0013976414998433829,0.002
499,0.0013969203057461223,0.002
500,0.0013961989307815913,0.002
501,0.0013954773723477952,0.002
502,0.0013947556278580049,0.002
503,0.0013940336947404455,0.002
504,0.0013933115704381034,0.002
505,0.0013925892524066247,0.002
506,0.001391866738112985,0.002
507,0.001391144025035279,0.002
508,0.0013904211105103719,0.002
509,0.0013896979906246967,0.002
510,0.00138897466242002,0.002
511,0.0013882511232846178,0.002
512,0.0013875273706352742,0.002
513,0.0013868034019137747,0.002
514,0.0013860792145817668,0.002
515,0.0013853548061161967,0.002
516,0.00138463017400574,0.002
517,0.0013839053157500716,0.002
518,0.001383180228642694,0.002
519,0.0013824549088292226,0.002
520,0.0013817293534700405,0.002
521,0.0013810035599611079,0.002
522,0.0013802775257145774,0.002
523,0.0013795512481570376,0.002
524,0.0013788247247350828,0.002
525,0.00137809795290954,0.002
526,0.0013773709301486638,0.002
527,0.0013766436539242258,0.002
528,0.0013759161217157213,0.002
529,0.0013751883310053725,0.002
530,0.0013744602792763988,0.002
531,0.0013737319640133817,0.002
532,0.0013730033827069094,0.002
533,0.0013722745328477027,0.002
534,0.001371545411923343,0.002
535,0.0013708160174173444,0.002
536,0.0013700863468116718,0.002
537,0.0013693563975823288,0.002
538,0.0013686261671982775,0.002
539,0.001367895653194529,0.002
540,0.001367164853425461,0.002
541,0.0013664337654297968,0.002
542,0.0013657023866705266,0.002
543,0.0013649707146053587,0.002
544,0.0013642387466790082,0.002
545,0.001363506480318822,0.002
546,0.0013627739129303323,0.002
547,0.0013620410419163112,0.002
548,0.0013613078646621101,0.002
549,0.001360574378536841,0.002
550,0.001359840580890055,0.002
551,0.0013591064690658225,0.002
552,0.001358372040388353,0.002
553,0.0013576372921635398,0.002
554,0.0013569022216802303,0.002
555,0.001356166826217015,0.002
556,0.001355431103032251,0.002
557,0.0013546950493643953,0.002
558,0.0013539586624370346,0.002
559,0.0013532219394586952,0.002
560,0.0013524848776172228,0.002
561,0.001351747474079581,0.002
562,0.001351009725998036,0.002
563,0.0013502716305061324,0.002
564,0.0013495331847161013,0.002
565,0.0013487943857195376,0.002
566,0.0013480552305919816,0.002
567,0.0013473157163878674,0.002
568,0.0013465758401393164,0.002
569,0.0013458355988581147,0.002
570,0.0013450949895374912,0.002
571,0.0013443540091479728,0.002
572,0.0013436126546370183,0.002
573,0.0013428709229318435,0.002
574,0.001342128810938648,0.002
575,0.0013413863155398603,0.002
576,0.0013406434335944673,0.002
577,0.0013399001619404678,0.002
578,0.0013391564973927014,0.002
579,0.0013384124367413174,0.002
580,0.0013376679767528863,0.002
581,0.0013369231141715943,0.002
582,0.0013361778457168937,0.002
583,0.0013354321680828587,0.002
584,0.0013346860773318266,0.002
585,0.001333939569151649,0.002
586,0.001333192640026623,0.002
587,0.001332445286426594,0.002
588,0.001331697504805711,0.002
589,0.0013309492916064708,0.002
590,0.0013302006432622194,0.002
591,0.0013294515561848798,0.002
592,0.0013287020267631928,0.002
593,0.001327952051371451,0.002
594,0.0013272016263631285,0.002
595,0.001326450748067625,0.002
596,0.0013256994127914155,0.002
597,0.0013249476168253724,0.002
598,0.0013241953564361098,0.002
599,0.0013234426278643885,0.002
600,0.00132268942721486,0.002
601,0.0013219357502406385,0.002
602,0.001321181593009238,0.002
603,0.001320426951598704,0.002
604,0.0013196718220688554,0.002
605,0.0013189162004624726,0.002
606,0.001318160082802113,0.002
607,0.0013174034650870557,0.002
608,0.0013166463426994238,0.002
609,0.001315888710876389,0.002
610,0.001315130565435607,0.002
611,0.001314371902209063,0.002
612,0.0013136127171406674,0.002
613,0.0013128530060322983,0.002
614,0.0013120927646365483,0.002
615,0.001311331988690909,0.002
616,0.0013105706739025798,0.002
617,0.0013098088159473084,0.002
618,0.0013090464104724595,0.002
619,0.0013082834531010885,0.002
620,0.0013075199394215716,0.002
621,0.001306755864988877,0.002
622,0.001305991225334953,0.002
623,0.0013052260159592953,0.002
624,0.0013044602323237656,0.002
625,0.001303693869854742,0.002
626,0.001302926923947713,0.002
627,0.0013021593899606749,0.002
628,0.001301391263215064,0.002
629,0.0013006225390019526,0.002
630,0.0012998532125764824,0.002
631,0.0012990832791536233,0.002
632,0.001298312733910584,0.002
633,0.0012975415719896017,0.002
634,0.0012967697884924186,0.002
635,0.0012959973784802167,0.002
636,0.0012952243369781834,0.002
637,0.0012944506589729714,0.002
638,0.0012936763394102771,0.002
639,0.001292901373197033,0.002
640,0.0012921257552026683,0.002
641,0.001291349480254643,0.002
642,0.0012905725431381204,0.002
643,0.0012897949386538176,0.002
644,0.0012890166617857204,0.002
645,0.0012882377072569772,0.002
646,0.0012874580697033035,0.002
647,0.0012866777437285665,0.002
648,0.0012858967238842062,0.002
649,0.0012851150046697343,0.002
650,0.0012843325805446733,0.002
651,0.0012835494459257455,0.002
652,0.0012827655951792906,0.002
653,0.0012819810223048415,0.002
654,0.0012811957205416402,0.002
655,0.001280409683923752,0.002
656,0.0012796229065077276,0.002
657,0.001278835382313818,0.002
658,0.0012780471053337285,0.002
659,0.0012772580695206322,0.002
660,0.0012764682687850925,0.002
661,0.0012756776969991743,0.002
662,0.0012748863479943187,0.002
663,0.0012740942155558535,0.002
664,0.0012733012934253488,0.002
665,0.001272507575304488,0.002
666,0.0012717130548483796,0.002
667,0.0012709177256641016,0.002
668,0.0012701215813144197,0.002
669,0.0012693246153139069,0.002
670,0.001268526821125671,0.002
671,0.0012677281921641926,0.002
672,0.0012669287217960705,0.002
673,0.0012661284033355553,0.002
674,0.0012653272300309042,0.002
675,0.0012645251949513644,0.002
676,0.0012637222911986796,0.002
677,0.0012629185118533054,0.002
678,0.0012621138499454222,0.002
679,0.0012613082984531973,0.002
680,0.0012605018502986074,0.002
681,0.001259694498347905,0.002
682,0.001258886235411431,0.002
683,0.0012580770542395363,0.002
684,0.0012572669475227312,0.002
685,0.0012564559078938687,0.002
686,0.0012556439279258463,0.002
687,0.0012548310001309388,0.002
688,0.001254017116963145,0.002
689,0.0012532022708169291,0.002
690,0.0012523864540241914,0.002
691,0.0012515696588543965,0.002
692,0.0012507518775143809,0.002
693,0.0012499331021457057,0.002
694,0.0012491133248245519,0.002
695,0.001248292537562519,0.002
696,0.0012474707323045372,0.002
697,0.0012466479009277656,0.002
698,0.0012458240352427382,0.002
699,0.0012449991269926448,0.002
700,0.0012441731678519453,0.002
701,0.001243346149426817,0.002
702,0.001242518063254794,0.002
703,0.0012416889008027854,0.002
704,0.0012408586534666515,0.002
705,0.001240027312571204,0.002
706,0.0012391948693684933,0.002
707,0.0012383613150370068,0.002
708,0.0012375266406819945,0.002
709,0.0012366908373344756,0.002
710,0.001235853895950088,0.002
711,0.0012350158074090902,0.002
712,0.0012341765625155608,0.002
713,0.001233336151995929,0.002
714,0.0012324945664986798,0.002
715,0.00123165179654976,0.002
716,0.0012308078318205196,0.002
717,0.0012299626623299338,0.002
718,0.0012291162783185246,0.002
719,0.0012282686699541937,0.002
720,0.00122741982732992,0.002
721,0.0012265697404613763,0.002
722,0.0012257183992838397,0.002
723,0.0012248657936530208,0.002
724,0.001224011913064156,0.002
725,0.0012231567462465407,0.002
726,0.0012223002826321234,0.002
727,0.001221442511639261,0.002
728,0.0012205834226081114,0.002
729,0.0012197230048099634,0.002
730,0.0012188612474394267,0.002
731,0.0012179981396039864,0.002
732,0.001217133670327292,0.002
733,0.0012162678285490807,0.002
734,0.0012154006031169424,0.002
735,0.0012145319827908995,0.002
736,0.0012136619562483084,0.002
737,0.0012127905120732326,0.002
738,0.0012119176387548089,0.002
739,0.001211043324691694,0.002
740,0.0012101675581846797,0.002
741,0.001209290327435661,0.002
742,0.0012084116205535332,0.002
743,0.0012075314255494975,0.002
744,0.0012066497303332502,0.002
745,0.001205766522770906,0.002
746,0.0012048817908584372,0.002
747,0.001203995522265643,0.002
748,0.001203107704512706,0.002
749,0.0012022183250234226,0.002
750,0.0012013273711016497,0.002
751,0.0012004348299333955,0.002
752,0.0011995406886044827,0.002
753,0.0011986449340799805,0.002
754,0.0011977475532048464,0.002
755,0.0011968485327207687,0.002
756,0.0011959478592506259,0.002
757,0.0011950455192952579,0.002
758,0.0011941414992458978,0.002
759,0.001193235785373107,0.002
760,0.0011923283638208353,0.002
761,0.0011914192206160471,0.002
762,0.0011905083416629604,0.002
763,0.0011895957127359908,0.002
764,0.0011886813194873277,0.002
765,0.001187765147444915,0.002
766,0.0011868471820042463,0.002
767,0.001185927408433336,0.002
768,0.00118500581187294,0.002
769,0.0011840823773282723,0.002
770,0.0011831570896724064,0.002
771,0.0011822299336479688,0.002
772,0.0011813008938591815,0.002
773,0.0011803699547736676,0.002
774,0.0011794371007247655,0.002
775,0.0011785023159042688,0.002
776,0.0011775655843629077,0.002
777,0.0011766268900126632,0.002
778,0.0011756862166202222,0.002
779,0.0011747435478064864,0.002
780,0.0011737988670489465,0.002
781,0.0011728521576762458,0.002
782,0.0011719034028672961,0.002
783,0.0011709525856535815,0.002
784,0.0011699996889146225,0.002
785,0.0011690446953764955,0.002
786,0.0011680875876134795,0.002
787,0.0011671283480439174,0.002
788,0.0011661669589280708,0.002
789,0.0011652034023693046,0.002
790,0.001164237660310514,0.002
791,0.0011632697145319043,0.002
792,0.0011622995466519584,0.002
793,0.0011613271381244739,0.002
794,0.001160352470236366,0.002
795,0.001159375524108328,0.002
796,0.0011583962806921558,0.002
797,0.0011574147207683912,0.002
798,0.0011564308244724057,0.002
799,0.001155444571488963,0.002
800,0.0011544559419636542,0.002
801,0.0011534649158727072,0.002
802,0.0011524714730253406,0.002
803,0.0011514755930757683,0.002
804,0.0011504772554988669,0.002
805,0.0011494764395897175,0.002
806,0.0011484731244733684,0.002
807,0.001147467289086655,0.002
808,0.0011464589121802954,0.002
809,0.0011454479723280934,0.002
810,0.0011444344479114043,0.002
811,0.0011434183171204104,0.002
812,0.0011423995579611006,0.002
813,0.0011413781482420941,0.002
814,0.0011403540655763127,0.002
815,0.0011393272873867002,0.002
816,0.001138297790894241,0.002
817,0.0011372655531162405,0.002
818,0.001136230550166967,0.002
819,0.0011351927579719575,0.002
820,0.001134152152823854,0.002
821,0.001133108710816644,0.002
822,0.0011320624078365506,0.002
823,0.0011310132195600832,0.002
824,0.0011299611214528734,0.002
825,0.0011289060887665497,0.002
826,0.0011278480965438691,0.002
827,0.0011267871196177209,0.002
828,0.0011257231326651847,0.002
829,0.0011246561101415898,0.002
830,0.0011235860262159365,0.002
831,0.001122512854842422,0.002
832,0.0011214365697404726,0.002
833,0.0011203571443889726,0.002
834,0.001119274552148571,0.002
835,0.0011181887663587696,0.002
836,0.0011170997598405762,0.002
837,0.001116007505172904,0.002
838,0.0011149119746785945,0.002
839,0.001113813140420554,0.002
840,0.001112710974234794,0.002
841,0.0011116054476979964,0.002
842,0.0011104965321296258,0.002
843,0.0011093841986172727,0.002
844,0.0011082684179866864,0.002
845,0.0011071491608062986,0.002
846,0.0011060263974002732,0.002
847,0.0011049000978245033,0.002
848,0.001103770231875603,0.002
849,0.001102636769093628,0.002
850,0.0011014996787458845,0.002
851,0.0011003589298393662,0.002
852,0.0010992144911152284,0.002
853,0.001098066331039487,0.002
854,0.0010969144178156432,0.002
855,0.0010957587190178746,0.002
856,0.0010945992007024338,0.002
857,0.0010934358298420636,0.002
858,0.0010922685732967785,0.002
859,0.0010910973976780277,0.002
860,0.00108992226935778,0.002
861,0.0010887431544361742,0.002
862,0.001087560018733715,0.002
863,0.0010863728277906413,0.002
864,0.0010851815468583786,0.002
865,0.0010839861409121605,0.002
866,0.001082786574644984,0.002
867,0.001081582812454089,0.002
868,0.0010803748184445893,0.002
869,0.0010791625564216076,0.002
870,0.0010779459898948615,0.002
871,0.0010767250820924378,0.002
872,0.0010754997959534795,0.002
873,0.001074270094126023,0.002
874,0.0010730359389629,0.002
875,0.0010717972925095604,0.002
876,0.0010705541161287375,0.002
877,0.0010693063705753147,0.002
878,0.0010680540168699901,0.002
879,0.0010667970157333478,0.002
880,0.0010655353275909481,0.002
881,0.0010642689125737609,0.002
882,0.0010629977305115887,0.002
883,0.0010617217409384838,0.002
884,0.0010604409030816452,0.002
885,0.001059155175857604,0.002
886,0.0010578645178770587,0.002
887,0.0010565688874371695,0.002
888,0.001055268242525039,0.002
889,0.0010539625408188323,0.002
890,0.001052651739681603,0.002
891,0.001051335796165914,0.002
892,0.0010500146664673862,0.002
893,0.0010486883059259331,0.002
894,0.0010473566704724958,0.002
895,0.001046019715758321,0.002
896,0.0010446773971403342,0.002
897,0.0010433296696741123,0.002
898,0.0010419764881022442,0.002
899,0.0010406178068540957,0.002
900,0.0010392535800504863,0.002
901,0.0010378837615047378,0.002
902,0.0010365083047261638,0.002
903,0.00103512716292355,0.002
904,0.001033740289008482,0.002
905,0.0010323476355593112,0.002
906,0.0010309491536632514,0.002
907,0.0010295447945693492,0.002
908,0.001028134509813953,0.002
909,0.0010267182509826696,0.002
910,0.001025295969232182,0.002
911,0.0010238676152539545,0.002
912,0.0010224331394504667,0.002
913,0.0010209924919368193,0.002
914,0.0010195456225609478,0.002
915,0.0010180924808995638,0.002
916,0.0010166330162434721,0.002
917,0.0010151671776093424,0.002
918,0.0010136949137331992,0.002
919,0.001012216173074357,0.002
920,0.0010107309038201733,0.002
921,0.0010092390538844736,0.002
922,0.0010077405709253827,0.002
923,0.00100623540234752,0.002
924,0.001004723495303731,0.002
925,0.0010032047967015961,0.002
926,0.0010016792532030693,0.002
927,0.0010001468112353612,0.002
928,0.0009986074169933844,0.002
929,0.0009970610164423493,0.002
930,0.0009955075553280434,0.002
931,0.0009939469791820188,0.002
932,0.0009923792333314222,0.002
933,0.000990804262903253,0.002
934,0.0009892220128279409,0.002
935,0.0009876324278485457,0.002
936,0.000986035452526981,0.002
937,0.0009844310312536616,0.002
938,0.0009828191082559396,0.002
939,0.0009811996276069966,0.002
940,0.0009795725332370766,0.002
941,0.0009779377689413144,0.002
942,0.0009762952783883292,0.002
943,0.0009746450051283675,0.002
944,0.000972986892602566,0.002
945,0.0009713208841539342,0.002
946,0.000969646923037998,0.002
947,0.0009679649524350254,0.002
948,0.0009662749154628279,0.002
949,0.0009645767551899503,0.002
950,0.0009628704146481808,0.002
951,0.0009611558368444668,0.002
952,0.0009594329647729582,0.002
953,0.0009577017414278866,0.002
954,0.0009559621098173938,0.002
955,0.0009542140129776832,0.002
956,0.000952457393988572,0.002
957,0.0009506921959891435,0.002
958,0.000948918362194304,0.002
959,0.0009471358359111348,0.002
960,0.0009453445605549581,0.002
961,0.0009435444792860008,0.002
962,0.0009417355353232787,0.002
963,0.0009399176724218824,0.002
964,0.0009380908345324946,0.002
965,0.000936254965813081,0.002
966,0.0009344100106520971,0.002
967,0.0009325559136769796,0.002
968,0.0009306926197746968,0.002
969,0.0009288200741139146,0.002
970,0.0009269382221608821,0.002
971,0.0009250470098780587,0.002
972,0.0009231463838190766,0.002
973,0.0009212362891166004,0.002
974,0.0009193166706419136,0.002
975,0.0009173874754083621,0.002
976,0.0009154486508844601,0.002
977,0.0009135001450165536,0.002
978,0.0009115419062370959,0.002
979,0.0009095738830403294,0.002
980,0.0009075960185075713,0.002
981,0.0009056082596878705,0.002
982,0.000903610556194559,0.002
983,0.0009016028584520801,0.002
984,0.0008995851177025778,0.002
985,0.0008975572858916072,0.002
986,0.0008955193156129853,0.002
987,0.0008934711586959399,0.002
988,0.0008914127663849079,0.002
989,0.0008893440932367475,0.002
990,0.0008872650948006193,0.002
991,0.000885175727500681,0.002
992,0.0008830759485828552,0.002
993,0.0008809657162582274,0.002
994,0.0008788449898077141,0.002
995,0.0008767137296133308,0.002
996,0.0008745718971058269,0.002
997,0.0008724194547656549,0.002
998,0.0008702563661856831,0.002
999,0.0008680825961223107,0.002
1000,0.0008658981105362092,0.002
1001,0.0008637028765829315,0.002
1002,0.0008614968626570377,0.002
1003,0.0008592800384125963,0.002
1004,0.0008570523748524291,0.002
1005,0.0008548138443539749,0.002
1006,0.000852564420735158,0.002
1007,0.0008503040792323226,0.002
1008,0.0008480327965603081,0.002
1009,0.0008457505509136624,0.002
1010,0.0008434573220652902,0.002
1011,0.0008411530913482851,0.002
1012,0.0008388378417448062,0.002
1013,0.0008365115578275181,0.002
1014,0.0008341742256362863,0.002
1015,0.0008318258330594616,0.002
1016,0.0008294663699654834,0.002
1017,0.000827095827967337,0.002
1018,0.000824714200647624,0.002
1019,0.0008223214833592004,0.002
1020,0.0008199176735683637,0.002
1021,0.0008175027705423127,0.002
1022,0.0008150767736731915,0.002
1023,0.000812639682380552,0.002
1024,0.000810191501830559,0.002
1025,0.000807732239028717,0.002
1026,0.0008052619038597321,0.002
1027,0.0008027805079144544,0.002
1028,0.000800288066330698,0.002
1029,0.0007977845960089802,0.002
1030,0.0007952701202824548,0.002
1031,0.0007927446667050299,0.002
1032,0.000790208276659802,0.002
1033,0.0007876610092661905,0.002
1034,0.0007851029769570925,0.002
1035,0.000782534389093204,0.002
1036,0.0007799557028017789,0.002
1037,0.0007773679352055019,0.002
1038,0.0007747732721617975,0.002
1039,0.0007721772905963933,0.002
1040,0.000769592085786926,0.002
1041,0.0007670544521639177,0.002
1042,0.0007646253952379006,0.002
1043,0.0007625750606279604,0.002
1044,0.0007611498338818731,0.002
1045,0.0007627794976446255,0.002
1046,0.0007669478414144838,0.002
1047,0.0008025575980287777,0.002
1048,0.0008072688967031833,0.002
1049,0.0009201337432643772,0.002
1050,0.0007666937480390332,0.002
1051,0.00074713753626721,0.002
1052,0.0007849856737985908,0.002
1053,0.0008026946067041407,0.002
1054,0.0009501531461700611,0.002
1055,0.0007514469951253698,0.002
1056,0.0007379916652100357,0.002
1057,0.0008178885624982432,0.002
1058,0.0007748503420709125,0.002
1059,0.0007979448287895269,0.002
1060,0.0007289280378103303,0.002
1061,0.000714541715792076,0.002
1062,0.0007274313027007852,0.002
1063,0.0007496474607212657,0.002
1064,0.0008614504717034174,0.002
1065,0.0007352259707617655,0.002
1066,0.0007081632426482822,0.002
1067,0.0007034021609999772,0.002
1068,0.0007182661469067805,0.002
1069,0.0008006834327326311,0.002
1070,0.000749416438521289,0.002
1071,0.0008032362015498135,0.002
1072,0.0007048561710142657,0.002
1073,0.0006849475404417511,0.002
1074,0.0006852583545129235,0.002
1075,0.0006983670900482777,0.002
1076,0.0007768413684178724,0.002
1077,0.0007304410027783729,0.002
1078,0.0007938487732059142,0.002
1079,0.0006827166928617169,0.002
1080,0.000665946393011418,0.002
1081,0.0006837474440246036,0.002
1082,0.0006928059142921609,0.002
1083,0.000782143201064387,0.002
1084,0.0006892087877112149,0.002
1085,0.000686306080712224,0.002
1086,0.0006540264576197695,0.002
1087,0.0006431415438235368,0.002
1088,0.0006360704269379331,0.002
1089,0.000635358581854327,0.002
1090,0.0006442417603799454,0.002
1091,0.0006562027490564364,0.002
1092,0.0007415468619763679,0.002
1093,0.0006742960928499304,0.002
1094,0.0006977910555115537,0.002
1095,0.0006267128102839482,0.002
1096,0.0006456365366522327,0.002
1097,0.000814396912286575,0.002
1098,0.0006376290649280417,0.002
1099,0.0006036226704825989,0.002
1100,0.0006037906355861857,0.002
1101,0.0006271245535483907,0.002
1102,0.0007431799769389247,0.002
1103,0.0006282640081195854,0.002
1104,0.0006073480496289669,0.002
1105,0.0005870820024620284,0.002
1106,0.000589017915830338,0.002
1107,0.000624651839775673,0.002
1108,0.0006422259706059408,0.002
1109,0.0008140314567062766,0.002
1110,0.0005902022896284843,0.002
1111,0.0006419354403145581,0.002
1112,0.0009587055201744941,0.002
1113,0.0005823663636483912,0.002
1114,0.0013731951615982452,0.002
1115,0.0036519800494000643,0.002
1116,0.0014608937165107936,0.002
1117,0.005164626694266049,0.002
1118,0.004798128723743688,0.002
1119,0.004963313064394831,0.002
1120,0.0022651258457975585,0.002
1121,0.00366931308199923,0.002
1122,0.005808048583460387,0.002
1123,0.005836017002797141,0.002
1124,0.0017209575475266988,0.002
1125,0.006014947084897035,0.002
1126,0.00595616903104053,0.002
1127,0.009856758469354477,0.002
1128,0.001974592349604823,0.002
1129,0.009554028849967436,0.002
1130,0.0018098607284319666,0.002
1131,0.008126617430108294,0.002
1132,0.0028169494817851925,0.002
1133,0.0034972170879158525,0.002
1134,0.002880390106123968,0.002
1135,0.0016678880759275593,0.002
1136,0.003405334220083033,0.002
1137,0.0020927747755777127,0.002
1138,0.001501784730932182,0.002
1139,0.0030197484164371574,0.002
1140,0.001633113771013178,0.002
1141,0.001569724921257219,0.002
1142,0.002189267381383455,0.002
1143,0.0013849621917329865,0.002
1144,0.0016366291967956212,0.002
1145,0.0018805585789557812,0.002
1146,0.0011229708366236764,0.002
1147,0.001470613690070735,0.002
1148,0.0016657248924732571,0.002
1149,0.0009243631796277665,0.002
1150,0.0013006912667308376,0.002
1151,0.0013197848475232188,0.002
1152,0.0008818656927274708,0.002
1153,0.0011461758313242962,0.002
1154,0.0010286422098864784,0.002
1155,0.0007474935962307106,0.002
1156,0.0010602567545069034,0.002
1157,0.0007583945989747332,0.002
1158,0.0007539154574660062,0.002
1159,0.0008594657027228326,0.002
1160,0.0006219236623865086,0.002
1161,0.000781376574726046,0.002
1162,0.0006024128270548125,0.002
1163,0.0006164531912210754,0.002
1164,0.0006527554091088398,0.002
1165,0.0005202496945492406,0.002
1166,0.0006730171916717827,0.002
1167,0.0005305649819095291,0.002
1168,0.0006465511605382719,0.002
1169,0.0005332832622928792,0.002
1170,0.0005778344360623122,0.002
1171,0.0005072695922739924,0.002
1172,0.000499002076165174,0.002
1173,0.0005223542643273759,0.002
1174,0.0005253486313976687,0.002
1175,0.0004415828819389971,0.002
1176,0.00045559988041683666,0.002
1177,0.0004536469536688452,0.002
1178,0.0004705694425003775,0.002
1179,0.0004338834120885345,0.002
1180,0.0004259084393481142,0.002
1181,0.00042384575925606476,0.002
1182,0.00044399672547724723,0.002
1183,0.00042369457200489626,0.002
1184,0.0004056578713218871,0.002
1185,0.00041624779713807177,0.002
1186,0.000408988825232246,0.002
1187,0.0004087353750442431,0.002
1188,0.00039052699216957825,0.002
1189,0.0003976970452690198,0.002
1190,0.0003886558068135501,0.002
1191,0.00038939835461107385,0.002
1192,0.0003801977507402914,0.002
1193,0.00037241922174367233,0.002
1194,0.00037502152340824547,0.002
1195,0.00037013646429115784,0.002
1196,0.00036780232087841024,0.002
1197,0.0003588212731012989,0.002
1198,0.0003594472809453244,0.002
1199,0.00035607894642171743,0.002
1200,0.0003534567196859651,0.002
1201,0.0003487544840615477,0.002
1202,0.00034492633686174023,0.002
1203,0.0003448439529649574,0.002
1204,0.00034062385380322936,0.002
1205,0.0003381001136243993,0.002
1206,0.0003336199539409426,0.002
1207,0.0003327387408776238,0.002
1208,0.0003302549860878641,0.002
1209,0.0003270121948264726,0.002
1210,0.00032458760155862847,0.002
1211,0.000321381996691099,0.002
1212,0.00032017860947474716,0.002
1213,0.00031714245681758974,0.002
1214,0.00031487084750946693,0.002
1215,0.0003120754390550276,0.002
1216,0.0003100976570563447,0.002
1217,0.0003081972788133602,0.002
1218,0.00030538008245635826,0.002
1219,0.0003032716035904548,0.002
1220,0.00030085686929902703,0.002
1221,0.0002990497353358975,0.002
1222,0.0002967778009268377,0.002
1223,0.0002944483932995218,0.002
1224,0.000292374115568136,0.002
1225,0.0002901994334229586,0.002
1226,0.00028834596223904795,0.002
1227,0.0002860481404539663,0.002
1228,0.00028399834147274205,0.002
1229,0.0002819681212509935,0.002
1230,0.00027997483400266803,0.002
1231,0.0002780328732987601,0.002
1232,0.00027588803981994336,0.002
1233,0.0002739752417123491,0.002
1234,0.0002719968623779702,0.002
1235,0.00027010085266671545,0.002
1236,0.00026815420260546875,0.002
1237,0.00026616867886562046,0.002
1238,0.0002643271199299418,0.002
1239,0.00026242254526298234,0.002
1240,0.00026057820898126943,0.002
1241,0.00025868350539615906,0.002
1242,0.00025682214153202924,0.002
1243,0.00025502597785043477,0.002
1244,0.00025319193474809717,0.002
1245,0.00025139935065107054,0.002
1246,0.00024957819021539327,0.002
1247,0.0002478015286710476,0.002
1248,0.00024605107592024064,0.002
1249,0.0002442817027762179,0.002
1250,0.00024254168668869753,0.002
1251,0.0002407930480691817,0.002
1252,0.00023908242313797426,0.002
1253,0.00023737824062619717,0.002
1254,0.00023567056871839128,0.002
1255,0.0002339858880950669,0.002
1256,0.0002323022084600864,0.002
1257,0.00023064570593927383,0.002
1258,0.00022899111112286693,0.002
1259,0.00022734239623003615,0.002
1260,0.0002257114746009216,0.002
1261,0.0002240868155006796,0.002
1262,0.00022248130821304925,0.002
1263,0.00022087791547317287,0.002
1264,0.00021928523749554263,0.002
1265,0.00021770676712386993,0.002
1266,0.00021613620817461545,0.002
1267,0.00021457986509909285,0.002
1268,0.00021302795838690227,0.002
1269,0.00021148822874581612,0.002
1270,0.00020996027766138147,0.002
1271,0.00020844078376255107,0.002
1272,0.00020693294017303947,0.002
1273,0.0002054315602147552,0.002
1274,0.00020394217366636426,0.002
1275,0.00020246292157264037,0.002
1276,0.00020099240369198415,0.002
1277,0.000199532232362113,0.002
1278,0.0001980798993598343,0.002
1279,0.00019663877316692928,0.002
1280,0.00019520680596740822,0.002
1281,0.00019378363469685125,0.002
1282,0.00019237012208629426,0.002
1283,0.00019096504609661085,0.002
1284,0.00018957024459272982,0.002
1285,0.00018818403351191298,0.002
1286,0.0001868066719167284,0.002
1287,0.00018543839215695872,0.002
1288,0.00018407876848115781,0.002
1289,0.0001827286626384936,0.002
1290,0.00018138688389025712,0.002
1291,0.00018005391456807037,0.002
1292,0.00017872968254274037,0.002
1293,0.00017741406204056087,0.002
1294,0.00017610735568924577,0.002
1295,0.00017480885833817092,0.002
1296,0.0001735189751191008,0.002
1297,0.00017223753381314839,0.002
1298,0.000170964528833191,0.002
1299,0.0001696999867220409,0.002
1300,0.00016844355336222,0.002
1301,0.00016719552230240982,0.002
1302,0.00016595570748081814,0.002
1303,0.00016472413359401223,0.002
1304,0.0001635007294508735,0.002
1305,0.00016228531531868915,0.002
1306,0.00016107805673679014,0.002
1307,0.000159878782547165,0.002
1308,0.00015868751744415796,0.002
1309,0.00015750416114254526,0.002
1310,0.00015632865298128402,0.002
1311,0.0001551610590796484,0.002
1312,0.00015400126281080143,0.002
1313,0.00015284926937777257,0.002
1314,0.00015170498359999682,0.002
1315,0.00015056839437971984,0.002
1316,0.00014943949184987598,0.002
1317,0.00014831817439897187,0.002
1318,0.00014720441322933542,0.002
1319,0.00014609809145832512,0.002
1320,0.0001449991788641166,0.002
1321,0.00014390761353976105,0.002
1322,0.0001428233158172272,0.002
1323,0.0001417462437176052,0.002
1324,0.00014067632629293758,0.002
1325,0.00013961353910493302,0.002
1326,0.00013855783316412995,0.002
1327,0.00013750916351295026,0.002
1328,0.00013646746887668559,0.002
1329,0.00013543268510919952,0.002
1330,0.000134404773780911,0.002
1331,0.00013338369145341023,0.002
1332,0.0001323694038053705,0.002
1333,0.00013136186721576858,0.002
1334,0.0001303610532377065,0.002
1335,0.00012936692797768925,0.002
1336,0.0001283794507433011,0.002
1337,0.00012739859639091,0.002
1338,0.0001264243183224486,0.002
1339,0.00012545656494493304,0.002
1340,0.0001244952982211365,0.002
1341,0.00012354049212650014,0.002
1342,0.00012259211271288575,0.002
1343,0.00012165012192247727,0.002
1344,0.00012071450135822727,0.002
1345,0.0001197852088294192,0.002
1346,0.00011886221352325953,0.002
1347,0.00011794548182632939,0.002
1348,0.00011703499226442743,0.002
1349,0.0001161307190709441,0.002
1350,0.00011523260894642404,0.002
1351,0.00011434063090705885,0.002
1352,0.00011345475553054915,0.002
1353,0.0001125749637779669,0.002
1354,0.00011170122576826282,0.002
1355,0.00011083351241018153,0.002
1356,0.00010997179535860036,0.002
1357,0.00010911605151841202,0.002
1358,0.00010826626201221594,0.002
1359,0.00010742240136726199,0.002
1360,0.00010658442405307025,0.002
1361,0.00010575227971298021,0.002
1362,0.00010492594118289302,0.002
1363,0.00010410538251867919,0.002
1364,0.00010329058090600946,0.002
1365,0.00010248151061773021,0.002
1366,0.00010167815008877858,0.002
1367,0.00010088047598928859,0.002
1368,0.00010008846250738167,0.002
1369,9.930209122307208e-05,0.002
1370,9.852132885229659e-05,0.002
1371,9.774613146043464e-05,0.002
1372,9.697646929676478e-05,0.002
1373,9.621231578597307e-05,0.002
1374,9.545364084120818e-05,0.002
1375,9.470041123388489e-05,0.002
1376,9.39525962202947e-05,0.002
1377,9.321017031429215e-05,0.002
1378,9.247311136312877e-05,0.002
1379,9.174139762091453e-05,0.002
1380,9.101500296476971e-05,0.002
1381,9.029387752704048e-05,0.002
1382,8.957799227362853e-05,0.002
1383,8.886732052948422e-05,0.002
1384,8.816183850764423e-05,0.002
1385,8.746152445596853e-05,0.002
1386,8.676635700414494e-05,0.002
1387,8.607631505095387e-05,0.002
1388,8.539137739403194e-05,0.002
1389,8.471151978691302e-05,0.002
1390,8.403670664120287e-05,0.002
1391,8.336688293571509e-05,0.002
1392,8.270202273088755e-05,0.002
1393,8.204210283964865e-05,0.002
1394,8.138710045985454e-05,0.002
1395,8.073699030100962e-05,0.002
1396,8.009174827944285e-05,0.002
1397,7.94513511532407e-05,0.002
1398,7.881577152558079e-05,0.002
1399,7.818498597457836e-05,0.002
1400,7.755896349146817e-05,0.002
1401,7.693765950755416e-05,0.002
1402,7.632104957354892e-05,0.002
1403,7.570911119369138e-05,0.002
1404,7.510182202648105e-05,0.002
1405,7.449915495885076e-05,0.002
1406,7.39010787015314e-05,0.002
1407,7.330756486080866e-05,0.002
1408,7.271858993564214e-05,0.002
1409,7.213413136646644e-05,0.002
1410,7.155415831720632e-05,0.002
1411,7.09786296718257e-05,0.002
1412,7.040752203949711e-05,0.002
1413,6.984081252589762e-05,0.002
1414,6.927847835273696e-05,0.002
1415,6.872049657614768e-05,0.002
1416,6.816684268050883e-05,0.002
1417,6.761749029024775e-05,0.002
1418,6.707241261640546e-05,0.002
1419,6.653158489737714e-05,0.002
1420,6.599497021866864e-05,0.002
1421,6.546252130995482e-05,0.002
1422,6.493421446571137e-05,0.002
1423,6.441002670869064e-05,0.002
1424,6.388993513766066e-05,0.002
1425,6.337391622774997e-05,0.002
1426,6.286194577729172e-05,0.002
1427,6.23540017734113e-05,0.002
1428,6.185005995690791e-05,0.002
1429,6.13500982525769e-05,0.002
1430,6.085407884070737e-05,0.002
1431,6.036196311346825e-05,0.002
1432,5.98737281762462e-05,0.002
1433,5.93893509961891e-05,0.002
1434,5.890880925847943e-05,0.002
1435,5.843207972603908e-05,0.002
1436,5.7959130213153294e-05,0.002
1437,5.748993452358752e-05,0.002
1438,5.7024468830959835e-05,0.002
1439,5.656270621672221e-05,0.002
1440,5.610460866502036e-05,0.002
1441,5.5650141109813596e-05,0.002
1442,5.519928107807347e-05,0.002
1443,5.4752006176893205e-05,0.002
1444,5.4308294633328e-05,0.002
1445,5.386812497777214e-05,0.002
1446,5.343147669000284e-05,0.002
1447,5.299832952630528e-05,0.002
1448,5.256866286593312e-05,0.002
1449,5.214245486791508e-05,0.002
1450,5.1719671722336964e-05,0.002
1451,5.1300278807962096e-05,0.002
1452,5.0884247314074435e-05,0.002
1453,5.0471550465505994e-05,0.002
1454,5.0062166247207504e-05,0.002
1455,4.965607377621815e-05,0.002
1456,4.9253252579087864e-05,0.002
1457,4.885368249514831e-05,0.002
1458,4.8457343823802505e-05,0.002
1459,4.806421719336827e-05,0.002
1460,4.767427304532461e-05,0.002
1461,4.7287478661106245e-05,0.002
1462,4.690381235728648e-05,0.002
1463,4.652325358937261e-05,0.002
1464,4.614578275983376e-05,0.002
1465,4.577138062447885e-05,0.002
1466,4.540002812058834e-05,0.002
1467,4.50317025962422e-05,0.002
1468,4.466637865777386e-05,0.002
1469,4.430403412298964e-05,0.002
1470,4.394464276792474e-05,0.002
1471,4.3588170392766984e-05,0.002
1472,4.323459656241063e-05,0.002
1473,4.2883901773746546e-05,0.002
1474,4.253606707252493e-05,0.002
1475,4.219107381076292e-05,0.002
1476,4.184890378379682e-05,0.002
1477,4.150953816498316e-05,0.002
1478,4.117295838359563e-05,0.002
1479,4.083914673552409e-05,0.002
1480,4.050808437896863e-05,0.002
1481,4.0179738630753663e-05,0.002
1482,3.985408547437601e-05,0.002
1483,3.9531106027741584e-05,0.002
1484,3.921077655418429e-05,0.002
1485,3.889307579680784e-05,0.002
1486,3.8577983722613676e-05,0.002
1487,3.826548247221765e-05,0.002
1488,3.7955550791979664e-05,0.002
1489,3.7648169407532134e-05,0.002
1490,3.7343321011538e-05,0.002
1491,3.7040982223548594e-05,0.002
1492,3.674112339992565e-05,0.002
1493,3.644372670324922e-05,0.002
1494,3.614877473624602e-05,0.002
1495,3.585624976318344e-05,0.002
1496,3.556613474386307e-05,0.002
1497,3.527841254476831e-05,0.002
1498,3.499306544746211e-05,0.002
1499,3.4710077460345685e-05,0.002
1500,3.4429431853700266e-05,0.002
1501,3.415110752985518e-05,0.002
1502,3.3875074937956173e-05,0.002
1503,3.360130973255702e-05,0.002
1504,3.33297951481973e-05,0.002
1505,3.306051479388286e-05,0.002
1506,3.279345285510766e-05,0.002
1507,3.252859379789787e-05,0.002
1508,3.226592245317828e-05,0.002
1509,3.2005423775184977e-05,0.002
1510,3.174708303599953e-05,0.002
1511,3.149088567652074e-05,0.002
1512,3.123681724859111e-05,0.002
1513,3.0984853507723814e-05,0.002
1514,3.0734972577324585e-05,0.002
1515,3.0487157480902167e-05,0.002
1516,3.0241393296734194e-05,0.002
1517,2.9997664933673685e-05,0.002
1518,2.975595340503691e-05,0.002
1519,2.9516241104169412e-05,0.002
1520,2.9278512688881742e-05,0.002
1521,2.9042754137943276e-05,0.002
1522,2.8808951528187697e-05,0.002
1523,2.8577091359783238e-05,0.002
1524,2.8347153954030806e-05,0.002
1525,2.81191167926868e-05,0.002
1526,2.7892965785900204e-05,0.002
1527,2.7668687179874405e-05,0.002
1528,2.7446267560466138e-05,0.002
1529,2.722569376510625e-05,0.002
1530,2.7006952893080985e-05,0.002
1531,2.6790031975326666e-05,0.002
1532,2.657491708860684e-05,0.002
1533,2.6361595421170722e-05,0.002
1534,2.6150054711843023e-05,0.002
1535,2.594027925097096e-05,0.002
1536,2.5732242779215612e-05,0.002
1537,2.5525926618510756e-05,0.002
1538,2.5321317391223255e-05,0.002
1539,2.511840212195096e-05,0.002
1540,2.4917168260619524e-05,0.002
1541,2.4717603413228625e-05,0.002
1542,2.4519695537582997e-05,0.002
1543,2.4323432696745358e-05,0.002
1544,2.4128800131615857e-05,0.002
1545,2.39357837222223e-05,0.002
1546,2.374437159846825e-05,0.002
1547,2.3554550608255216e-05,0.002
1548,2.3366299985888682e-05,0.002
1549,2.3179606246307905e-05,0.002
1550,2.2994456856991752e-05,0.002
1551,2.2810839594747394e-05,0.002
1552,2.2628743019728214e-05,0.002
1553,2.2448153617391756e-05,0.002
1554,2.2269057378196978e-05,0.002
1555,2.2091441220265496e-05,0.002
1556,2.1915293892352562e-05,0.002
1557,2.1740604607185164e-05,0.002
1558,2.1567362815677992e-05,0.002
1559,2.1395557352324044e-05,0.002
1560,2.1225169794426458e-05,0.002
1561,2.1056186627684857e-05,0.002
1562,2.088859680638388e-05,0.002
1563,2.0722389711203005e-05,0.002
1564,2.0557555234876563e-05,0.002
1565,2.0394083167995956e-05,0.002
1566,2.0231963665642357e-05,0.002
1567,2.007118690820787e-05,0.002
1568,1.99117434656033e-05,0.002
1569,1.975362377161665e-05,0.002
1570,1.959681747693927e-05,0.002
1571,1.944131461677091e-05,0.002
1572,1.928709971246823e-05,0.002
1573,1.913415491581187e-05,0.002
1574,1.8982468573254994e-05,0.002
1575,1.8832030683108335e-05,0.002
1576,1.868283179268499e-05,0.002
1577,1.853486243202785e-05,0.002
1578,1.8388113536164554e-05,0.002
1579,1.824257602841387e-05,0.002
1580,1.809824117766875e-05,0.002
1581,1.7955100251209505e-05,0.002
1582,1.7813144797186503e-05,0.002
1583,1.7672366361704394e-05,0.002
1584,1.7532756720811156e-05,0.002
1585,1.7394304869971892e-05,0.002
1586,1.725699632773403e-05,0.002
1587,1.7120822329029525e-05,0.002
1588,1.6985774381654165e-05,0.002
1589,1.685184424865674e-05,0.002
1590,1.6719022564723544e-05,0.002
1591,1.6587297522879552e-05,0.002
1592,1.6456659773961088e-05,0.002
1593,1.632709963087586e-05,0.002
1594,1.6198608393732698e-05,0.002
1595,1.6071178098951584e-05,0.002
1596,1.5944800979688434e-05,0.002
1597,1.5819469385469717e-05,0.002
1598,1.5695175303276305e-05,0.002
1599,1.5571905178544756e-05,0.002
1600,1.544964597776994e-05,0.002
1601,1.5328388116161286e-05,0.002
1602,1.5208123345210487e-05,0.002
1603,1.5088843949922378e-05,0.002
1604,1.4970542594786471e-05,0.002
1605,1.4853212143356313e-05,0.002
1606,1.473684539900948e-05,0.002
1607,1.4621435142667802e-05,0.002
1608,1.450697419613514e-05,0.002
1609,1.4393455621176171e-05,0.002
1610,1.4280871567277218e-05,0.002
1611,1.4169213141633755e-05,0.002
1612,1.405847184818229e-05,0.002
1613,1.39486339121291e-05,0.002
1614,1.3839690454155182e-05,0.002
1615,1.3731634231940915e-05,0.002
1616,1.3624458258249534e-05,0.002
1617,1.3518155717471845e-05,0.002
1618,1.3412720036749364e-05,0.002
1619,1.3308144739711795e-05,0.002
1620,1.320442349496815e-05,0.002
1621,1.3101550012037216e-05,0.002
1622,1.2999518134985465e-05,0.002
1623,1.289832178304376e-05,0.002
1624,1.2797955023687246e-05,0.002
1625,1.2698411989195246e-05,0.002
1626,1.2599686906911904e-05,0.002
1627,1.2501770735640738e-05,0.002
1628,1.240465394560334e-05,0.002
1629,1.2308330407267392e-05,0.002
1630,1.2212793800930377e-05,0.002
1631,1.2118036135218375e-05,0.002
1632,1.2024051151498341e-05,0.002
1633,1.1930832832596026e-05,0.002
1634,1.1838373896807318e-05,0.002
1635,1.1746667566812519e-05,0.002
1636,1.1655708125889023e-05,0.002
1637,1.1565489980580906e-05,0.002
1638,1.1476007705124528e-05,0.002
1639,1.1387255902919612e-05,0.002
1640,1.1299229313422448e-05,0.002
1641,1.1211922673290068e-05,0.002
1642,1.1125327984363231e-05,0.002
1643,1.1039437075272028e-05,0.002
1644,1.0954244556109466e-05,0.002
1645,1.0869745166785204e-05,0.002
1646,1.0785933750447638e-05,0.002
1647,1.0702805241898914e-05,0.002
1648,1.0620354647804013e-05,0.002
1649,1.0538577056736366e-05,0.002
1650,1.0457467630344629e-05,0.002
1651,1.0377021267930467e-05,0.002
1652,1.0297231346205056e-05,0.002
1653,1.0218092767820399e-05,0.002
1654,1.0139600791182636e-05,0.002
1655,1.0061750134557808e-05,0.002
1656,9.984535240518107e-06,0.002
1657,9.907951053005465e-06,0.002
1658,9.83198633310779e-06,0.002
1659,9.756633121032856e-06,0.002
1660,9.68188620664906e-06,0.002
1661,9.607740399249294e-06,0.002
1662,9.534190982325063e-06,0.002
1663,9.461233243434842e-06,0.002
1664,9.388862787184442e-06,0.002
1665,9.317075052921495e-06,0.002
1666,9.245865680916791e-06,0.002
1667,9.175230208573103e-06,0.002
1668,9.10516443670614e-06,0.002
1669,9.035664174169458e-06,0.002
1670,8.966725446999695e-06,0.002
1671,8.898344245873557e-06,0.002
1672,8.830516650298297e-06,0.002
1673,8.763238123352996e-06,0.002
1674,8.696500496949442e-06,0.002
1675,8.630297624751879e-06,0.002
1676,8.564625286681985e-06,0.002
1677,8.49947922820525e-06,0.002
1678,8.43485441067318e-06,0.002
1679,8.370746644971347e-06,0.002
1680,8.307151885456357e-06,0.002
1681,8.244066318453724e-06,0.002
1682,8.18148610606824e-06,0.002
1683,8.119407346237743e-06,0.002
1684,8.057825722363739e-06,0.002
1685,7.996737641087634e-06,0.002
1686,7.936139454750084e-06,0.002
1687,7.876027666861705e-06,0.002
1688,7.816398769259886e-06,0.002
1689,7.757249350788937e-06,0.002
1690,7.698575961548432e-06,0.002
1691,7.64037281493017e-06,0.002
1692,7.582635044391659e-06,0.002
1693,7.525359194236729e-06,0.002
1694,7.468541785621093e-06,0.002
1695,7.4121794577240584e-06,0.002
1696,7.356268174856062e-06,0.002
1697,7.300803545024946e-06,0.002
1698,7.245782195265857e-06,0.002
1699,7.191200854454915e-06,0.002
1700,7.13705627855663e-06,0.002
1701,7.083344594251794e-06,0.002
1702,7.030062208841317e-06,0.002
1703,6.977206015532634e-06,0.002
1704,6.9247729046669835e-06,0.002
1705,6.8727598421245506e-06,0.002
1706,6.821163833994524e-06,0.002
1707,6.769981914975239e-06,0.002
1708,6.719210882857156e-06,0.002
1709,6.668845210162583e-06,0.002
1710,6.6188807674592685e-06,0.002
1711,6.5693143819959866e-06,0.002
1712,6.520143030258994e-06,0.002
1713,6.471363761959371e-06,0.002
1714,6.422973661299423e-06,0.002
1715,6.374969900242198e-06,0.002
1716,6.327349659090613e-06,0.002
1717,6.280110204932897e-06,0.002
1718,6.233248800177873e-06,0.002
1719,6.186762663639895e-06,0.002
1720,6.140647952803779e-06,0.002
1721,6.0949009355488905e-06,0.002
1722,6.049516733596395e-06,0.002
1723,6.004492265182772e-06,0.002
1724,5.959824607835183e-06,0.002
1725,5.915510639123079e-06,0.002
1726,5.8715470647166145e-06,0.002
1727,5.827930241393899e-06,0.002
1728,5.784655669854668e-06,0.002
1729,5.741720612137489e-06,0.002
1730,5.699122283642144e-06,0.002
1731,5.6568580344317175e-06,0.002
1732,5.614925237474426e-06,0.002
1733,5.573321398203957e-06,0.002
1734,5.532044082006124e-06,0.002
1735,5.4910909107471645e-06,0.002
1736,5.450459543337494e-06,0.002
1737,5.410147485650831e-06,0.002
1738,5.370151923022613e-06,0.002
1739,5.330470427669627e-06,0.002
1740,5.291100745837449e-06,0.002
1741,5.252040650614644e-06,0.002
1742,5.213287949292272e-06,0.002
1743,5.174840472077777e-06,0.002
1744,5.136695888822131e-06,0.002
1745,5.098851111169023e-06,0.002
1746,5.061303641649454e-06,0.002
1747,5.024049510689689e-06,0.002
1748,4.987086002690722e-06,0.002
1749,4.950410902456163e-06,0.002
1750,4.914021976580027e-06,0.002
1751,4.8779165257199755e-06,0.002
1752,4.842092182821492e-06,0.002
1753,4.806546836365497e-06,0.002
1754,4.771278423016403e-06,0.002
1755,4.7362849203363595e-06,0.002
1756,4.701564343694948e-06,0.002
1757,4.667114740567205e-06,0.002
1758,4.632934188241953e-06,0.002
1759,4.5990207922102145e-06,0.002
1760,4.5653726848580105e-06,0.002
1761,4.5319880249718625e-06,0.002
1762,4.498864994834374e-06,0.002
1763,4.466001798979999e-06,0.002
1764,4.4333966609412e-06,0.002
1765,4.4010478227385695e-06,0.002
1766,4.368953532032244e-06,0.002
1767,4.337110864569796e-06,0.002
1768,4.305516552244239e-06,0.002
1769,4.274168752361207e-06,0.002
1770,4.243065377542646e-06,0.002
1771,4.21220381765051e-06,0.002
1772,4.181582169125744e-06,0.002
1773,4.151198596881403e-06,0.002
1774,4.121051352929921e-06,0.002
1775,4.091138675705073e-06,0.002
1776,4.061458885811995e-06,0.002
1777,4.032010181127524e-06,0.002
1778,4.002790408426284e-06,0.002
1779,3.97379779358098e-06,0.002
1780,3.94503072909883e-06,0.002
1781,3.916487568081071e-06,0.002
1782,3.888166742115773e-06,0.002
1783,3.860066670129656e-06,0.002
1784,3.832185812249276e-06,0.002
1785,3.8045226439741203e-06,0.002
1786,3.777075650702221e-06,0.002
1787,3.749843352690963e-06,0.002
1788,3.722824151341692e-06,0.002
1789,3.696015333759075e-06,0.002
1790,3.669414946665024e-06,0.002
1791,3.643021496756796e-06,0.002
1792,3.616833390481997e-06,0.002
1793,3.59084781434619e-06,0.002
1794,3.565062335281021e-06,0.002
1795,3.5394752185153326e-06,0.002
1796,3.5140847856970286e-06,0.002
1797,3.4888891391287586e-06,0.002
1798,3.463885964366473e-06,0.002
1799,3.4390737548368284e-06,0.002
1800,3.4144510668652385e-06,0.002
1801,3.390016383554213e-06,0.002
1802,3.3657682100580935e-06,0.002
1803,3.341705071581411e-06,0.002
1804,3.3178255848044114e-06,0.002
1805,3.2941284057129963e-06,0.002
1806,3.2706118346035563e-06,0.002
1807,3.2472744594633897e-06,0.002
1808,3.2241149778134788e-06,0.002
1809,3.2011320860818313e-06,0.002
1810,3.178324493180135e-06,0.002
1811,3.1556906394644736e-06,0.002
1812,3.1332282004112495e-06,0.002
1813,3.1109357721229044e-06,0.002
1814,3.0888121245858735e-06,0.002
1815,3.066855996188453e-06,0.002
1816,3.04506619507467e-06,0.002
1817,3.0234414894660593e-06,0.002
1818,3.001980705394842e-06,0.002
1819,2.980682665267763e-06,0.002
1820,2.959546234680148e-06,0.002
1821,2.938570302339911e-06,0.002
1822,2.917753767516221e-06,0.002
1823,2.897095555935328e-06,0.002
1824,2.8765945811076853e-06,0.002
1825,2.8562497859748773e-06,0.002
1826,2.8360598063539775e-06,0.002
1827,2.816023150316128e-06,0.002
1828,2.796138728998408e-06,0.002
1829,2.7764054933171098e-06,0.002
1830,2.756822384831578e-06,0.002
1831,2.7373882339219486e-06,0.002
1832,2.718101771031368e-06,0.002
1833,2.698961950068579e-06,0.002
1834,2.6799677457869706e-06,0.002
1835,2.6611177685966647e-06,0.002
1836,2.6424097471180906e-06,0.002
1837,2.6238424513211607e-06,0.002
1838,2.6054147970999565e-06,0.002
1839,2.5871257310682455e-06,0.002
1840,2.568974222334845e-06,0.002
1841,2.5509592607093505e-06,0.002
1842,2.533079855681389e-06,0.002
1843,2.5153350356961226e-06,0.002
1844,2.497723847271778e-06,0.002
1845,2.4802453537386564e-06,0.002
1846,2.462898633709393e-06,0.002
1847,2.445682779553314e-06,0.002
1848,2.4285968961494552e-06,0.002
1849,2.4116401000067103e-06,0.002
1850,2.3948115186660643e-06,0.002
1851,2.3781102901879253e-06,0.002
1852,2.3615355625532444e-06,0.002
1853,2.345086492934118e-06,0.002
1854,2.3287622469010915e-06,0.002
1855,2.312561997709197e-06,0.002
1856,2.2964847038291835e-06,0.002
1857,2.2805291422359957e-06,0.002
1858,2.2646944594832056e-06,0.002
1859,2.2489798145083466e-06,0.002
1860,2.2333843483882804e-06,0.002
1861,2.217906560311156e-06,0.002
1862,2.2025452848720065e-06,0.002
1863,2.18729965807912e-06,0.002
1864,2.172168829963518e-06,0.002
1865,2.1571519667561064e-06,0.002
1866,2.142248016091937e-06,0.002
1867,2.127455732091038e-06,0.002
1868,2.112774211017817e-06,0.002
1869,2.0982026267204876e-06,0.002
1870,2.0837401790999145e-06,0.002
1871,2.0693860720724543e-06,0.002
1872,2.055139539489184e-06,0.002
1873,2.0409998155778525e-06,0.002
1874,2.0269661573396007e-06,0.002
1875,2.013037826152024e-06,0.002
1876,1.999214095479418e-06,0.002
1877,1.9854935800978296e-06,0.002
1878,1.9718747580328927e-06,0.002
1879,1.9583567186821297e-06,0.002
1880,1.9449385692971322e-06,0.002
1881,1.931619499983295e-06,0.002
1882,1.9183987807580893e-06,0.002
1883,1.905275743789207e-06,0.002
1884,1.892249738949715e-06,0.002
1885,1.8793200960549707e-06,0.002
1886,1.8664861197955848e-06,0.002
1887,1.8537470625830176e-06,0.002
1888,1.8411013882645136e-06,0.002
1889,1.8285479152903574e-06,0.002
1890,1.816085916767936e-06,0.002
1891,1.8037147060847077e-06,0.002
1892,1.7914336315615486e-06,0.002
1893,1.7792420476317451e-06,0.002
1894,1.7671393035125542e-06,0.002
1895,1.755124746321631e-06,0.002
1896,1.7431977234962971e-06,0.002
1897,1.7313576036365452e-06,0.002
1898,1.7196037749634669e-06,0.002
1899,1.7079356505131422e-06,0.002
1900,1.6963524738865507e-06,0.002
1901,1.684853521799159e-06,0.002
1902,1.6734382222482426e-06,0.002
1903,1.6621059734705494e-06,0.002
1904,1.650856042129998e-06,0.002
1905,1.6396877697508322e-06,0.002
1906,1.628600575877218e-06,0.002
1907,1.6175939089367262e-06,0.002
1908,1.6066672268543739e-06,0.002
1909,1.5958200014579571e-06,0.002
1910,1.5850517067497307e-06,0.002
1911,1.574361816002248e-06,0.002
1912,1.5637498074493377e-06,0.002
1913,1.5532151602110109e-06,0.002
1914,1.5427573660546588e-06,0.002
1915,1.5323759230983807e-06,0.002
1916,1.522070248654768e-06,0.002
1917,1.5118393383242299e-06,0.002
1918,1.501682583303959e-06,0.002
1919,1.491599468889029e-06,0.002
1920,1.4815894659193382e-06,0.002
1921,1.4716520764206722e-06,0.002
1922,1.4617866947257748e-06,0.002
1923,1.4519925587803015e-06,0.002
1924,1.4422691351251543e-06,0.002
1925,1.4326159307080565e-06,0.002
1926,1.423032455762852e-06,0.002
1927,1.4135182296131088e-06,0.002
1928,1.4040727843108429e-06,0.002
1929,1.3946956482429928e-06,0.002
1930,1.385386366793355e-06,0.002
1931,1.3761444818019955e-06,0.002
1932,1.3669695492252256e-06,0.002
1933,1.3578611278693555e-06,0.002
1934,1.3488187828327948e-06,0.002
1935,1.3398420358679375e-06,0.002
1936,1.3309302632934355e-06,0.002
1937,1.3220830041528886e-06,0.002
1938,1.3132998254993862e-06,0.002
1939,1.3045802968643938e-06,0.002
1940,1.2959239954546933e-06,0.002
1941,1.287330505440399e-06,0.002
1942,1.27879941408535e-06,0.002
1943,1.270330316467132e-06,0.002
1944,1.261922750003985e-06,0.002
1945,1.2535761598291518e-06,0.002
1946,1.2452901315918317e-06,0.002
1947,1.237064039014411e-06,0.002
1948,1.2288971407594298e-06,0.002
1949,1.220788996182175e-06,0.002
1950,1.212739187569896e-06,0.002
1951,1.2047472929335744e-06,0.002
1952,1.1968129108805017e-06,0.002
1953,1.1889356391495987e-06,0.002
1954,1.181115086066919e-06,0.002
1955,1.1733508675590047e-06,0.002
1956,1.1656426008687003e-06,0.002
1957,1.1579899155150828e-06,0.002
1958,1.1503923430232594e-06,0.002
1959,1.1428493045573064e-06,0.002
1960,1.1353604065838294e-06,0.002
1961,1.1279252778282143e-06,0.002
1962,1.120543544952189e-06,0.002
1963,1.1132148463720726e-06,0.002
1964,1.1059388249906435e-06,0.002
1965,1.0987151273173168e-06,0.002
1966,1.0915434088832169e-06,0.002
1967,1.0844233241781315e-06,0.002
1968,1.077354536382445e-06,0.002
1969,1.0703367088063596e-06,0.002
1970,1.0633695101614097e-06,0.002
1971,1.056452612976487e-06,0.002
1972,1.0495856916568562e-06,0.002
1973,1.042768341693427e-06,0.002
1974,1.0360001022655555e-06,0.002
1975,1.0292806497042402e-06,0.002
1976,1.0226096559423192e-06,0.002
1977,1.0159867952610256e-06,0.002
1978,1.0094117563727247e-06,0.002
1979,1.002884210949091e-06,0.002
1980,9.964035938435922e-07,0.002
1981,9.899689921977926e-07,0.002
1982,9.835796214577894e-07,0.002
1983,9.772350142862648e-07,0.002
1984,9.70934710796649e-07,0.002
1985,9.64678302491946e-07,0.002
1986,9.584654018381615e-07,0.002
1987,9.522956005986188e-07,0.002
1988,9.461685771463093e-07,0.002
1989,9.400840345823733e-07,0.002
1990,9.340416628580949e-07,0.002
1991,9.280411256539112e-07,0.002
1992,9.22082088472483e-07,0.002
1993,9.161642215944492e-07,0.002
1994,9.102872209667777e-07,0.002
1995,9.044508088390228e-07,0.002
1996,8.986547214474747e-07,0.002
1997,8.928985675764724e-07,0.002
1998,8.871819881172047e-07,0.002
1999,8.815047162966918e-07,0.002
2000,8.75866474651578e-07,0.002
2001,8.70266987175556e-07,0.002
2002,8.647059882419039e-07,0.002
2003,8.591832113974992e-07,0.002
2004,8.53698409860506e-07,0.002
2005,8.482513369830356e-07,0.002
2006,8.42841755579336e-07,0.002
2007,8.374694300430364e-07,0.002
2008,8.321341217853867e-07,0.002
2009,8.268355971517799e-07,0.002
2010,8.215736183150818e-07,0.002
2011,8.163479546816281e-07,0.002
2012,8.111583774928251e-07,0.002
2013,8.060046591277892e-07,0.002
2014,8.00886471072778e-07,0.002
2015,7.958034016702215e-07,0.002
2016,7.907550131996862e-07,0.002
2017,7.85741054795609e-07,0.002
2018,7.807612871063088e-07,0.002
2019,7.75815467296362e-07,0.002
2020,7.709033663853389e-07,0.002
2021,7.660247538995501e-07,0.002
2022,7.611794071684951e-07,0.002
2023,7.563671090016952e-07,0.002
2024,7.515876424130486e-07,0.002
2025,7.468407987626088e-07,0.002
2026,7.421263676798039e-07,0.002
2027,7.374441443161477e-07,0.002
2028,7.327939254779682e-07,0.002
2029,7.281755093534029e-07,0.002
2030,7.235886990825398e-07,0.002
2031,7.190332974846961e-07,0.002
2032,7.145091119593757e-07,0.002
2033,7.100159506421989e-07,0.002
2034,7.055536213551616e-07,0.002
2035,7.011218597798152e-07,0.002
2036,6.967204228384666e-07,0.002
2037,6.923491137721191e-07,0.002
2038,6.880077379113413e-07,0.002
2039,6.836960431094468e-07,0.002
2040,6.794137202219886e-07,0.002
2041,6.751605674045841e-07,0.002
2042,6.709363890710907e-07,0.002
2043,6.667409955291526e-07,0.002
2044,6.62574198653251e-07,0.002
2045,6.584358152710223e-07,0.002
2046,6.543256634872661e-07,0.002
2047,6.502435636231055e-07,0.002
2048,6.461893385255306e-07,0.002
2049,6.421628118900382e-07,0.002
2050,6.381638107047276e-07,0.002
2051,6.341921632166843e-07,0.002
2052,6.30247700154722e-07,0.002
2053,6.263301341699563e-07,0.002
2054,6.224391452207538e-07,0.002
2055,6.185745510974363e-07,0.002
2056,6.147361733810703e-07,0.002
2057,6.10923823116952e-07,0.002
2058,6.071372345393416e-07,0.002
2059,6.033762090724421e-07,0.002
2060,5.996405711386986e-07,0.002
2061,5.959301493624063e-07,0.002
2062,5.92244776568784e-07,0.002
2063,5.88584287848677e-07,0.002
2064,5.849485221344073e-07,0.002
2065,5.813373201252318e-07,0.002
2066,5.777505249891691e-07,0.002
2067,5.741879822480565e-07,0.002
2068,5.706495389636132e-07,0.002
2069,5.671350448310509e-07,0.002
2070,5.636443510245581e-07,0.002
2071,5.601773107318117e-07,0.002
2072,5.567337788550723e-07,0.002
2073,5.533136115008169e-07,0.002
2074,5.499166664682517e-07,0.002
2075,5.465428025068171e-07,0.002
2076,5.43191879733033e-07,0.002
2077,5.398637594406161e-07,0.002
2078,5.36558303957541e-07,0.002
2079,5.33275376935757e-07,0.002
2080,5.30014842910207e-07,0.002
2081,5.267765675407482e-07,0.002
2082,5.235604173898774e-07,0.002
2083,5.20366259853429e-07,0.002
2084,5.171938998464468e-07,0.002
2085,5.140430954348822e-07,0.002
2086,5.109136391767416e-07,0.002
2087,5.078053792979347e-07,0.002
2088,5.047181740905372e-07,0.002
2089,5.016518820811096e-07,0.002
2090,4.986063650603747e-07,0.002
2091,4.955814893121425e-07,0.002
2092,4.925771205044436e-07,0.002
2093,4.895931288747247e-07,0.002
2094,4.866292957605778e-07,0.002
2095,4.836853722095156e-07,0.002
2096,4.807612154325234e-07,0.002
2097,4.7785668995955e-07,0.002
2098,4.7497165910437077e-07,0.002
2099,4.7210599264870254e-07,0.002
2100,4.692595617323947e-07,0.002
2101,4.664322392261607e-07,0.002
2102,4.636239023803916e-07,0.002
2103,4.6083442776183255e-07,0.002
2104,4.5806368794283655e-07,0.002
2105,4.553114928363583e-07,0.002
2106,4.525777014224892e-07,0.002
2107,4.498621918156656e-07,0.002
2108,4.4716484426360627e-07,0.002
2109,4.4448554111108864e-07,0.002
2110,4.4182416714138213e-07,0.002
2111,4.391806084326965e-07,0.002
2112,4.365547529753619e-07,0.002
2113,4.3394649003061147e-07,0.002
2114,4.3135571004684587e-07,0.002
2115,4.2878230499772397e-07,0.002
2116,4.26226167817762e-07,0.002
2117,4.2368719286029397e-07,0.002
2118,4.211652755563745e-07,0.002
2119,4.186601070830456e-07,0.002
2120,4.1617133352893954e-07,0.002
2121,4.1369878073794545e-07,0.002
2122,4.1124227425983663e-07,0.002
2123,4.088016542744306e-07,0.002
2124,4.0637678553781484e-07,0.002
2125,4.039675568525128e-07,0.002
2126,4.0157387372939774e-07,0.002
2127,3.9919564783396155e-07,0.002
2128,3.968327867058749e-07,0.002
2129,3.9448518899599443e-07,0.002
2130,3.921527443283652e-07,0.002
2131,3.898353378504764e-07,0.002
2132,3.8753285069931203e-07,0.002
2133,3.852451074029957e-07,0.002
2134,3.829719817864062e-07,0.002
2135,3.807133775141171e-07,0.002
2136,3.784692056958568e-07,0.002
2137,3.762393812258925e-07,0.002
2138,3.740238169333929e-07,0.002
2139,3.7182233203057407e-07,0.002
2140,3.696347752340516e-07,0.002
2141,3.6746099729222033e-07,0.002
2142,3.6530087950796426e-07,0.002
2143,3.6315432269634475e-07,0.002
2144,3.610212321653478e-07,0.002
2145,3.589015192571951e-07,0.002
2146,3.567950957778979e-07,0.002
2147,3.547018774017553e-07,0.002
2148,3.5262178005540944e-07,0.002
2149,3.5055471983874086e-07,0.002
2150,3.4850061507011245e-07,0.002
2151,3.4645955027497744e-07,0.002
2152,3.444316412822262e-07,0.002
2153,3.424168430658442e-07,0.002
2154,3.4041509413093755e-07,0.002
2155,3.384262888709429e-07,0.002
2156,3.364503419755608e-07,0.002
2157,3.344870648723048e-07,0.002
2158,3.3253638158983937e-07,0.002
2159,3.3059818353846375e-07,0.002
2160,3.2867235012129273e-07,0.002
2161,3.267588059044425e-07,0.002
2162,3.2485741974495734e-07,0.002
2163,3.2296811493778927e-07,0.002
2164,3.210907852977378e-07,0.002
2165,3.192253357135913e-07,0.002
2166,3.1737168958293985e-07,0.002
2167,3.155297454960184e-07,0.002
2168,3.136994378381123e-07,0.002
2169,3.118806789931459e-07,0.002
2170,3.1007339786996246e-07,0.002
2171,3.0827752663350524e-07,0.002
2172,3.0649298861563707e-07,0.002
2173,3.0471972646290245e-07,0.002
2174,3.029576676615527e-07,0.002
2175,3.012067535868099e-07,0.002
2176,2.9946692190435815e-07,0.002
2177,2.9773810925004475e-07,0.002
2178,2.9602026061970674e-07,0.002
2179,2.943133119901588e-07,0.002
2180,2.926172087075055e-07,0.002
2181,2.9093189060907736e-07,0.002
2182,2.89257299552507e-07,0.002
2183,2.8759337952064677e-07,0.002
2184,2.859400701106821e-07,0.002
2185,2.842973163376544e-07,0.002
2186,2.826650587005782e-07,0.002
2187,2.8104320308169607e-07,0.002
2188,2.7943159977406364e-07,0.002
2189,2.7783017756873985e-07,0.002
2190,2.76238875793288e-07,0.002
2191,2.746576244062189e-07,0.002
2192,2.730863656895926e-07,0.002
2193,2.715250165038887e-07,0.002
2194,2.699734918869535e-07,0.002
2195,2.684317273595517e-07,0.002
2196,2.6689966041359605e-07,0.002
2197,2.6537723196809034e-07,0.002
2198,2.6386438011955625e-07,0.002
2199,2.6236104820023326e-07,0.002
2200,2.608671773339464e-07,0.002
2201,2.59382710992371e-07,0.002
2202,2.579075888250063e-07,0.002
2203,2.5644169373936684e-07,0.002
2204,2.549849457089423e-07,0.002
2205,2.5353728493991035e-07,0.002
2206,2.5209865440981887e-07,0.002
2207,2.5066899523807133e-07,0.002
2208,2.49248253293285e-07,0.002
2209,2.4783637120890855e-07,0.002
2210,2.464332694609237e-07,0.002
2211,2.4503888121769207e-07,0.002
2212,2.436531511607924e-07,0.002
2213,2.4227602689772083e-07,0.002
2214,2.409074535856359e-07,0.002
2215,2.395473811068521e-07,0.002
2216,2.381957575273062e-07,0.002
2217,2.3685253267861848e-07,0.002
2218,2.35517657848812e-07,0.002
2219,2.3419108308588757e-07,0.002
2220,2.328727612647624e-07,0.002
2221,2.315626440829202e-07,0.002
2222,2.3026068459978296e-07,0.002
2223,2.2896683660224652e-07,0.002
2224,2.2768105340250928e-07,0.002
2225,2.264032900555288e-07,0.002
2226,2.251335009235458e-07,0.002
2227,2.2387164139410757e-07,0.002
2228,2.2261766717808407e-07,0.002
2229,2.2137153387826017e-07,0.002
2230,2.201331981418875e-07,0.002
2231,2.1890261623834157e-07,0.002
2232,2.176797452085564e-07,0.002
2233,2.1646454225738283e-07,0.002
2234,2.1525696469880595e-07,0.002
2235,2.1405697049771518e-07,0.002
2236,2.1286451746162228e-07,0.002
2237,2.116795581359257e-07,0.002
2238,2.1050198495727242e-07,0.002
2239,2.0933173145339965e-07,0.002
2240,2.081687509297854e-07,0.002
2241,2.0701299677218662e-07,0.002
2242,2.0586442360359186e-07,0.002
2243,2.0472298726914028e-07,0.002
2244,2.035886436740566e-07,0.002
2245,2.02461350293785e-07,0.002
2246,2.013410646670559e-07,0.002
2247,2.0022774523618859e-07,0.002
2248,1.9912135115917713e-07,0.002
2249,1.980218417580736e-07,0.002
2250,1.969291773520274e-07,0.002
2251,1.9584331833607118e-07,0.002
2252,1.947641959890459e-07,0.002
2253,1.9369173359781407e-07,0.002
2254,1.9262588931744486e-07,0.002
2255,1.9156662056488112e-07,0.002
2256,1.9051388579594451e-07,0.002
2257,1.8946764551163257e-07,0.002
2258,1.884278591651356e-07,0.002
2259,1.8739448867580647e-07,0.002
2260,1.8636749555685422e-07,0.002
2261,1.8534684203216616e-07,0.002
2262,1.843324915012595e-07,0.002
2263,1.833244067760706e-07,0.002
2264,1.8232255217410773e-07,0.002
2265,1.81326891786811e-07,0.002
2266,1.8033739025686602e-07,0.002
2267,1.7935400128049013e-07,0.002
2268,1.7837666805638208e-07,0.002
2269,1.774053546874958e-07,0.002
2270,1.7644002505459717e-07,0.002
2271,1.7548064289268904e-07,0.002
2272,1.7452717420903154e-07,0.002
2273,1.7357958353871697e-07,0.002
2274,1.7263783744246942e-07,0.002
2275,1.7170190234228744e-07,0.002
2276,1.7077174468717312e-07,0.002
2277,1.6984733227060637e-07,0.002
2278,1.689286319966386e-07,0.002
2279,1.6801561197429632e-07,0.002
2280,1.6710824020845405e-07,0.002
2281,1.6620648481301135e-07,0.002
2282,1.653103147666615e-07,0.002
2283,1.6441969517158377e-07,0.002
2284,1.63534573308989e-07,0.002
2285,1.6265491165850326e-07,0.002
2286,1.6178067839648467e-07,0.002
2287,1.6091184123503556e-07,0.002
2288,1.600483681059342e-07,0.002
2289,1.5919022843130874e-07,0.002
2290,1.583373907685302e-07,0.002
2291,1.5748982516279641e-07,0.002
2292,1.566475015238562e-07,0.002
2293,1.5581038474766291e-07,0.002
2294,1.5497839792046807e-07,0.002
2295,1.5415149371940854e-07,0.002
2296,1.5332964106641266e-07,0.002
2297,1.5251280617814429e-07,0.002
2298,1.5170095698028046e-07,0.002
2299,1.508940635560654e-07,0.002
2300,1.50092093741351e-07,0.002
2301,1.4929501890175421e-07,0.002
2302,1.4850280903046752e-07,0.002
2303,1.4771543495494614e-07,0.002
2304,1.4693286899915613e-07,0.002
2305,1.461550677568835e-07,0.002
2306,1.4538197042986138e-07,0.002
2307,1.4461354267105842e-07,0.002
2308,1.4384975627202494e-07,0.002
2309,1.430905803908077e-07,0.002
2310,1.423359860746364e-07,0.002
2311,1.4158594617404438e-07,0.002
2312,1.4084043161057498e-07,0.002
2313,1.4009941648523774e-07,0.002
2314,1.393628736643677e-07,0.002
2315,1.3863077665713266e-07,0.002
2316,1.379031003873765e-07,0.002
2317,1.3717981848983115e-07,0.002
2318,1.3646090646631487e-07,0.002
2319,1.3574633938093673e-07,0.002
2320,1.350360925173344e-07,0.002
2321,1.3433012446207668e-07,0.002
2322,1.3362829109438825e-07,0.002
2323,1.329305249380203e-07,0.002
2324,1.322367720065281e-07,0.002
2325,1.315469785446068e-07,0.002
2326,1.3086109842306697e-07,0.002
2327,1.3017909395022738e-07,0.002
2328,1.2950093715616675e-07,0.002
2329,1.2882660688285515e-07,0.002
2330,1.2815608427959452e-07,0.002
2331,1.2748935042231836e-07,0.002
2332,1.2682638273022203e-07,0.002
2333,1.261671550717561e-07,0.002
2334,1.2551163868434476e-07,0.002
2335,1.2485980359015072e-07,0.002
2336,1.2421162146496765e-07,0.002
2337,1.2356706647658868e-07,0.002
2338,1.2292611623379623e-07,0.002
2339,1.2228875143158352e-07,0.002
2340,1.216549544117421e-07,0.002
2341,1.210247083244176e-07,0.002
2342,1.203979956296212e-07,0.002
2343,1.1977479768670896e-07,0.002
2344,1.191550948067549e-07,0.002
2345,1.1853886648146179e-07,0.002
2346,1.1792609235703127e-07,0.002
2347,1.1731675265222828e-07,0.002
2348,1.1671082864558981e-07,0.002
2349,1.1610830278646893e-07,0.002
2350,1.1550915831037276e-07,0.002
2351,1.1491337900143384e-07,0.002
2352,1.1432094428363407e-07,0.002
2353,1.1373182599787002e-07,0.002
2354,1.1314600550269102e-07,0.002
2355,1.12563464097629e-07,0.002
2356,1.1198418232875247e-07,0.002
2357,1.1140811689289093e-07,0.002
2358,1.1083523244997874e-07,0.002
2359,1.1026550907424991e-07,0.002
2360,1.0969892755544472e-07,0.002
2361,1.091354695937875e-07,0.002
2362,1.0857511760980045e-07,0.002
2363,1.0801785401538541e-07,0.002
2364,1.0746366163289685e-07,0.002
2365,1.0691252129742628e-07,0.002
2366,1.0636439153059114e-07,0.002
2367,1.0581924529934931e-07,0.002
2368,1.0527705394113496e-07,0.002
2369,1.0473779198290655e-07,0.002
2370,1.04201442014829e-07,0.002
2371,1.0366798612682462e-07,0.002
2372,1.0313740556798519e-07,0.002
2373,1.0260968466136196e-07,0.002
2374,1.020848056752297e-07,0.002
2375,1.0156275252015603e-07,0.002
2376,1.0104350988055959e-07,0.002
2377,1.0052706136007995e-07,0.002
2378,1.0001339263907211e-07,0.002
2379,9.95024886006981e-08,0.002
2380,9.89943345338884e-08,0.002
2381,9.848891668994121e-08,0.002
2382,9.79862204268082e-08,0.002
2383,9.748623218807224e-08,0.002
2384,9.69889382589343e-08,0.002
2385,9.649432482044783e-08,0.002
2386,9.600237886754227e-08,0.002
2387,9.551308690379228e-08,0.002
2388,9.502643596323213e-08,0.002
2389,9.454241324903584e-08,0.002
2390,9.406100575750301e-08,0.002
2391,9.358220103573252e-08,0.002
2392,9.310598640334817e-08,0.002
2393,9.263234936564091e-08,0.002
2394,9.216127765336103e-08,0.002
2395,9.169275881653074e-08,0.002
2396,9.122678073926963e-08,0.002
2397,9.076333125806634e-08,0.002
2398,9.030239826536868e-08,0.002
2399,8.984396987157096e-08,0.002
2400,8.93880340874804e-08,0.002
2401,8.893457911396073e-08,0.002
2402,8.848359318412611e-08,0.002
2403,8.80350645321382e-08,0.002
2404,8.758898155439061e-08,0.002
2405,8.714533260564708e-08,0.002
2406,8.670410614514014e-08,0.002
2407,8.626529069774883e-08,0.002
2408,8.582887478848689e-08,0.002
2409,8.539484706410566e-08,0.002
2410,8.496319617545083e-08,0.002
2411,8.453391083702043e-08,0.002
2412,8.410697983388304e-08,0.002
2413,8.368239195865496e-08,0.002
2414,8.326013608955158e-08,0.002
2415,8.284020113030426e-08,0.002
2416,8.242257602791981e-08,0.002
2417,8.200724979511904e-08,0.002
2418,8.159421146403075e-08,0.002
2419,8.118345013234118e-08,0.002
2420,8.077495493587398e-08,0.002
2421,8.036871504772571e-08,0.002
2422,7.99647196993739e-08,0.002
2423,7.95629581496839e-08,0.002
2424,7.91634197095359e-08,0.002
2425,7.876609373131295e-08,0.002
2426,7.837096960238249e-08,0.002
2427,7.79780367616212e-08,0.002
2428,7.758728428345013e-08,0.002
2429,7.719868366437134e-08,0.002
2430,7.681221185302287e-08,0.002
2431,7.642785673867838e-08,0.002
2432,7.60456061153094e-08,0.002
2433,7.566544187668483e-08,0.002
2434,7.528733518592864e-08,0.002
2435,7.49112722755763e-08,0.002
2436,7.453723988968765e-08,0.002
2437,7.416522554085223e-08,0.002
2438,7.379521731572497e-08,0.002
2439,7.342720311856335e-08,0.002
2440,7.306117174729778e-08,0.002
2441,7.269711194982868e-08,0.002
2442,7.233501270059569e-08,0.002
2443,7.197486348520582e-08,0.002
2444,7.161665360585241e-08,0.002
2445,7.126037282356023e-08,0.002
2446,7.090601101513115e-08,0.002
2447,7.055355808505838e-08,0.002
2448,7.020300433685502e-08,0.002
2449,6.985434001554264e-08,0.002
2450,6.950755559180011e-08,0.002
2451,6.9162641709955e-08,0.002
2452,6.881958898489363e-08,0.002
2453,6.847838827711845e-08,0.002
2454,6.813902982662243e-08,0.002
2455,6.780149648756265e-08,0.002
2456,6.746577606293906e-08,0.002
2457,6.713185897200597e-08,0.002
2458,6.679973544847987e-08,0.002
2459,6.64693961911197e-08,0.002
2460,6.614083197595461e-08,0.002
2461,6.581403364183136e-08,0.002
2462,6.548899238395349e-08,0.002
2463,6.51656993053611e-08,0.002
2464,6.48441457034585e-08,0.002
2465,6.45243215565206e-08,0.002
2466,6.420620935116417e-08,0.002
2467,6.388979812318454e-08,0.002
2468,6.357507871181879e-08,0.002
2469,6.326204212233184e-08,0.002
2470,6.29506793609788e-08,0.002
2471,6.264098181234324e-08,0.002
2472,6.233294083684102e-08,0.002
2473,6.202654795715017e-08,0.002
2474,6.172179490481176e-08,0.002
2475,6.14186733763756e-08,0.002
2476,6.11171752887399e-08,0.002
2477,6.081729261335345e-08,0.002
2478,6.051901736281804e-08,0.002
2479,6.022234171998662e-08,0.002
2480,5.992725785804421e-08,0.002
2481,5.963375805705693e-08,0.002
2482,5.934183468097086e-08,0.002
2483,5.905148010013005e-08,0.002
2484,5.876268680028893e-08,0.002
2485,5.8475447289586846e-08,0.002
2486,5.8189754123971274e-08,0.002
2487,5.790559993999909e-08,0.002
2488,5.762297738222567e-08,0.002
2489,5.73418791653804e-08,0.002
2490,5.706229804342058e-08,0.002
2491,5.678422679459915e-08,0.002
2492,5.6507658261788545e-08,0.002
2493,5.623258530640878e-08,0.002
2494,5.595900083308819e-08,0.002
2495,5.568689779010161e-08,0.002
2496,5.54162691454609e-08,0.002
2497,5.5147107915525416e-08,0.002
2498,5.4879407143249615e-08,0.002
2499,5.461315990125072e-08,0.002
2500,5.4348359302694897e-08,0.002
2501,5.4084998481824644e-08,0.002
2502,5.3823070609491683e-08,0.002
2503,5.35625688864591e-08,0.002
2504,5.330348653813414e-08,0.002
2505,5.304581682539595e-08,0.002
2506,5.2789553032893967e-08,0.002
2507,5.253468804469449e-08,0.002
2508,5.228120382736428e-08,0.002
2509,5.202907914636528e-08,0.002
2510,5.177829506433687e-08,0.002
2511,5.1528841544256894e-08,0.002
2512,5.128071042541075e-08,0.002
2513,5.103389301483172e-08,0.002
2514,5.0788380807052754e-08,0.002
2515,5.0544166436105414e-08,0.002
2516,5.030124178456301e-08,0.002
2517,5.005959952784884e-08,0.002
2518,4.9819232587336985e-08,0.002
2519,4.958013349221651e-08,0.002
2520,4.9342295579174664e-08,0.002
2521,4.9105711929477463e-08,0.002
2522,4.887037573714039e-08,0.002
2523,4.8636280681570794e-08,0.002
2524,4.840342013357129e-08,0.002
2525,4.817178785420066e-08,0.002
2526,4.7941377708644066e-08,0.002
2527,4.771218343166134e-08,0.002
2528,4.7484199123968775e-08,0.002
2529,4.7257418767240675e-08,0.002
2530,4.703183642229316e-08,0.002
2531,4.680744634877357e-08,0.002
2532,4.65842426784083e-08,0.002
2533,4.63622197335749e-08,0.002
2534,4.614137187277741e-08,0.002
2535,4.5921693425057376e-08,0.002
2536,4.5703178890729186e-08,0.002
2537,4.548582272149529e-08,0.002
2538,4.526961942985884e-08,0.002
2539,4.5054563612419953e-08,0.002
2540,4.4840649820960176e-08,0.002
2541,4.462787270498827e-08,0.002
2542,4.4416226926575864e-08,0.002
2543,4.4205707153280453e-08,0.002
2544,4.3996308134311207e-08,0.002
2545,4.37880246044241e-08,0.002
2546,4.358085134500183e-08,0.002
2547,4.337478317840025e-08,0.002
2548,4.3169814921431116e-08,0.002
2549,4.2965941446479994e-08,0.002
2550,4.27631576354706e-08,0.002
2551,4.2561458388221504e-08,0.002
2552,4.236083864751193e-08,0.002
2553,4.216129335853172e-08,0.002
2554,4.196281750105889e-08,0.002
2555,4.176540607908462e-08,0.002
2556,4.15690541073865e-08,0.002
2557,4.137375663640937e-08,0.002
2558,4.11795087288309e-08,0.002
2559,4.098630546864103e-08,0.002
2560,4.07941419666065e-08,0.002
2561,4.0603013344614756e-08,0.002
2562,4.041291475128396e-08,0.002
2563,4.022384135364864e-08,0.002
2564,4.0035788335085904e-08,0.002
2565,3.984875090432309e-08,0.002
2566,3.966272428463851e-08,0.002
2567,3.9477703720377036e-08,0.002
2568,3.929368270139626e-08,0.002
2569,3.911065124586168e-08,0.002
2570,3.892860376651967e-08,0.002
2571,3.8747535120893265e-08,0.002
2572,3.856743581698279e-08,0.002
2573,3.838829655648539e-08,0.002
2574,3.82101120867318e-08,0.002
2575,3.803287678438022e-08,0.002
2576,3.7856585238598676e-08,0.002
2577,3.7681232555205877e-08,0.002
2578,3.7506813446620246e-08,0.002
2579,3.7333323073318736e-08,0.002
2580,3.716075663220866e-08,0.002
2581,3.6989109138929463e-08,0.002
2582,3.6818376004213545e-08,0.002
2583,3.6648552461952336e-08,0.002
2584,3.647963383968915e-08,0.002
2585,3.631161568804058e-08,0.002
2586,3.6144493403233255e-08,0.002
2587,3.5978262603381945e-08,0.002
2588,3.581291893575702e-08,0.002
2589,3.5648457993883016e-08,0.002
2590,3.5484875552426834e-08,0.002
2591,3.532216232601904e-08,0.002
2592,3.516030650809447e-08,0.002
2593,3.4999303354820145e-08,0.002
2594,3.4839147945095575e-08,0.002
2595,3.4679834931233366e-08,0.002
2596,3.4521360079233365e-08,0.002
2597,3.436371855209375e-08,0.002
2598,3.4206905775396965e-08,0.002
2599,3.40509164401793e-08,0.002
2600,3.389573651494057e-08,0.002
2601,3.374135896983244e-08,0.002
2602,3.358777958543974e-08,0.002
2603,3.343499267865598e-08,0.002
2604,3.3282993776026475e-08,0.002
2605,3.3131778569218764e-08,0.002
2606,3.298134198751236e-08,0.002
2607,3.28316801476918e-08,0.002
2608,3.268278870517687e-08,0.002
2609,3.253466325267124e-08,0.002
2610,3.238730014111433e-08,0.002
2611,3.224069512284018e-08,0.002
2612,3.209484431324755e-08,0.002
2613,3.194974409107935e-08,0.002
2614,3.1805390421170945e-08,0.002
2615,3.166177975096848e-08,0.002
2616,3.1518908450428474e-08,0.002
2617,3.1376772761134096e-08,0.002
2618,3.123536930214167e-08,0.002
2619,3.109469447828534e-08,0.002
2620,3.0954744785230193e-08,0.002
2621,3.081551690248013e-08,0.002
2622,3.067700732006491e-08,0.002
2623,3.053921271307195e-08,0.002
2624,3.040212977480602e-08,0.002
2625,3.026575511315903e-08,0.002
2626,3.013008550990014e-08,0.002
2627,2.999511768058526e-08,0.002
2628,2.986084835723728e-08,0.002
2629,2.9727274376470897e-08,0.002
2630,2.9594392498976517e-08,0.002
2631,2.946219955783445e-08,0.002
2632,2.9330692417313897e-08,0.002
2633,2.9199867900405397e-08,0.002
2634,2.9069722909491882e-08,0.002
2635,2.8940254333109386e-08,0.002
2636,2.881145906279094e-08,0.002
2637,2.8683334046711948e-08,0.002
2638,2.8555876208065032e-08,0.002
2639,2.8429082501948627e-08,0.002
2640,2.830294990907409e-08,0.002
2641,2.8177475396049446e-08,0.002
2642,2.805265596896665e-08,0.002
2643,2.7928488637526942e-08,0.002
2644,2.780497041549357e-08,0.002
2645,2.7682098348451326e-08,0.002
2646,2.7559869478005482e-08,0.002
2647,2.743828086381468e-08,0.002
2648,2.7317329584561714e-08,0.002
2649,2.7197012718378247e-08,0.002
2650,2.7077327365979904e-08,0.002
2651,2.69582706367974e-08,0.002
2652,2.6839839647125677e-08,0.002
2653,2.6722031533314912e-08,0.002
2654,2.660484343622821e-08,0.002
2655,2.6488272509795146e-08,0.002
2656,2.6372315922479886e-08,0.002
2657,2.6256970848199595e-08,0.002
2658,2.61422344764676e-08,0.002
2659,2.6028104006697354e-08,0.002
2660,2.591457664693618e-08,0.002
2661,2.580164961973216e-08,0.002
2662,2.568932015548316e-08,0.002
2663,2.5577585495891822e-08,0.002
2664,2.5466442894829802e-08,0.002
2665,2.535588961428021e-08,0.002
2666,2.5245922928625796e-08,0.002
2667,2.5136540122277687e-08,0.002
2668,2.502773848914545e-08,0.002
2669,2.4919515335113933e-08,0.002
2670,2.4811867975220043e-08,0.002
2671,2.4704793735037155e-08,0.002
2672,2.4598289951059478e-08,0.002
2673,2.4492353968935307e-08,0.002
2674,2.4386983145378812e-08,0.002
2675,2.428217484699029e-08,0.002
2676,2.417792645015117e-08,0.002
2677,2.4074235341978134e-08,0.002
2678,2.3971098919095968e-08,0.002
2679,2.3868514588319536e-08,0.002
2680,2.3766479766718266e-08,0.002
2681,2.366499188086579e-08,0.002
2682,2.3564048367642452e-08,0.002
2683,2.3463646673698538e-08,0.002
2684,2.336378419515256e-08,0.002
2685,2.3264453927448993e-08,0.002
2686,2.316564971134421e-08,0.002
2687,2.3067368583188794e-08,0.002
2688,2.296960758699639e-08,0.002
2689,2.2872363039951273e-08,0.002
2690,2.277562831137699e-08,0.002
2691,2.267939959938461e-08,0.002
2692,2.25836737153381e-08,0.002
2693,2.2488442296822908e-08,0.002
2694,2.2393680210380815e-08,0.002
2695,2.2299376738410128e-08,0.002
2696,2.2205518705238248e-08,0.002
2697,2.211209523025767e-08,0.002
2698,2.201909690798946e-08,0.002
2699,2.1926516009007626e-08,0.002
2700,2.183434671410123e-08,0.002
2701,2.17425851461149e-08,0.002
2702,2.1651228674067562e-08,0.002
2703,2.1560272477646226e-08,0.002
2704,2.146971094783042e-08,0.002
2705,2.1379541104452675e-08,0.002
2706,2.1289759766822504e-08,0.002
2707,2.120036269673963e-08,0.002
2708,2.1111345530737336e-08,0.002
2709,2.1022704126315056e-08,0.002
2710,2.0934434363707103e-08,0.002
2711,2.0846532987404026e-08,0.002
2712,2.0758997408317308e-08,0.002
2713,2.0671825459872046e-08,0.002
2714,2.058501566085611e-08,0.002
2715,2.0498566645206755e-08,0.002
2716,2.0412477010449208e-08,0.002
2717,2.0326745389232893e-08,0.002
2718,2.024137007818052e-08,0.002
2719,2.0156349216435924e-08,0.002
2720,2.007168090507017e-08,0.002
2721,1.9987363112298644e-08,0.002
2722,1.9903393955068637e-08,0.002
2723,1.98197717116641e-08,0.002
2724,1.9736494766735495e-08,0.002
2725,1.965356174246312e-08,0.002
2726,1.9570971355559263e-08,0.002
2727,1.9488722356852526e-08,0.002
2728,1.940681355579423e-08,0.002
2729,1.9325243684149035e-08,0.002
2730,1.924401142037639e-08,0.002
2731,1.9163115418384944e-08,0.002
2732,1.9082554262869816e-08,0.002
2733,1.9002326554371197e-08,0.002
2734,1.8922430926045885e-08,0.002
2735,1.8842866033966278e-08,0.002
2736,1.8763630612567077e-08,0.002
2737,1.868472344258159e-08,0.002
2738,1.8606143335450737e-08,0.002
2739,1.8527889143684482e-08,0.002
2740,1.8449959714462924e-08,0.002
2741,1.837235388978016e-08,0.002
2742,1.8295070509317644e-08,0.002
2743,1.821810838975738e-08,0.002
2744,1.8141466347562172e-08,0.002
2745,1.8065143203580504e-08,0.002
2746,1.7989137780992115e-08,0.002
2747,1.7913448925883304e-08,0.002
2748,1.7838075500364972e-08,0.002
2749,1.7763016380577333e-08,0.002
2750,1.7688270461584407e-08,0.002
2751,1.7613836642948447e-08,0.002
2752,1.7539713828025655e-08,0.002
2753,1.7465900923042346e-08,0.002
2754,1.7392396828625047e-08,0.002
2755,1.731920044566711e-08,0.002
2756,1.724631067547409e-08,0.002
2757,1.7173726419296483e-08,0.002
2758,1.710144658530479e-08,0.002
2759,1.702947008714548e-08,0.002
2760,1.695779584461129e-08,0.002
2761,1.6886422786015045e-08,0.002
2762,1.681534984400575e-08,0.002
2763,1.674457595582739e-08,0.002
2764,1.6674100062493684e-08,0.002
2765,1.6603921105808946e-08,0.002
2766,1.6534038029822392e-08,0.002
2767,1.6464449780182704e-08,0.002
2768,1.6395155303967953e-08,0.002
2769,1.63261535518203e-08,0.002
2770,1.6257443477447416e-08,0.002
2771,1.6189024038333493e-08,0.002
2772,1.6120894196553928e-08,0.002
2773,1.605305291775138e-08,0.002
2774,1.5985499171396363e-08,0.002
2775,1.591823193041584e-08,0.002
2776,1.585125017023439e-08,0.002
2777,1.578455286912226e-08,0.002
2778,1.5718139007719005e-08,0.002
2779,1.5652007568969295e-08,0.002
2780,1.5586157538660166e-08,0.002
2781,1.5520587905235944e-08,0.002
2782,1.5455297660117694e-08,0.002
2783,1.539028579796061e-08,0.002
2784,1.5325551316397322e-08,0.002
2785,1.52610932162746e-08,0.002
2786,1.5196910501436756e-08,0.002
2787,1.5133002178516854e-08,0.002
2788,1.5069367256981394e-08,0.002
2789,1.5006004748926084e-08,0.002
2790,1.4942913669060607e-08,0.002
2791,1.4880093034799746e-08,0.002
2792,1.4817541866189161e-08,0.002
2793,1.4755259186036464e-08,0.002
2794,1.4693244019971864e-08,0.002
2795,1.4631495396398386e-08,0.002
2796,1.4570012346570768e-08,0.002
2797,1.4508793904580668e-08,0.002
2798,1.4447839107258041e-08,0.002
2799,1.4387146994178768e-08,0.002
2800,1.4326716607620667e-08,0.002
2801,1.4266546992519443e-08,0.002
2802,1.4206637196489662e-08,0.002
2803,1.4146986269808314e-08,0.002
2804,1.4087593222704612e-08,0.002
2805,1.4028454835365273e-08,0.002
2806,1.3969568435246398e-08,0.002
2807,1.3910932854928827e-08,0.002
2808,1.3852546935225688e-08,0.002
2809,1.3794409398818021e-08,0.002
2810,1.3736519205726383e-08,0.002
2811,1.3678875230806398e-08,0.002
2812,1.3621476354496652e-08,0.002
2813,1.3564321608083321e-08,0.002
2814,1.350740991580437e-08,0.002
2815,1.3450740272989908e-08,0.002
2816,1.3394311731288379e-08,0.002
2817,1.3338123263066493e-08,0.002
2818,1.3282173929895376e-08,0.002
2819,1.322646278762587e-08,0.002
2820,1.3170988862170532e-08,0.002
2821,1.311575125527556e-08,0.002
2822,1.306074903702564e-08,0.002
2823,1.3005981288568671e-08,0.002
2824,1.2951447136359227e-08,0.002
2825,1.2897145673608232e-08,0.002
2826,1.2843076023626324e-08,0.002
2827,1.2789237323652584e-08,0.002
2828,1.273562868983771e-08,0.002
2829,1.268224927031846e-08,0.002
2830,1.2629098207962459e-08,0.002
2831,1.2576174641494004e-08,0.002
2832,1.2523477733996557e-08,0.002
2833,1.2471006637461849e-08,0.002
2834,1.2418760512627298e-08,0.002
2835,1.2366738533483315e-08,0.002
2836,1.2314938870047927e-08,0.002
2837,1.2263358027430064e-08,0.002
2838,1.2211994811826546e-08,0.002
2839,1.2160848217389969e-08,0.002
2840,1.2109917102759134e-08,0.002
2841,1.205920050870211e-08,0.002
2842,1.2008697463088789e-08,0.002
2843,1.195840694432191e-08,0.002
2844,1.1908328074953029e-08,0.002
2845,1.1858459916569027e-08,0.002
2846,1.180880154842033e-08,0.002
2847,1.1759352136012087e-08,0.002
2848,1.1710110781697793e-08,0.002
2849,1.166107664135359e-08,0.002
2850,1.1612248903866219e-08,0.002
2851,1.1563626717457866e-08,0.002
2852,1.151520929047031e-08,0.002
2853,1.1466995828782957e-08,0.002
2854,1.1418985525286451e-08,0.002
2855,1.1371177620315073e-08,0.002
2856,1.1323570774758236e-08,0.002
2857,1.1276162777137469e-08,0.002
2858,1.1228952599410694e-08,0.002
2859,1.118193937345596e-08,0.002
2860,1.1135122214931918e-08,0.002
2861,1.1088500237162143e-08,0.002
2862,1.1042072636480642e-08,0.002
2863,1.0995838581266058e-08,0.002
2864,1.0949797266053327e-08,0.002
2865,1.0903947933308149e-08,0.002
2866,1.08582897972642e-08,0.002
2867,1.081282210665206e-08,0.002
2868,1.0767544127769397e-08,0.002
2869,1.0722455108108605e-08,0.002
2870,1.0677554328789742e-08,0.002
2871,1.0632841071806598e-08,0.002
2872,1.0588314614745622e-08,0.002
2873,1.0543974263336452e-08,0.002
2874,1.0499819317734584e-08,0.002
2875,1.0455849084274277e-08,0.002
2876,1.0412062887658544e-08,0.002
2877,1.036846004480883e-08,0.002
2878,1.032503912276408e-08,0.002
2879,1.0281798599348768e-08,0.002
2880,1.0238737707820214e-08,0.002
2881,1.0195855669977985e-08,0.002
2882,1.015315169567022e-08,0.002
2883,1.0110625060478697e-08,0.002
2884,1.006827502387566e-08,0.002
2885,1.0026100861299203e-08,0.002
2886,9.984101893247918e-09,0.002
2887,9.942277421707338e-09,0.002
2888,9.900626771394006e-09,0.002
2889,9.859149286902692e-09,0.002
2890,9.8178442956168e-09,0.002
2891,9.77671114733482e-09,0.002
2892,9.735749196868815e-09,0.002
2893,9.694957791287914e-09,0.002
2894,9.65433629944889e-09,0.002
2895,9.613884090115427e-09,0.002
2896,9.573600533914243e-09,0.002
2897,9.533485018937434e-09,0.002
2898,9.493536930254023e-09,0.002
2899,9.453755658596277e-09,0.002
2900,9.414140604493564e-09,0.002
2901,9.374691163986459e-09,0.002
2902,9.335406739577665e-09,0.002
2903,9.296286737942776e-09,0.002
2904,9.25733056307999e-09,0.002
2905,9.21853762601131e-09,0.002
2906,9.17990733957435e-09,0.002
2907,9.141439116992619e-09,0.002
2908,9.103132378066998e-09,0.002
2909,9.06498654318758e-09,0.002
2910,9.027001034845312e-09,0.002
2911,8.989175280168877e-09,0.002
2912,8.951508706076486e-09,0.002
2913,8.914000742202632e-09,0.002
2914,8.876650820971682e-09,0.002
2915,8.839458374887602e-09,0.002
2916,8.802422839530765e-09,0.002
2917,8.765543652362385e-09,0.002
2918,8.728820251825103e-09,0.002
2919,8.692252079513167e-09,0.002
2920,8.655838578408693e-09,0.002
2921,8.619579193126174e-09,0.002
2922,8.583473370886991e-09,0.002
2923,8.547520559973659e-09,0.002
2924,8.511720210509865e-09,0.002
2925,8.476071774623696e-09,0.002
2926,8.44057470546729e-09,0.002
2927,8.405228458148142e-09,0.002
2928,8.370032489412835e-09,0.002
2929,8.334986257281508e-09,0.002
2930,8.300089221759939e-09,0.002
2931,8.26534084434162e-09,0.002
2932,8.230740587979952e-09,0.002
2933,8.19628791750965e-09,0.002
2934,8.161982299097397e-09,0.002
2935,8.1278232004776e-09,0.002
2936,8.093810091048652e-09,0.002
2937,8.0599424415297e-09,0.002
2938,8.026219724246779e-09,0.002
2939,7.992641413047205e-09,0.002
2940,7.959206983171025e-09,0.002
2941,7.925915911491065e-09,0.002
2942,7.892767676333339e-09,0.002
2943,7.859761753314008e-09,0.002
2944,7.826896409160466e-09,0.002
2945,7.794169866506499e-09,0.002
2946,7.761581449509272e-09,0.002
2947,7.72913053549295e-09,0.002
2948,7.696816375076076e-09,0.002
2949,7.664638379685725e-09,0.002
2950,7.632595942372342e-09,0.002
2951,7.600688405545854e-09,0.002
2952,7.568915238613076e-09,0.002
2953,7.537275856153254e-09,0.002
2954,7.505769672676978e-09,0.002
2955,7.474396180662609e-09,0.002
2956,7.443154811434736e-09,0.002
2957,7.412045026221854e-09,0.002
2958,7.381066323229706e-09,0.002
2959,7.350218155032067e-09,0.002
2960,7.3195000171757286e-09,0.002
2961,7.288911414210911e-09,0.002
2962,7.2584518263679525e-09,0.002
2963,7.228120774310746e-09,0.002
2964,7.197917770338496e-09,0.002
2965,7.1678423195435914e-09,0.002
2966,7.137893955713369e-09,0.002
2967,7.1080721971055616e-09,0.002
2968,7.078376566602823e-09,0.002
2969,7.048806603519428e-09,0.002
2970,7.019361833270579e-09,0.002
2971,6.99004179261986e-09,0.002
2972,6.960846025258806e-09,0.002
2973,6.931774066472838e-09,0.002
2974,6.902825464278435e-09,0.002
2975,6.873999767055231e-09,0.002
2976,6.845296520093944e-09,0.002
2977,6.816715278930044e-09,0.002
2978,6.7882555960170796e-09,0.002
2979,6.759917024824623e-09,0.002
2980,6.731699125556925e-09,0.002
2981,6.703601455000469e-09,0.002
2982,6.6756235736014486e-09,0.002
2983,6.647765045493409e-09,0.002
2984,6.620025432736411e-09,0.002
2985,6.592404301984506e-09,0.002
2986,6.564901221316874e-09,0.002
2987,6.5375157583513535e-09,0.002
2988,6.510246867907402e-09,0.002
2989,6.483092599559319e-09,0.002
2990,6.456052296529186e-09,0.002
2991,6.429125427421699e-09,0.002
2992,6.402311390921988e-09,0.002
2993,6.375609651925441e-09,0.002
2994,6.349019707702046e-09,0.002
2995,6.322541012098864e-09,0.002
2996,6.2961730847155315e-09,0.002
2997,6.269915445978342e-09,0.002
2998,6.243767598087125e-09,0.002
2999,6.2177290957688516e-09,0.002
3000,6.191799478799401e-09,0.002
3001,6.1659782880125806e-09,0.002
3002,6.140265099655698e-09,0.002
3003,6.114659471693084e-09,0.002
3004,6.089160975153601e-09,0.002
3005,6.063769200828092e-09,0.002
3006,6.038483724888576e-09,0.002
3007,6.013304141071211e-09,0.002
3008,5.9882300505968846e-09,0.002
3009,5.963261046093829e-09,0.002
3010,5.938396736710964e-09,0.002
3011,5.913636731335711e-09,0.002
3012,5.8889806362178345e-09,0.002
3013,5.864428070363858e-09,0.002
3014,5.839978649150664e-09,0.002
3015,5.8156319899526986e-09,0.002
3016,5.791387718532646e-09,0.002
3017,5.767245456741739e-09,0.002
3018,5.743204830984598e-09,0.002
3019,5.719265472091496e-09,0.002
3020,5.695427008190712e-09,0.002
3021,5.671689072665107e-09,0.002
3022,5.648051300431887e-09,0.002
3023,5.624513325486741e-09,0.002
3024,5.601074786480442e-09,0.002
3025,5.57773532210968e-09,0.002
3026,5.554494571765801e-09,0.002
3027,5.531352178409763e-09,0.002
3028,5.5083077846324385e-09,0.002
3029,5.485361034774582e-09,0.002
3030,5.462511575557292e-09,0.002
3031,5.439759053520842e-09,0.002
3032,5.417103117382567e-09,0.002
3033,5.394543417271348e-09,0.002
3034,5.372079603595422e-09,0.002
3035,5.349711328891013e-09,0.002
3036,5.327438246523916e-09,0.002
3037,5.305260010622221e-09,0.002
3038,5.283176277164438e-09,0.002
3039,5.261186702723497e-09,0.002
3040,5.239290945005472e-09,0.002
3041,5.21748866318305e-09,0.002
3042,5.195779517022541e-09,0.002
3043,5.174163167589416e-09,0.002
3044,5.152639140111661e-09,0.002
3045,5.131206193083777e-09,0.002
3046,5.109863716715078e-09,0.002
3047,5.0886113228233965e-09,0.002
3048,5.067448582544383e-09,0.002
3049,5.046375076913307e-09,0.002
3050,5.025390439982159e-09,0.002
3051,5.004494268356918e-09,0.002
3052,4.983686185942687e-09,0.002
3053,4.962965841794659e-09,0.002
3054,4.9423328568197145e-09,0.002
3055,4.92178688244112e-09,0.002
3056,4.901327574999774e-09,0.002
3057,4.8809545750454635e-09,0.002
3058,4.860667550230901e-09,0.002
3059,4.840466162999875e-09,0.002
3060,4.820350072095751e-09,0.002
3061,4.800318956893952e-09,0.002
3062,4.78037248826218e-09,0.002
3063,4.760510341211179e-09,0.002
3064,4.7407322032473695e-09,0.002
3065,4.721037753520099e-09,0.002
3066,4.7014266786396966e-09,0.002
3067,4.68189867063149e-09,0.002
3068,4.6624534156297535e-09,0.002
3069,4.64309060789203e-09,0.002
3070,4.623809942684359e-09,0.002
3071,4.6046111129057685e-09,0.002
3072,4.585493818630879e-09,0.002
3073,4.56645775883168e-09,0.002
3074,4.547502632920902e-09,0.002
3075,4.528628145436077e-09,0.002
3076,4.509833999084427e-09,0.002
3077,4.491119898604784e-09,0.002
3078,4.472485551681126e-09,0.002
3079,4.45393066451741e-09,0.002
3080,4.435454946028375e-09,0.002
3081,4.417058106520019e-09,0.002
3082,4.398739855780283e-09,0.002
3083,4.38049990634338e-09,0.002
3084,4.3623376488717295e-09,0.002
3085,4.344252258839528e-09,0.002
3086,4.326243373119817e-09,0.002
3087,4.308310662069092e-09,0.002
3088,4.290453768835595e-09,0.002
3089,4.27267236296797e-09,0.002
3090,4.254966129270631e-09,0.002
3091,4.237334737451672e-09,0.002
3092,4.219777884222029e-09,0.002
3093,4.202295268732409e-09,0.002
3094,4.184886582819212e-09,0.002
3095,4.167551538681711e-09,0.002
3096,4.150289843124631e-09,0.002
3097,4.133101202204868e-09,0.002
3098,4.115985336100715e-09,0.002
3099,4.098941958599684e-09,0.002
3100,4.081970788383915e-09,0.002
3101,4.06507155332058e-09,0.002
3102,4.04824397647708e-09,0.002
3103,4.0314877879610875e-09,0.002
3104,4.0148027220412555e-09,0.002
3105,3.998188404200516e-09,0.002
3106,3.981643604018886e-09,0.002
3107,3.965167668189025e-09,0.002
3108,3.948760262823123e-09,0.002
3109,3.932421048723605e-09,0.002
3110,3.916149634605651e-09,0.002
3111,3.89994572601102e-09,0.002
3112,3.8838090061574594e-09,0.002
3113,3.867739142016553e-09,0.002
3114,3.8517358709550604e-09,0.002
3115,3.835798897225171e-09,0.002
3116,3.819927926319587e-09,0.002
3117,3.80412270624679e-09,0.002
3118,3.7883829510867766e-09,0.002
3119,3.772708387613828e-09,0.002
3120,3.7570987667986025e-09,0.002
3121,3.741553814407233e-09,0.002
3122,3.7260732761430366e-09,0.002
3123,3.7106569097903546e-09,0.002
3124,3.695304457072898e-09,0.002
3125,3.68001567954254e-09,0.002
3126,3.664790340898287e-09,0.002
3127,3.6496281950314935e-09,0.002
3128,3.6345290114457105e-09,0.002
3129,3.6194925559496064e-09,0.002
3130,3.6045185902092072e-09,0.002
3131,3.5896068877490897e-09,0.002
3132,3.5747572171011466e-09,0.002
3133,3.5599693475861772e-09,0.002
3134,3.5452430569616833e-09,0.002
3135,3.530578118452247e-09,0.002
3136,3.5159743084688665e-09,0.002
3137,3.5014314082241274e-09,0.002
3138,3.4869491950771917e-09,0.002
3139,3.4725274500897754e-09,0.002
3140,3.458165956291328e-09,0.002
3141,3.44386449417232e-09,0.002
3142,3.4296228479541194e-09,0.002
3143,3.4154408024115626e-09,0.002
3144,3.4013181414019007e-09,0.002
3145,3.387254652143311e-09,0.002
3146,3.3732501217338924e-09,0.002
3147,3.3593043374465866e-09,0.002
3148,3.3454170890908043e-09,0.002
3149,3.331588165959821e-09,0.002
3150,3.317817358101846e-09,0.002
3151,3.30410445722376e-09,0.002
3152,3.2904492545575283e-09,0.002
3153,3.2768515424505326e-09,0.002
3154,3.2633111143643072e-09,0.002
3155,3.2498277636112113e-09,0.002
3156,3.2364012847806594e-09,0.002
3157,3.223031473196791e-09,0.002
3158,3.2097181243494607e-09,0.002
3159,3.196461034914076e-09,0.002
3160,3.1832600020234124e-09,0.002
3161,3.1701148231880793e-09,0.002
3162,3.157025296918745e-09,0.002
3163,3.143991222056116e-09,0.002
3164,3.131012398008472e-09,0.002
3165,3.1180884721917357e-09,0.002
3166,3.105218378278195e-09,0.002
3167,3.0924016757478332e-09,0.002
3168,3.0796381209067337e-09,0.002
3169,3.066927428320669e-09,0.002
3170,3.0542693157791024e-09,0.002
3171,3.041663557436305e-09,0.002
3172,3.029109888750985e-09,0.002
3173,3.016608063195476e-09,0.002
3174,3.00415786700023e-09,0.002
3175,2.9917590556330633e-09,0.002
3176,2.979411408294465e-09,0.002
3177,2.9671147195073135e-09,0.002
3178,2.954868762560096e-09,0.002
3179,2.942673334404213e-09,0.002
3180,2.9305282359818707e-09,0.002
3181,2.91843325604246e-09,0.002
3182,2.9063882037112357e-09,0.002
3183,2.894392885696873e-09,0.002
3184,2.88244710365086e-09,0.002
3185,2.8705506747285772e-09,0.002
3186,2.858703410730153e-09,0.002
3187,2.8469051232743955e-09,0.002
3188,2.835155634472904e-09,0.002
3189,2.823454760579248e-09,0.002
3190,2.8118023205915435e-09,0.002
3191,2.8001981397472507e-09,0.002
3192,2.7886420384175013e-09,0.002
3193,2.7771338410418456e-09,0.002
3194,2.765673375180034e-09,0.002
3195,2.754260465058388e-09,0.002
3196,2.7428949391501215e-09,0.002
3197,2.731576626932035e-09,0.002
3198,2.7203053560942158e-09,0.002
3199,2.709080958072766e-09,0.002
3200,2.697903264134191e-09,0.002
3201,2.686772105049367e-09,0.002
3202,2.6756873145448207e-09,0.002
3203,2.6646487257003353e-09,0.002
3204,2.6536561720495433e-09,0.002
3205,2.6427094892306036e-09,0.002
3206,2.631808512224332e-09,0.002
3207,2.620953076985371e-09,0.002
3208,2.6101430208281712e-09,0.002
3209,2.5993781806155795e-09,0.002
3210,2.5886583944004368e-09,0.002
3211,2.5779835010227225e-09,0.002
3212,2.567353339180044e-09,0.002
3213,2.5567677487471925e-09,0.002
3214,2.5462265700207523e-09,0.002
3215,2.5357296434650533e-09,0.002
3216,2.525276810577245e-09,0.002
3217,2.514867913105287e-09,0.002
3218,2.5045027931843898e-09,0.002
3219,2.494181293786008e-09,0.002
3220,2.483903258091236e-09,0.002
3221,2.473668529791558e-09,0.002
3222,2.463476953257521e-09,0.002
3223,2.453328373080462e-09,0.002
3224,2.4432226344324606e-09,0.002
3225,2.4331595830222484e-09,0.002
3226,2.4231390648499873e-09,0.002
3227,2.4131609265069356e-09,0.002
3228,2.4032250150224476e-09,0.002
3229,2.3933311777896666e-09,0.002
3230,2.383479262764144e-09,0.002
3231,2.3736691182960224e-09,0.002
3232,2.363900593144602e-09,0.002
3233,2.354173536594496e-09,0.002
3234,2.3444877983108994e-09,0.002
3235,2.3348432283976323e-09,0.002
3236,2.325239677451812e-09,0.002
3237,2.3156769964427634e-09,0.002
3238,2.3061550368084812e-09,0.002
3239,2.2966736504286057e-09,0.002
3240,2.287232689588965e-09,0.002
3241,2.2778320070217038e-09,0.002
3242,2.2684714558984713e-09,0.002
3243,2.2591508897920175e-09,0.002
3244,2.2498701627252777e-09,0.002
3245,2.240629129142337e-09,0.002
3246,2.2314276439000592e-09,0.002
3247,2.2222655622967428e-09,0.002
3248,2.213142740037355e-09,0.002
3249,2.2040590332571167e-09,0.002
3250,2.1950142985117106e-09,0.002
3251,2.186008392771886e-09,0.002
3252,2.177041173422855e-09,0.002
3253,2.168112498283436e-09,0.002
3254,2.1592222255699376e-09,0.002
3255,2.1503702139242294e-09,0.002
3256,2.141556322403928e-09,0.002
3257,2.1327804104703917e-09,0.002
3258,2.124042338009399e-09,0.002
3259,2.115341965313849e-09,0.002
3260,2.1066790865297477e-09,0.002
3261,2.0980530890198974e-09,0.002
3262,2.0894636804720263e-09,0.002
3263,2.080910694219164e-09,0.002
3264,2.072393945585707e-09,0.002
3265,2.06391324787675e-09,0.002
3266,2.0554684472381437e-09,0.002
3267,2.047059370973727e-09,0.002
3268,2.0386858548990744e-09,0.002
3269,2.0303477537429867e-09,0.002
3270,2.0220449057982066e-09,0.002
3271,2.0137771616977677e-09,0.002
3272,2.005544380081279e-09,0.002
3273,1.997346408095539e-09,0.002
3274,1.9891831058972027e-09,0.002
3275,1.9810543352125067e-09,0.002
3276,1.9729599519892686e-09,0.002
3277,1.9648998236726775e-09,0.002
3278,1.956873815764129e-09,0.002
3279,1.948881792198127e-09,0.002
3280,1.940923625221946e-09,0.002
3281,1.9329991834728375e-09,0.002
3282,1.9251083366005013e-09,0.002
3283,1.917250959318151e-09,0.002
3284,1.90942692283247e-09,0.002
3285,1.901636100906798e-09,0.002
3286,1.8938783699775136e-09,0.002
3287,1.8861536040583003e-09,0.002
3288,1.8784616802714664e-09,0.002
3289,1.870802476697899e-09,0.002
3290,1.8631758701350982e-09,0.002
3291,1.8555817401556394e-09,0.002
3292,1.8480199661886326e-09,0.002
3293,1.8404904273229592e-09,0.002
3294,1.832993004776755e-09,0.002
3295,1.8255275792148513e-09,0.002
3296,1.8180939479438318e-09,0.002
3297,1.8106915178699407e-09,0.002
3298,1.803320026949314e-09,0.002
3299,1.7959793362687948e-09,0.002
3300,1.78866928228897e-09,0.002
3301,1.781389692435454e-09,0.002
3302,1.7741404399197942e-09,0.002
3303,1.7669213731710193e-09,0.002
3304,1.7597323453622566e-09,0.002
3305,1.7525732387383995e-09,0.002
3306,1.7454439126709806e-09,0.002
3307,1.7383442368691486e-09,0.002
3308,1.7312740963422322e-09,0.002
3309,1.7242333579050359e-09,0.002
3310,1.7172219012470051e-09,0.002
3311,1.7102396128889998e-09,0.002
3312,1.7032863675850023e-09,0.002
3313,1.6963620532036417e-09,0.002
3314,1.6894665591315858e-09,0.002
3315,1.6825997680888873e-09,0.002
3316,1.675761573656338e-09,0.002
3317,1.668951867353104e-09,0.002
3318,1.6621705375204364e-09,0.002
3319,1.6554174804185619e-09,0.002
3320,1.648692588834996e-09,0.002
3321,1.641995755186924e-09,0.002
3322,1.6353267166788995e-09,0.002
3323,1.6286850583764866e-09,0.002
3324,1.6220706310545414e-09,0.002
3325,1.6154833014263804e-09,0.002
3326,1.6089229299267142e-09,0.002
3327,1.6023893884592025e-09,0.002
3328,1.5958825576925502e-09,0.002
3329,1.589402309121062e-09,0.002
3330,1.5829485172234043e-09,0.002
3331,1.5765210688323732e-09,0.002
3332,1.570119849594543e-09,0.002
3333,1.563744753106139e-09,0.002
3334,1.5573956733506658e-09,0.002
3335,1.5510725034607312e-09,0.002
3336,1.544775141949371e-09,0.002
3337,1.5385034865054426e-09,0.002
3338,1.53225743494815e-09,0.002
3339,1.5260368892000583e-09,0.002
3340,1.5198417505217935e-09,0.002
3341,1.513671921354634e-09,0.002
3342,1.5075273073329988e-09,0.002
3343,1.5014078135873355e-09,0.002
3344,1.4953133466690273e-09,0.002
3345,1.4892438151502992e-09,0.002
3346,1.483199126999648e-09,0.002
3347,1.4771791914055893e-09,0.002
3348,1.4711839186980576e-09,0.002
3349,1.4652132187358178e-09,0.002
3350,1.4592670025794066e-09,0.002
3351,1.4533451820326863e-09,0.002
3352,1.4474476688071991e-09,0.002
3353,1.4415743757894187e-09,0.002
3354,1.4357252163917813e-09,0.002
3355,1.4299001041370535e-09,0.002
3356,1.4240989535131022e-09,0.002
3357,1.418321679272536e-09,0.002
3358,1.4125681963341817e-09,0.002
3359,1.406838420332819e-09,0.002
3360,1.4011322670218114e-09,0.002
3361,1.3954496523992395e-09,0.002
3362,1.3897904930409305e-09,0.002
3363,1.3841547056359685e-09,0.002
3364,1.3785422072122485e-09,0.002
3365,1.3729529152810015e-09,0.002
3366,1.3673867474904103e-09,0.002
3367,1.3618436218498767e-09,0.002
3368,1.3563234567271822e-09,0.002
3369,1.3508261706352088e-09,0.002
3370,1.345351682416749e-09,0.002
3371,1.3398999111927265e-09,0.002
3372,1.3344707762449251e-09,0.002
3373,1.3290641971720335e-09,0.002
3374,1.3236800938093085e-09,0.002
3375,1.3183183862008839e-09,0.002
3376,1.3129789946923071e-09,0.002
3377,1.3076618171551237e-09,0.002
3378,1.3023663990244875e-09,0.002
3379,1.2970924687183345e-09,0.002
3380,1.2918399194770223e-09,0.002
3381,1.2866086416296615e-09,0.002
3382,1.2813985063515711e-09,0.002
3383,1.276209418744051e-09,0.002
3384,1.2710412767260755e-09,0.002
3385,1.2658939685788925e-09,0.002
3386,1.2607674079285235e-09,0.002
3387,1.2556614995346278e-09,0.002
3388,1.2505761446954945e-09,0.002
3389,1.2455112628099654e-09,0.002
3390,1.240466764504522e-09,0.002
3391,1.2354425608325669e-09,0.002
3392,1.2304385752711296e-09,0.002
3393,1.2254547236425255e-09,0.002
3394,1.2204909244156505e-09,0.002
3395,1.2155471041313984e-09,0.002
3396,1.2106231831168238e-09,0.002
3397,1.205719085260042e-09,0.002
3398,1.2008347392258407e-09,0.002
3399,1.1959700689170225e-09,0.002
3400,1.191125001899019e-09,0.002
3401,1.1862994682412333e-09,0.002
3402,1.1814933946274775e-09,0.002
3403,1.1767067111342129e-09,0.002
3404,1.1719393489002673e-09,0.002
3405,1.1671912368951721e-09,0.002
3406,1.1624623070295542e-09,0.002
3407,1.1577524914127018e-09,0.002
3408,1.153061720936038e-09,0.002
3409,1.1483899288685376e-09,0.002
3410,1.1437370482115579e-09,0.002
3411,1.1391030114353125e-09,0.002
3412,1.1344877528318305e-09,0.002
3413,1.129891206238335e-09,0.002
3414,1.1253133054415336e-09,0.002
3415,1.1207539855680739e-09,0.002
3416,1.1162131812859854e-09,0.002
3417,1.1116908275153272e-09,0.002
3418,1.1071868601232589e-09,0.002
3419,1.1027012145951938e-09,0.002
3420,1.0982338268270567e-09,0.002
3421,1.0937846333373208e-09,0.002
3422,1.0893535703805558e-09,0.002
3423,1.0849405746697884e-09,0.002
3424,1.0805455833232264e-09,0.002
3425,1.0761685333025292e-09,0.002
3426,1.0718093620307694e-09,0.002
3427,1.0674680071835096e-09,0.002
3428,1.0631444063973554e-09,0.002
3429,1.0588384977316505e-09,0.002
3430,1.0545502194103346e-09,0.002
3431,1.0502795097090085e-09,0.002
3432,1.0460263072700238e-09,0.002
3433,1.041790550851815e-09,0.002
3434,1.0375721793289228e-09,0.002
3435,1.0333711318956585e-09,0.002
3436,1.029187347837258e-09,0.002
3437,1.0250207666021103e-09,0.002
3438,1.0208713279063225e-09,0.002
3439,1.0167389715662244e-09,0.002
3440,1.0126236375826656e-09,0.002
3441,1.0085252661847089e-09,0.002
3442,1.0044437977146857e-09,0.002
3443,1.0003791727100739e-09,0.002
3444,9.96331331905762e-10,0.002
3445,9.923002161575183e-10,0.002
3446,9.882857665281632e-10,0.002
3447,9.842879242457046e-10,0.002
3448,9.803066306866527e-10,0.002
3449,9.76341827410256e-10,0.002
3450,9.72393456146761e-10,0.002
3451,9.684614587688702e-10,0.002
3452,9.645457773436823e-10,0.002
3453,9.606463540842203e-10,0.002
3454,9.567631313697112e-10,0.002
3455,9.52896051752152e-10,0.002
3456,9.490450579367637e-10,0.002
3457,9.452100927909592e-10,0.002
3458,9.41391099352948e-10,0.002
3459,9.375880208146444e-10,0.002
3460,9.338008005278238e-10,0.002
3461,9.300293820167318e-10,0.002
3462,9.262737089493392e-10,0.002
3463,9.225337251675768e-10,0.002
3464,9.188093746650379e-10,0.002
3465,9.15100601598045e-10,0.002
3466,9.114073502782266e-10,0.002
3467,9.077295651830322e-10,0.002
3468,9.04067190940524e-10,0.002
3469,9.004201723390043e-10,0.002
3470,8.967884543290897e-10,0.002
3471,8.931719820101029e-10,0.002
3472,8.895707006466235e-10,0.002
3473,8.859845556532427e-10,0.002
3474,8.82413492603328e-10,0.002
3475,8.788574572278089e-10,0.002
3476,8.753163954121404e-10,0.002
3477,8.717902531959382e-10,0.002
3478,8.682789767751972e-10,0.002
3479,8.647825124982489e-10,0.002
3480,8.613008068715081e-10,0.002
3481,8.578338065534669e-10,0.002
3482,8.543814583556604e-10,0.002
3483,8.509437092448948e-10,0.002
3484,8.475205063395066e-10,0.002
3485,8.441117969100569e-10,0.002
3486,8.407175283826828e-10,0.002
3487,8.373376483336613e-10,0.002
3488,8.339721044893765e-10,0.002
3489,8.306208447326396e-10,0.002
3490,8.272838170929495e-10,0.002
3491,8.239609697551502e-10,0.002
3492,8.206522510506616e-10,0.002
3493,8.17357609463375e-10,0.002
3494,8.140769936319555e-10,0.002
3495,8.108103523344878e-10,0.002
3496,8.075576345078642e-10,0.002
3497,8.043187892335251e-10,0.002
3498,8.010937657465586e-10,0.002
3499,7.978825134264066e-10,0.002
3500,7.946849817985379e-10,0.002
3501,7.915011205467516e-10,0.002
3502,7.883308794921971e-10,0.002
3503,7.85174208609775e-10,0.002
3504,7.820310580171274e-10,0.002
3505,7.789013779865792e-10,0.002
3506,7.757851189278255e-10,0.002
3507,7.726822314027489e-10,0.002
3508,7.695926661176394e-10,0.002
3509,7.665163739253128e-10,0.002
3510,7.634533058239621e-10,0.002
3511,7.60403412956768e-10,0.002
3512,7.573666466113646e-10,0.002
3513,7.543429582236916e-10,0.002
3514,7.513322993669911e-10,0.002
3515,7.483346217655499e-10,0.002
3516,7.453498772828421e-10,0.002
3517,7.423779964857535e-10,0.002
3518,7.394187209263114e-10,0.002
3519,7.364719189181198e-10,0.002
3520,7.335375296793306e-10,0.002
3521,7.30615486038709e-10,0.002
3522,7.277057152816658e-10,0.002
3523,7.248081628326179e-10,0.002
3524,7.219227661736545e-10,0.002
3525,7.190494631001516e-10,0.002
3526,7.16188203459789e-10,0.002
3527,7.133389291374966e-10,0.002
3528,7.105015783644396e-10,0.002
3529,7.076759125366938e-10,0.002
3530,7.04861769806085e-10,0.002
3531,7.020590814190086e-10,0.002
3532,6.992677792356485e-10,0.002
3533,6.964877946956492e-10,0.002
3534,6.937190680039874e-10,0.002
3535,6.909615393136937e-10,0.002
3536,6.882151494325109e-10,0.002
3537,6.854798455287339e-10,0.002
3538,6.827555740192277e-10,0.002
3539,6.800422822387769e-10,0.002
3540,6.773399218084301e-10,0.002
3541,6.746484433449161e-10,0.002
3542,6.71967798621852e-10,0.002
3543,6.692979424467576e-10,0.002
3544,6.666388288474442e-10,0.002
3545,6.639904132670299e-10,0.002
3546,6.61352653293864e-10,0.002
3547,6.587255059676782e-10,0.002
3548,6.561089296611355e-10,0.002
3549,6.535028840977686e-10,0.002
3550,6.509073285270189e-10,0.002
3551,6.483222233038901e-10,0.002
3552,6.457475295552269e-10,0.002
3553,6.43183208078497e-10,0.002
3554,6.406292206250198e-10,0.002
3555,6.38085529424133e-10,0.002
3556,6.355520965665022e-10,0.002
3557,6.330288849689977e-10,0.002
3558,6.30515857828786e-10,0.002
3559,6.280129783298006e-10,0.002
3560,6.255202102946699e-10,0.002
3561,6.230375176810856e-10,0.002
3562,6.205648644828953e-10,0.002
3563,6.18102215179614e-10,0.002
3564,6.156495343110901e-10,0.002
3565,6.132067865220812e-10,0.002
3566,6.107739368419127e-10,0.002
3567,6.083509503490371e-10,0.002
3568,6.05937792278526e-10,0.002
3569,6.035344281694684e-10,0.002
3570,6.011408236053985e-10,0.002
3571,5.98756944338626e-10,0.002
3572,5.963827563454735e-10,0.002
3573,5.940182256449715e-10,0.002
3574,5.916633184157536e-10,0.002
3575,5.893180010130098e-10,0.002
3576,5.869822398400265e-10,0.002
3577,5.846560014588548e-10,0.002
3578,5.82339252575091e-10,0.002
3579,5.800319599595543e-10,0.002
3580,5.777340905371995e-10,0.002
3581,5.754456113439187e-10,0.002
3582,5.731664894978847e-10,0.002
3583,5.708966922524784e-10,0.002
3584,5.686361869524644e-10,0.002
3585,5.663849410322611e-10,0.002
3586,5.641429220487458e-10,0.002
3587,5.619100976444258e-10,0.002
3588,5.596864355522014e-10,0.002
3589,5.574719036230697e-10,0.002
3590,5.552664697880508e-10,0.002
3591,5.530701020805243e-10,0.002
3592,5.508827686332087e-10,0.002
3593,5.487044376658689e-10,0.002
3594,5.46535077494361e-10,0.002
3595,5.443746565316928e-10,0.002
3596,5.422231432759853e-10,0.002
3597,5.400805063186204e-10,0.002
3598,5.37946714344296e-10,0.002
3599,5.358217361250224e-10,0.002
3600,5.337055405231772e-10,0.002
3601,5.315980964951853e-10,0.002
3602,5.294993730830855e-10,0.002
3603,5.274093394182684e-10,0.002
3604,5.253279647241979e-10,0.002
3605,5.232552183069228e-10,0.002
3606,5.211910695644775e-10,0.002
3607,5.191354879833816e-10,0.002
3608,5.170884431314e-10,0.002
3609,5.150498888530175e-10,0.002
3610,5.130196564629094e-10,0.002
3611,5.109976635209047e-10,0.002
3612,5.089838698001952e-10,0.002
3613,5.069782313892407e-10,0.002
3614,5.04980700523202e-10,0.002
3615,5.029912411269227e-10,0.002
3616,5.010098137956852e-10,0.002
3617,4.99036378222632e-10,0.002
3618,4.97070902395852e-10,0.002
3619,4.951133505030905e-10,0.002
3620,4.931636867299921e-10,0.002
3621,4.912218804645255e-10,0.002
3622,4.892878974626366e-10,0.002
3623,4.873617043919867e-10,0.002
3624,4.85443271479755e-10,0.002
3625,4.835325663497164e-10,0.002
3626,4.816295583193896e-10,0.002
3627,4.797342191192146e-10,0.002
3628,4.778465185941959e-10,0.002
3629,4.759664282458032e-10,0.002
3630,4.740939207929607e-10,0.002
3631,4.722289673923522e-10,0.002
3632,4.703715405359422e-10,0.002
3633,4.685216131605074e-10,0.002
3634,4.666791571328372e-10,0.002
3635,4.648441455373448e-10,0.002
3636,4.6301655163315253e-10,0.002
3637,4.611963481425976e-10,0.002
3638,4.593835088704909e-10,0.002
3639,4.575780076206074e-10,0.002
3640,4.5577981793274353e-10,0.002
3641,4.5398889077284024e-10,0.002
3642,4.5220503675345285e-10,0.002
3643,4.504281727145595e-10,0.002
3644,4.486582669345604e-10,0.002
3645,4.4689527899865443e-10,0.002
3646,4.451391610014248e-10,0.002
3647,4.4338988399739724e-10,0.002
3648,4.416474114892528e-10,0.002
3649,4.399117030090918e-10,0.002
3650,4.3818273193807067e-10,0.002
3651,4.364604652783691e-10,0.002
3652,4.347448683172965e-10,0.002
3653,4.330359163177943e-10,0.002
3654,4.3133357927426665e-10,0.002
3655,4.296378268279543e-10,0.002
3656,4.279486356792787e-10,0.002
3657,4.2626597822780576e-10,0.002
3658,4.245898272792457e-10,0.002
3659,4.2292016051167554e-10,0.002
3660,4.2125695213563456e-10,0.002
3661,4.1960017714353437e-10,0.002
3662,4.1794981379651724e-10,0.002
3663,4.1630583762490365e-10,0.002
3664,4.146682250947974e-10,0.002
3665,4.1303695482127717e-10,0.002
3666,4.11412003322854e-10,0.002
3667,4.097933480993831e-10,0.002
3668,4.081809680185398e-10,0.002
3669,4.065748403969322e-10,0.002
3670,4.0497494348820413e-10,0.002
3671,4.03381256391984e-10,0.002
3672,4.0179375709145845e-10,0.002
3673,4.002124244209469e-10,0.002
3674,3.9863723771165146e-10,0.002
3675,3.970681755229866e-10,0.002
3676,3.955052171573134e-10,0.002
3677,3.9394834218344344e-10,0.002
3678,3.9239752966731914e-10,0.002
3679,3.9085275928803214e-10,0.002
3680,3.8931401085540014e-10,0.002
3681,3.877812638569158e-10,0.002
3682,3.8625449828282167e-10,0.002
3683,3.8473369416525466e-10,0.002
3684,3.832188313427336e-10,0.002
3685,3.817098900562736e-10,0.002
3686,3.802068505347521e-10,0.002
3687,3.7870969291433793e-10,0.002
3688,3.7721839764271896e-10,0.002
3689,3.7573294513398174e-10,0.002
3690,3.742533157769549e-10,0.002
3691,3.727794901995819e-10,0.002
3692,3.7131144899286255e-10,0.002
3693,3.6984917276695983e-10,0.002
3694,3.6839264231615326e-10,0.002
3695,3.6694183840335763e-10,0.002
3696,3.654967418396151e-10,0.002
3697,3.640573335761557e-10,0.002
3698,3.6262359454771576e-10,0.002
3699,3.6119550575063486e-10,0.002
3700,3.597730482932174e-10,0.002
3701,3.5835620327759897e-10,0.002
3702,3.5694495187871436e-10,0.002
3703,3.5553927535392517e-10,0.002
3704,3.5413915497599557e-10,0.002
3705,3.52744572081838e-10,0.002
3706,3.513555080851901e-10,0.002
3707,3.4997194441501235e-10,0.002
3708,3.485938625736086e-10,0.002
3709,3.472212441210335e-10,0.002
3710,3.458540706431673e-10,0.002
3711,3.4449232379569884e-10,0.002
3712,3.4313598528679165e-10,0.002
3713,3.417850368569449e-10,0.002
3714,3.4043946031312564e-10,0.002
3715,3.3909923750433046e-10,0.002
3716,3.3776435032499194e-10,0.002
3717,3.364347807278723e-10,0.002
3718,3.3511051070816353e-10,0.002
3719,3.337915223073796e-10,0.002
3720,3.324777976216112e-10,0.002
3721,3.311693187941953e-10,0.002
3722,3.298660680085961e-10,0.002
3723,3.285680275088816e-10,0.002
3724,3.2727517957742275e-10,0.002
3725,3.259875065464709e-10,0.002
3726,3.247049908007335e-10,0.002
3727,3.2342761476721273e-10,0.002
3728,3.221553609185469e-10,0.002
3729,3.208882117839918e-10,0.002
3730,3.196261499313827e-10,0.002
3731,3.183691579783513e-10,0.002
3732,3.171172185911338e-10,0.002
3733,3.158703144807109e-10,0.002
3734,3.146284284055314e-10,0.002
3735,3.1339154317161905e-10,0.002
3736,3.121596416302034e-10,0.002
3737,3.109327066825431e-10,0.002
3738,3.097107212709437e-10,0.002
3739,3.0849366838569985e-10,0.002
3740,3.0728153106671815e-10,0.002
3741,3.0607429239717876e-10,0.002
3742,3.048719355060595e-10,0.002
3743,3.0367444357051873e-10,0.002
3744,3.02481799809762e-10,0.002
3745,3.0129398749197333e-10,0.002
3746,3.0011098993046247e-10,0.002
3747,2.989327904848284e-10,0.002
3748,2.977593725571987e-10,0.002
3749,2.965907195998512e-10,0.002
3750,2.9542681510521315e-10,0.002
3751,2.942676426152417e-10,0.002
3752,2.9311318571525424e-10,0.002
3753,2.91963428035522e-10,0.002
3754,2.9081835325171836e-10,0.002
3755,2.8967794508513914e-10,0.002
3756,2.8854218730093613e-10,0.002
3757,2.8741106371053454e-10,0.002
3758,2.862845581670848e-10,0.002
3759,2.851626545722604e-10,0.002
3760,2.840453368693438e-10,0.002
3761,2.829325890478608e-10,0.002
3762,2.818243951403534e-10,0.002
3763,2.807207392254183e-10,0.002
3764,2.796216054243336e-10,0.002
3765,2.7852697790321105e-10,0.002
3766,2.774368408724237e-10,0.002
3767,2.7635117858462187e-10,0.002
3768,2.7526997533964813e-10,0.002
3769,2.741932154775715e-10,0.002
3770,2.731208833857114e-10,0.002
3771,2.7205296349200444e-10,0.002
3772,2.709894402688391e-10,0.002
3773,2.6993029823513175e-10,0.002
3774,2.6887552194816095e-10,0.002
3775,2.678250960115419e-10,0.002
3776,2.667790050729961e-10,0.002
3777,2.657372338219456e-10,0.002
3778,2.6469976698893905e-10,0.002
3779,2.636665893526877e-10,0.002
3780,2.6263768572970116e-10,0.002
3781,2.616130409837718e-10,0.002
3782,2.605926400169003e-10,0.002
3783,2.5957646777780336e-10,0.002
3784,2.5856450925704603e-10,0.002
3785,2.5755674948556215e-10,0.002
3786,2.565531735388431e-10,0.002
3787,2.5555376653271835e-10,0.002
3788,2.5455851362897083e-10,0.002
3789,2.5356740002861356e-10,0.002
3790,2.5258041097413663e-10,0.002
3791,2.5159753175413203e-10,0.002
3792,2.50618747694891e-10,0.002
3793,2.4964404416667003e-10,0.002
3794,2.486734065820437e-10,0.002
3795,2.477068203932551e-10,0.002
3796,2.4674427109678195e-10,0.002
3797,2.457857442291969e-10,0.002
3798,2.448312253682339e-10,0.002
3799,2.43880700135047e-10,0.002
3800,2.4293415419044677e-10,0.002
3801,2.419915732354091e-10,0.002
3802,2.4105294301522825e-10,0.002
3803,2.4011824931467244e-10,0.002
3804,2.3918747795862896e-10,0.002
3805,2.3826061481433405e-10,0.002
3806,2.37337645790617e-10,0.002
3807,2.3641855683448215e-10,0.002
3808,2.355033339360188e-10,0.002
3809,2.3459196312495317e-10,0.002
3810,2.336844304721171e-10,0.002
3811,2.3278072208738177e-10,0.002
3812,2.3188082412374856e-10,0.002
3813,2.3098472277148593e-10,0.002
3814,2.3009240426402245e-10,0.002
3815,2.2920385487133588e-10,0.002
3816,2.2831906090817518e-10,0.002
3817,2.274380087247265e-10,0.002
3818,2.265606847154962e-10,0.002
3819,2.2568707530966628e-10,0.002
3820,2.2481716698183106e-10,0.002
3821,2.2395094624112863e-10,0.002
3822,2.2308839963978247e-10,0.002
3823,2.2222951376971722e-10,0.002
3824,2.2137427525865227e-10,0.002
3825,2.2052267077789022e-10,0.002
3826,2.196746865589783e-10,0.002
3827,2.1883024780307158e-10,0.002
3828,2.1798928187497964e-10,0.002
3829,2.171517675109121e-10,0.002
3830,2.1631768712941856e-10,0.002
3831,2.1548701405604698e-10,0.002
3832,2.1465973101093785e-10,0.002
3833,2.138358216469431e-10,0.002
3834,2.130152643001828e-10,0.002
3835,2.1219804496718965e-10,0.002
3836,2.1138414831634348e-10,0.002
3837,2.1057355587116831e-10,0.002
3838,2.097662546924771e-10,0.002
3839,2.0896222951055305e-10,0.002
3840,2.081614637598845e-10,0.002
3841,2.0736390059748902e-10,0.002
3842,2.065694681771212e-10,0.002
3843,2.0577814308477992e-10,0.002
3844,2.0498991743616877e-10,0.002
3845,2.0420476350781364e-10,0.002
3846,2.0342266226484783e-10,0.002
3847,2.0264360448033654e-10,0.002
3848,2.0186756641525255e-10,0.002
3849,2.0109453227003268e-10,0.002
3850,2.0032449227993655e-10,0.002
3851,1.9955742627152398e-10,0.002
3852,1.9879332096415676e-10,0.002
3853,1.9803216645866822e-10,0.002
3854,1.9727394541971718e-10,0.002
3855,1.965186462186437e-10,0.002
3856,1.957662588468644e-10,0.002
3857,1.9501676809962986e-10,0.002
3858,1.9427016342813963e-10,0.002
3859,1.9352643484877915e-10,0.002
3860,1.927855688732767e-10,0.002
3861,1.9204755573230092e-10,0.002
3862,1.913123855740189e-10,0.002
3863,1.9058004623027174e-10,0.002
3864,1.8985052839183203e-10,0.002
3865,1.8912382228811601e-10,0.002
3866,1.88399916658425e-10,0.002
3867,1.8767880240190802e-10,0.002
3868,1.8696046980254984e-10,0.002
3869,1.8624490826559367e-10,0.002
3870,1.8553210881855194e-10,0.002
3871,1.8482206185767735e-10,0.002
3872,1.841147573273037e-10,0.002
3873,1.8341018635496037e-10,0.002
3874,1.827083394827881e-10,0.002
3875,1.8200920706234195e-10,0.002
3876,1.8131278028762083e-10,0.002
3877,1.8061904983829787e-10,0.002
3878,1.799280063748889e-10,0.002
3879,1.7923964114377158e-10,0.002
3880,1.7855394497407346e-10,0.002
3881,1.778709087803252e-10,0.002
3882,1.7719052386985528e-10,0.002
3883,1.7651278122874497e-10,0.002
3884,1.7583767196924445e-10,0.002
3885,1.751651874608503e-10,0.002
3886,1.7449531882178077e-10,0.002
3887,1.7382805731715016e-10,0.002
3888,1.731633943650519e-10,0.002
3889,1.72501321204603e-10,0.002
3890,1.718418292157686e-10,0.002
3891,1.7118490987119761e-10,0.002
3892,1.7053055452054685e-10,0.002
3893,1.6987875464629483e-10,0.002
3894,1.6922950177604933e-10,0.002
3895,1.6858278736419538e-10,0.002
3896,1.6793860297713264e-10,0.002
3897,1.6729694020142238e-10,0.002
3898,1.6665779058368697e-10,0.002
3899,1.660211457661155e-10,0.002
3900,1.653869973978152e-10,0.002
3901,1.6475533711121647e-10,0.002
3902,1.641261566212745e-10,0.002
3903,1.6349944764033907e-10,0.002
3904,1.6287520188789794e-10,0.002
3905,1.6225341114378017e-10,0.002
3906,1.6163406719042614e-10,0.002
3907,1.6101716182335277e-10,0.002
3908,1.6040268688821356e-10,0.002
3909,1.5979063423317784e-10,0.002
3910,1.5918099572732308e-10,0.002
3911,1.585737632801524e-10,0.002
3912,1.5796892880748113e-10,0.002
3913,1.573664842486428e-10,0.002
3914,1.5676642157548551e-10,0.002
3915,1.5616873277011092e-10,0.002
3916,1.555734098407635e-10,0.002
3917,1.5498044482255987e-10,0.002
3918,1.5438982976197375e-10,0.002
3919,1.5380155673403394e-10,0.002
3920,1.532156178344616e-10,0.002
3921,1.5263200517776035e-10,0.002
3922,1.5205071089951333e-10,0.002
3923,1.5147172716202415e-10,0.002
3924,1.508950461400302e-10,0.002
3925,1.5032066003734115e-10,0.002
3926,1.4974856107605793e-10,0.002
3927,1.4917874149665564e-10,0.002
3928,1.486111935639442e-10,0.002
3929,1.4804590956289297e-10,0.002
3930,1.474828817981184e-10,0.002
3931,1.4692210259579695e-10,0.002
3932,1.4636356430333032e-10,0.002
3933,1.458072592875826e-10,0.002
3934,1.4525317993735246e-10,0.002
3935,1.4470131866117206e-10,0.002
3936,1.441516678880825e-10,0.002
3937,1.436042200692725e-10,0.002
3938,1.4305896767341477e-10,0.002
3939,1.425159031921914e-10,0.002
3940,1.4197501913690794e-10,0.002
3941,1.4143630803815815e-10,0.002
3942,1.4089976244828133e-10,0.002
3943,1.4036537493930038e-10,0.002
3944,1.398331381033297e-10,0.002
3945,1.3930304455306154e-10,0.002
3946,1.387750869206249e-10,0.002
3947,1.3824925785880356e-10,0.002
3948,1.377255500399981e-10,0.002
3949,1.3720395615796297e-10,0.002
3950,1.366844689238748e-10,0.002
3951,1.3616708107268676e-10,0.002
3952,1.3565178535488867e-10,0.002
3953,1.3513857454418545e-10,0.002
3954,1.3462744143259982e-10,0.002
3955,1.34118378832224e-10,0.002
3956,1.3361137957523269e-10,0.002
3957,1.3310643651452335e-10,0.002
3958,1.3260354251914646e-10,0.002
3959,1.3210269048142e-10,0.002
3960,1.316038733125775e-10,0.002
3961,1.311070839416972e-10,0.002
3962,1.3061231532026774e-10,0.002
3963,1.3011956041594567e-10,0.002
3964,1.2962881221921373e-10,0.002
3965,1.2914006373629073e-10,0.002
3966,1.2865330799680991e-10,0.002
3967,1.281685380482438e-10,0.002
3968,1.2768574695471538e-10,0.002
3969,1.2720492780411253e-10,0.002
3970,1.2672607370143746e-10,0.002
3971,1.262491777694337e-10,0.002
3972,1.2577423315262116e-10,0.002
3973,1.2530123301385892e-10,0.002
3974,1.248301705343439e-10,0.002
3975,1.2436103891501297e-10,0.002
3976,1.2389383137659573e-10,0.002
3977,1.2342854115622082e-10,0.002
3978,1.2296516151412168e-10,0.002
3979,1.2250368517948193e-10,0.002
3980,1.2204407070867568e-10,0.002
3981,1.2158628252525488e-10,0.002
3982,1.2113030953316724e-10,0.002
3983,1.2067614206531237e-10,0.002
3984,1.2022376643277016e-10,0.002
3985,1.1977317337876673e-10,0.002
3986,1.1932435362907606e-10,0.002
3987,1.188772562746029e-10,0.002
3988,1.1843184194509864e-10,0.002
3989,1.179880932354528e-10,0.002
3990,1.1754600129777712e-10,0.002
3991,1.1710555399174857e-10,0.002
3992,1.1666673711744232e-10,0.002
3993,1.1622954263040135e-10,0.002
3994,1.157939599702009e-10,0.002
3995,1.1535997729312778e-10,0.002
3996,1.1492758737355281e-10,0.002
3997,1.1449678117104021e-10,0.002
3998,1.1406754890604328e-10,0.002
3999,1.1363988419453424e-10,0.002
4000,1.1321377923011027e-10,0.0020000000949949026
4001,1.1278922570414376e-10,0.0020000000949949026
4002,1.1236621777341677e-10,0.0020000000949949026
4003,1.1194474844522339e-10,0.0020000000949949026
4004,1.1152481046246609e-10,0.0020000000949949026
4005,1.1110639834899462e-10,0.0020000000949949026
4006,1.106895057909567e-10,0.0020000000949949026
4007,1.1027412638278296e-10,0.0020000000949949026
4008,1.09860255025951e-10,0.0020000000949949026
4009,1.0944788596941212e-10,0.0020000000949949026
4010,1.0903701343663691e-10,0.0020000000949949026
4011,1.086276325586105e-10,0.0020000000949949026
4012,1.0821973793747597e-10,0.0020000000949949026
4013,1.0781332417346045e-10,0.0020000000949949026
4014,1.0740838651158865e-10,0.0020000000949949026
4015,1.0700491978479337e-10,0.0020000000949949026
4016,1.0660291887535471e-10,0.0020000000949949026
4017,1.0620237912942907e-10,0.0020000000949949026
4018,1.0580329559198259e-10,0.0020000000949949026
4019,1.0540566337456846e-10,0.0020000000949949026
4020,1.0500947791803536e-10,0.0020000000949949026
4021,1.0461473442737017e-10,0.0020000000949949026
4022,1.0422142817571605e-10,0.0020000000949949026
4023,1.038295546648206e-10,0.0020000000949949026
4024,1.0343910921764531e-10,0.0020000000949949026
4025,1.030500872320864e-10,0.0020000000949949026
4026,1.0266248426819067e-10,0.0020000000949949026
4027,1.022762957633267e-10,0.0020000000949949026
4028,1.0189151722689154e-10,0.0020000000949949026
4029,1.0150814428555441e-10,0.0020000000949949026
4030,1.0112617247576079e-10,0.0020000000949949026
4031,1.0074559739793362e-10,0.0020000000949949026
4032,1.0036641473009127e-10,0.0020000000949949026
4033,9.998862008508664e-11,0.0020000000949949026
4034,9.961220912766518e-11,0.0020000000949949026
4035,9.923717757968655e-11,0.0020000000949949026
4036,9.886352111365784e-11,0.0020000000949949026
4037,9.84912354540922e-11,0.0020000000949949026
4038,9.812031636161336e-11,0.0020000000949949026
4039,9.775075956677744e-11,0.0020000000949949026
4040,9.738256084182478e-11,0.0020000000949949026
4041,9.701571598531536e-11,0.0020000000949949026
4042,9.665022077377289e-11,0.0020000000949949026
4043,9.628607102138617e-11,0.0020000000949949026
4044,9.592326255596435e-11,0.0020000000949949026
4045,9.556179119840033e-11,0.0020000000949949026
4046,9.520165279702898e-11,0.0020000000949949026
4047,9.484284321443241e-11,0.0020000000949949026
4048,9.448535830882794e-11,0.0020000000949949026
4049,9.412919396567718e-11,0.0020000000949949026
4050,9.377434608024085e-11,0.0020000000949949026
4051,9.34208105476113e-11,0.0020000000949949026
4052,9.306858328716318e-11,0.0020000000949949026
4053,9.271766022583335e-11,0.0020000000949949026
4054,9.236803729318454e-11,0.0020000000949949026
4055,9.201971043983099e-11,0.0020000000949949026
4056,9.167267562288749e-11,0.0020000000949949026
4057,9.132692880678926e-11,0.0020000000949949026
4058,9.09824659720497e-11,0.0020000000949949026
4059,9.063928310784521e-11,0.0020000000949949026
4060,9.029737620904984e-11,0.0020000000949949026
4061,8.995674128787588e-11,0.0020000000949949026
4062,8.961737436271803e-11,0.0020000000949949026
4063,8.927927146013028e-11,0.0020000000949949026
4064,8.894242862126355e-11,0.0020000000949949026
4065,8.860684189388666e-11,0.0020000000949949026
4066,8.827250733489564e-11,0.0020000000949949026
4067,8.793942101371366e-11,0.0020000000949949026
4068,8.760757900777207e-11,0.0020000000949949026
4069,8.727697740389607e-11,0.0020000000949949026
4070,8.694761229973034e-11,0.0020000000949949026
4071,8.661947980291533e-11,0.0020000000949949026
4072,8.629257602847613e-11,0.0020000000949949026
4073,8.596689710298e-11,0.0020000000949949026
4074,8.564243916184468e-11,0.0020000000949949026
4075,8.53191983495755e-11,0.0020000000949949026
4076,8.499717082165828e-11,0.0020000000949949026
4077,8.467635274124266e-11,0.0020000000949949026
4078,8.435674028141581e-11,0.0020000000949949026
4079,8.403832962597181e-11,0.0020000000949949026
4080,8.372111696627328e-11,0.0020000000949949026
4081,8.340509850408394e-11,0.0020000000949949026
4082,8.309027045108788e-11,0.0020000000949949026
4083,8.277662902620063e-11,0.0020000000949949026
4084,8.246417046044562e-11,0.0020000000949949026
4085,8.215289099170597e-11,0.0020000000949949026
4086,8.184278686867454e-11,0.0020000000949949026
4087,8.153385434790253e-11,0.0020000000949949026
4088,8.122608969776027e-11,0.0020000000949949026
4089,8.091948919252821e-11,0.0020000000949949026
4090,8.061404911805502e-11,0.0020000000949949026
4091,8.030976576886803e-11,0.0020000000949949026
4092,8.000663544768688e-11,0.0020000000949949026
4093,7.970465446817092e-11,0.0020000000949949026
4094,7.940381915196932e-11,0.0020000000949949026
4095,7.910412582885543e-11,0.0020000000949949026
4096,7.880557084075007e-11,0.0020000000949949026
4097,7.850815053500186e-11,0.0020000000949949026
4098,7.821186127136199e-11,0.0020000000949949026
4099,7.791669941710486e-11,0.0020000000949949026
4100,7.762266134694788e-11,0.0020000000949949026
4101,7.732974344862802e-11,0.0020000000949949026
4102,7.703794211582264e-11,0.0020000000949949026
4103,7.674725375133251e-11,0.0020000000949949026
4104,7.645767476886014e-11,0.0020000000949949026
4105,7.61692015894072e-11,0.0020000000949949026
4106,7.58818306432563e-11,0.0020000000949949026
4107,7.559555836979241e-11,0.0020000000949949026
4108,7.531038121842225e-11,0.0020000000949949026
4109,7.502629564588157e-11,0.0020000000949949026
4110,7.474329811880283e-11,0.0020000000949949026
4111,7.44613851115581e-11,0.0020000000949949026
4112,7.418055310913926e-11,0.0020000000949949026
4113,7.390079860420258e-11,0.0020000000949949026
4114,7.362211809855076e-11,0.0020000000949949026
4115,7.334450810334278e-11,0.0020000000949949026
4116,7.306796513705492e-11,0.0020000000949949026
4117,7.279248572881898e-11,0.0020000000949949026
4118,7.251806641605457e-11,0.0020000000949949026
4119,7.224470374462962e-11,0.0020000000949949026
4120,7.197239426869384e-11,0.0020000000949949026
4121,7.170113455314969e-11,0.0020000000949949026
4122,7.143092116837705e-11,0.0020000000949949026
4123,7.116175069666856e-11,0.0020000000949949026
4124,7.089361972768449e-11,0.0020000000949949026
4125,7.062652485971271e-11,0.0020000000949949026
4126,7.036046270022121e-11,0.0020000000949949026
4127,7.009542986453571e-11,0.0020000000949949026
4128,6.983142297776858e-11,0.0020000000949949026
4129,6.956843867326456e-11,0.0020000000949949026
4130,6.930647359117204e-11,0.0020000000949949026
4131,6.904552438495339e-11,0.0020000000949949026
4132,6.87855877112169e-11,0.0020000000949949026
4133,6.852666023908808e-11,0.0020000000949949026
4134,6.826873864429092e-11,0.0020000000949949026
4135,6.801181961196046e-11,0.0020000000949949026
4136,6.77558998349094e-11,0.0020000000949949026
4137,6.750097601619477e-11,0.0020000000949949026
4138,6.724704486576855e-11,0.0020000000949949026
4139,6.699410310268018e-11,0.0020000000949949026
4140,6.674214745441317e-11,0.0020000000949949026
4141,6.649117465761775e-11,0.0020000000949949026
4142,6.624118145656592e-11,0.0020000000949949026
4143,6.599216460383843e-11,0.0020000000949949026
4144,6.574412086091936e-11,0.0020000000949949026
4145,6.549704699879671e-11,0.0020000000949949026
4146,6.525093979453733e-11,0.0020000000949949026
4147,6.500579603579145e-11,0.0020000000949949026
4148,6.476161251718906e-11,0.0020000000949949026
4149,6.451838604222783e-11,0.0020000000949949026
4150,6.427611342357477e-11,0.0020000000949949026
4151,6.40347914810307e-11,0.0020000000949949026
4152,6.379441704331397e-11,0.0020000000949949026
4153,6.355498694661311e-11,0.0020000000949949026
4154,6.331649803748801e-11,0.0020000000949949026
4155,6.307894716877886e-11,0.0020000000949949026
4156,6.284233120201949e-11,0.0020000000949949026
4157,6.260664700803731e-11,0.0020000000949949026
4158,6.23718914648387e-11,0.0020000000949949026
4159,6.213806145929877e-11,0.0020000000949949026
4160,6.190515388614843e-11,0.0020000000949949026
4161,6.167316564837778e-11,0.0020000000949949026
4162,6.14420936577343e-11,0.0020000000949949026
4163,6.121193483321858e-11,0.0020000000949949026
4164,6.098268610258256e-11,0.0020000000949949026
4165,6.075434440184177e-11,0.0020000000949949026
4166,6.052690667488332e-11,0.0020000000949949026
4167,6.030036987403556e-11,0.0020000000949949026
4168,6.007473095885627e-11,0.0020000000949949026
4169,5.984998689858249e-11,0.0020000000949949026
4170,5.962613466925845e-11,0.0020000000949949026
4171,5.94031712555114e-11,0.0020000000949949026
4172,5.918109364988891e-11,0.0020000000949949026
4173,5.895989885305976e-11,0.0020000000949949026
4174,5.873958387349488e-11,0.0020000000949949026
4175,5.852014572820615e-11,0.0020000000949949026
4176,5.830158144158125e-11,0.0020000000949949026
4177,5.808388804712568e-11,0.0020000000949949026
4178,5.786706258449318e-11,0.0020000000949949026
4179,5.765110210312144e-11,0.0020000000949949026
4180,5.7436003659063324e-11,0.0020000000949949026
4181,5.7221764317764794e-11,0.0020000000949949026
4182,5.700838115109014e-11,0.0020000000949949026
4183,5.679585123916037e-11,0.0020000000949949026
4184,5.6584171671464086e-11,0.0020000000949949026
4185,5.6373339542866484e-11,0.0020000000949949026
4186,5.616335195806847e-11,0.0020000000949949026
4187,5.59542060292911e-11,0.0020000000949949026
4188,5.57458988757803e-11,0.0020000000949949026
4189,5.553842762560229e-11,0.0020000000949949026
4190,5.5331789414018285e-11,0.0020000000949949026
4191,5.512598138391074e-11,0.0020000000949949026
4192,5.492100068705419e-11,0.0020000000949949026
4193,5.4716844481465645e-11,0.0020000000949949026
4194,5.451350993428937e-11,0.0020000000949949026
4195,5.431099421968083e-11,0.0020000000949949026
4196,5.410929451963107e-11,0.0020000000949949026
4197,5.3908408024512466e-11,0.0020000000949949026
4198,5.370833193029273e-11,0.0020000000949949026
4199,5.3509063443239884e-11,0.0020000000949949026
4200,5.331059977654761e-11,0.0020000000949949026
4201,5.311293814981316e-11,0.0020000000949949026
4202,5.291607579185693e-11,0.0020000000949949026
4203,5.2720009937934344e-11,0.0020000000949949026
4204,5.252473783203607e-11,0.0020000000949949026
4205,5.233025672511645e-11,0.0020000000949949026
4206,5.213656387542035e-11,0.0020000000949949026
4207,5.194365654923836e-11,0.0020000000949949026
4208,5.175153202051198e-11,0.0020000000949949026
4209,5.156018757100153e-11,0.0020000000949949026
4210,5.136962048854494e-11,0.0020000000949949026
4211,5.117982807060604e-11,0.0020000000949949026
4212,5.099080761999708e-11,0.0020000000949949026
4213,5.080255644934364e-11,0.0020000000949949026
4214,5.061507187665376e-11,0.0020000000949949026
4215,5.042835122879785e-11,0.0020000000949949026
4216,5.024239183904477e-11,0.0020000000949949026
4217,5.005719104915039e-11,0.0020000000949949026
4218,4.9872746207678395e-11,0.0020000000949949026
4219,4.9689054670760974e-11,0.0020000000949949026
4220,4.950611380190383e-11,0.0020000000949949026
4221,4.9323920971842435e-11,0.0020000000949949026
4222,4.9142473559121126e-11,0.0020000000949949026
4223,4.8961768949516855e-11,0.0020000000949949026
4224,4.878180453555449e-11,0.0020000000949949026
4225,4.8602577717301094e-11,0.0020000000949949026
4226,4.8424085903124936e-11,0.0020000000949949026
4227,4.824632650762894e-11,0.0020000000949949026
4228,4.8069296953072477e-11,0.0020000000949949026
4229,4.789299466948225e-11,0.0020000000949949026
4230,4.771741709245448e-11,0.0020000000949949026
4231,4.754256166661422e-11,0.0020000000949949026
4232,4.7368425843443335e-11,0.0020000000949949026
4233,4.71950070814092e-11,0.0020000000949949026
4234,4.7022302846244496e-11,0.0020000000949949026
4235,4.685031061020614e-11,0.0020000000949949026
4236,4.6679027853920603e-11,0.0020000000949949026
4237,4.650844633345072e-11,0.0020000000949949026
4238,4.633854054389919e-11,0.0020000000949949026
4239,4.61693022379752e-11,0.0020000000949949026
4240,4.6000728048808267e-11,0.0020000000949949026
4241,4.58328123296272e-11,0.0020000000949949026
4242,4.5665549943453015e-11,0.0020000000949949026
4243,4.549893802409563e-11,0.0020000000949949026
4244,4.533297193700992e-11,0.0020000000949949026
4245,4.5167647943604484e-11,0.0020000000949949026
4246,4.500296349256869e-11,0.0020000000949949026
4247,4.483891452685532e-11,0.0020000000949949026
4248,4.467549788002328e-11,0.0020000000949949026
4249,4.4512710889591445e-11,0.0020000000949949026
4250,4.43505498750689e-11,0.0020000000949949026
4251,4.4189012119510883e-11,0.0020000000949949026
4252,4.402809511053584e-11,0.0020000000949949026
4253,4.386779576542704e-11,0.0020000000949949026
4254,4.370811183880267e-11,0.0020000000949949026
4255,4.354904099849821e-11,0.0020000000949949026
4256,4.3390580552269324e-11,0.0020000000949949026
4257,4.323272838808276e-11,0.0020000000949949026
4258,4.307548214357221e-11,0.0020000000949949026
4259,4.29188392941524e-11,0.0020000000949949026
4260,4.2762797747622583e-11,0.0020000000949949026
4261,4.260735517722296e-11,0.0020000000949949026
4262,4.245250927457375e-11,0.0020000000949949026
4263,4.2298258036230415e-11,0.0020000000949949026
4264,4.214459924882839e-11,0.0020000000949949026
4265,4.1991530777036717e-11,0.0020000000949949026
4266,4.18390506461152e-11,0.0020000000949949026
4267,4.1687156695931535e-11,0.0020000000949949026
4268,4.1535846865983085e-11,0.0020000000949949026
4269,4.138511917398398e-11,0.0020000000949949026
4270,4.123497151768384e-11,0.0020000000949949026
4271,4.108540191707679e-11,0.0020000000949949026
4272,4.093640842743578e-11,0.0020000000949949026
4273,4.07879890361634e-11,0.0020000000949949026
4274,4.064014183644001e-11,0.0020000000949949026
4275,4.0492864913876565e-11,0.0020000000949949026
4276,4.034615631401262e-11,0.0020000000949949026
4277,4.020001415795943e-11,0.0020000000949949026
4278,4.005443654006743e-11,0.0020000000949949026
4279,3.990942154246789e-11,0.0020000000949949026
4280,3.976496730633363e-11,0.0020000000949949026
4281,3.96210709046906e-11,0.0020000000949949026
4282,3.947771392312198e-11,0.0020000000949949026
4283,3.933488570188173e-11,0.0020000000949949026
4284,3.9192583573411495e-11,0.0020000000949949026
4285,3.9050804248277766e-11,0.0020000000949949026
4286,3.8909543176749187e-11,0.0020000000949949026
4287,3.876879806411528e-11,0.0020000000949949026
4288,3.862856595615931e-11,0.0020000000949949026
4289,3.8488843174162314e-11,0.0020000000949949026
4290,3.834962770066874e-11,0.0020000000949949026
4291,3.8210916869915666e-11,0.0020000000949949026
4292,3.807270764994066e-11,0.0020000000949949026
4293,3.793499821808765e-11,0.0020000000949949026
4294,3.779778618447224e-11,0.0020000000949949026
4295,3.766106903044613e-11,0.0020000000949949026
4296,3.7524845104803934e-11,0.0020000000949949026
4297,3.7389112268791846e-11,0.0020000000949949026
4298,3.725386838324009e-11,0.0020000000949949026
4299,3.7119111897118224e-11,0.0020000000949949026
4300,3.6984840842466225e-11,0.0020000000949949026
4301,3.6851053314467704e-11,0.0020000000949949026
4302,3.6717747796015286e-11,0.0020000000949949026
4303,3.6584922436018645e-11,0.0020000000949949026
4304,3.6452575485928215e-11,0.0020000000949949026
4305,3.63207054506739e-11,0.0020000000949949026
4306,3.6189310579001784e-11,0.0020000000949949026
4307,3.605838923748288e-11,0.0020000000949949026
4308,3.5927939946398165e-11,0.0020000000949949026
4309,3.579796103486261e-11,0.0020000000949949026
4310,3.566845094543626e-11,0.0020000000949949026
4311,3.553940820912935e-11,0.0020000000949949026
4312,3.541083122041779e-11,0.0020000000949949026
4313,3.5282718480767445e-11,0.0020000000949949026
4314,3.515506853866863e-11,0.0020000000949949026
4315,3.502787985078163e-11,0.0020000000949949026
4316,3.490115096781458e-11,0.0020000000949949026
4317,3.4774880459209976e-11,0.0020000000949949026
4318,3.4649066834498416e-11,0.0020000000949949026
4319,3.452370867898765e-11,0.0020000000949949026
4320,3.4398804578724036e-11,0.0020000000949949026
4321,3.427435308296161e-11,0.0020000000949949026
4322,3.415035280049816e-11,0.0020000000949949026
4323,3.402680233276718e-11,0.0020000000949949026
4324,3.390370026103285e-11,0.0020000000949949026
4325,3.3781045213250814e-11,0.0020000000949949026
4326,3.3658835804834816e-11,0.0020000000949949026
4327,3.3537070643369244e-11,0.0020000000949949026
4328,3.341574837026592e-11,0.0020000000949949026
4329,3.3294867613857706e-11,0.0020000000949949026
4330,3.3174427002316064e-11,0.0020000000949949026
4331,3.305442518755187e-11,0.0020000000949949026
4332,3.293486081060295e-11,0.0020000000949949026
4333,3.281573251688338e-11,0.0020000000949949026
4334,3.269703896906358e-11,0.0020000000949949026
4335,3.257877882239258e-11,0.0020000000949949026
4336,3.246095073721882e-11,0.0020000000949949026
4337,3.234355338684739e-11,0.0020000000949949026
4338,3.222658543889186e-11,0.0020000000949949026
4339,3.211004556747425e-11,0.0020000000949949026
4340,3.1993932455926333e-11,0.0020000000949949026
4341,3.187824478391919e-11,0.0020000000949949026
4342,3.1762981237893645e-11,0.0020000000949949026
4343,3.1648140510431127e-11,0.0020000000949949026
4344,3.153372129289662e-11,0.0020000000949949026
4345,3.1419722282969616e-11,0.0020000000949949026
4346,3.130614218310138e-11,0.0020000000949949026
4347,3.119297969539642e-11,0.0020000000949949026
4348,3.1080233527898036e-11,0.0020000000949949026
4349,3.096790239204374e-11,0.0020000000949949026
4350,3.085598500055064e-11,0.0020000000949949026
4351,3.0744480071379783e-11,0.0020000000949949026
4352,3.0633386324999746e-11,0.0020000000949949026
4353,3.052270248401531e-11,0.0020000000949949026
4354,3.0412427276211284e-11,0.0020000000949949026
4355,3.030255943184931e-11,0.0020000000949949026
4356,3.019309768307989e-11,0.0020000000949949026
4357,3.008404076679383e-11,0.0020000000949949026
4358,2.997538742255669e-11,0.0020000000949949026
4359,2.986713639211189e-11,0.0020000000949949026
4360,2.975928642226631e-11,0.0020000000949949026
4361,2.965183626118714e-11,0.0020000000949949026
4362,2.9544784660091536e-11,0.0020000000949949026
4363,2.9438130374708336e-11,0.0020000000949949026
4364,2.9331872163049544e-11,0.0020000000949949026
4365,2.9226008785336196e-11,0.0020000000949949026
4366,2.912053900684177e-11,0.0020000000949949026
4367,2.9015461593559072e-11,0.0020000000949949026
4368,2.8910775315809598e-11,0.0020000000949949026
4369,2.8806478947073684e-11,0.0020000000949949026
4370,2.8702571262914517e-11,0.0020000000949949026
4371,2.8599051042867105e-11,0.0020000000949949026
4372,2.8495917068677204e-11,0.0020000000949949026
4373,2.83931681254728e-11,0.0020000000949949026
4374,2.829080300145604e-11,0.0020000000949949026
4375,2.818882048712435e-11,0.0020000000949949026
4376,2.808721937670573e-11,0.0020000000949949026
4377,2.798599846694525e-11,0.0020000000949949026
4378,2.7885156557918048e-11,0.0020000000949949026
4379,2.778469245220754e-11,0.0020000000949949026
4380,2.7684604955155596e-11,0.0020000000949949026
4381,2.758489287618685e-11,0.0020000000949949026
4382,2.7485555026200425e-11,0.0020000000949949026
4383,2.7386590219991054e-11,0.0020000000949949026
4384,2.728799727522751e-11,0.0020000000949949026
4385,2.7189775011780733e-11,0.0020000000949949026
4386,2.7091922253222198e-11,0.0020000000949949026
4387,2.6994437825285627e-11,0.0020000000949949026
4388,2.689732055728048e-11,0.0020000000949949026
4389,2.6800569281404882e-11,0.0020000000949949026
4390,2.6704182831620155e-11,0.0020000000949949026
4391,2.660816004681019e-11,0.0020000000949949026
4392,2.651249976644452e-11,0.0020000000949949026
4393,2.6417200834716748e-11,0.0020000000949949026
4394,2.6322262097920578e-11,0.0020000000949949026
4395,2.6227682404849465e-11,0.0020000000949949026
4396,2.6133460607966465e-11,0.0020000000949949026
4397,2.6039595561920108e-11,0.0020000000949949026
4398,2.594608612440214e-11,0.0020000000949949026
4399,2.585293115664675e-11,0.0020000000949949026
4400,2.5760129521085296e-11,0.0020000000949949026
4401,2.5667680084947832e-11,0.0020000000949949026
4402,2.5575581716845313e-11,0.0020000000949949026
4403,2.5483833288864264e-11,0.0020000000949949026
4404,2.5392433676196984e-11,0.0020000000949949026
4405,2.5301381755523573e-11,0.0020000000949949026
4406,2.521067640826393e-11,0.0020000000949949026
4407,2.5120316517115244e-11,0.0020000000949949026
4408,2.5030300968289956e-11,0.0020000000949949026
4409,2.4940628650530316e-11,0.0020000000949949026
4410,2.485129845560881e-11,0.0020000000949949026
4411,2.4762309277820385e-11,0.0020000000949949026
4412,2.467366001459389e-11,0.0020000000949949026
4413,2.458534956569211e-11,0.0020000000949949026
4414,2.4497376834280398e-11,0.0020000000949949026
4415,2.4409740725940867e-11,0.0020000000949949026
4416,2.4322440148561957e-11,0.0020000000949949026
4417,2.4235474013571824e-11,0.0020000000949949026
4418,2.4148841234890545e-11,0.0020000000949949026
4419,2.4062540729256427e-11,0.0020000000949949026
4420,2.397657141586533e-11,0.0020000000949949026
4421,2.3890932216754414e-11,0.0020000000949949026
4422,2.3805622057260954e-11,0.0020000000949949026
4423,2.3720639864961722e-11,0.0020000000949949026
4424,2.3635984569695787e-11,0.0020000000949949026
4425,2.355165510540691e-11,0.0020000000949949026
4426,2.3467650407387048e-11,0.0020000000949949026
4427,2.3383969414202395e-11,0.0020000000949949026
4428,2.3300611067517432e-11,0.0020000000949949026
4429,2.3217574311126345e-11,0.0020000000949949026
4430,2.313485809172127e-11,0.0020000000949949026
4431,2.3052461358905334e-11,0.0020000000949949026
4432,2.2970383064294384e-11,0.0020000000949949026
4433,2.2888622163684016e-11,0.0020000000949949026
4434,2.280717761380608e-11,0.0020000000949949026
4435,2.2726048374930636e-11,0.0020000000949949026
4436,2.2645233410529875e-11,0.0020000000949949026
4437,2.256473168565605e-11,0.0020000000949949026
4438,2.248454216904456e-11,0.0020000000949949026
4439,2.240466383102617e-11,0.0020000000949949026
4440,2.2325095645475784e-11,0.0020000000949949026
4441,2.2245836589134393e-11,0.0020000000949949026
4442,2.216688564024568e-11,0.0020000000949949026
4443,2.2088241780956907e-11,0.0020000000949949026
4444,2.2009903994786103e-11,0.0020000000949949026
4445,2.1931871269589774e-11,0.0020000000949949026
4446,2.1854142594195106e-11,0.0020000000949949026
4447,2.177671696106031e-11,0.0020000000949949026
4448,2.1699593364806364e-11,0.0020000000949949026
4449,2.1622770802831548e-11,0.0020000000949949026
4450,2.1546248275502515e-11,0.0020000000949949026
4451,2.147002478564915e-11,0.0020000000949949026
4452,2.1394099337711647e-11,0.0020000000949949026
4453,2.1318470940264774e-11,0.0020000000949949026
4454,2.1243138603642155e-11,0.0020000000949949026
4455,2.1168101341176135e-11,0.0020000000949949026
4456,2.10933581683809e-11,0.0020000000949949026
4457,2.1018908103505858e-11,0.0020000000949949026
4458,2.0944750167417443e-11,0.0020000000949949026
4459,2.0870883383802916e-11,0.0020000000949949026
4460,2.079730677879204e-11,0.0020000000949949026
4461,2.072401938059738e-11,0.0020000000949949026
4462,2.0651020220743123e-11,0.0020000000949949026
4463,2.0578308333232845e-11,0.0020000000949949026
4464,2.0505882753739937e-11,0.0020000000949949026
4465,2.0433742521843184e-11,0.0020000000949949026
4466,2.036188667881967e-11,0.0020000000949949026
4467,2.029031426852535e-11,0.0020000000949949026
4468,2.0219024337540408e-11,0.0020000000949949026
4469,2.0148015935146767e-11,0.0020000000949949026
4470,2.0077288112740512e-11,0.0020000000949949026
4471,2.000683992465531e-11,0.0020000000949949026
4472,1.9936670427406095e-11,0.0020000000949949026
4473,1.986677868039682e-11,0.0020000000949949026
4474,1.979716374540881e-11,0.0020000000949949026
4475,1.972782468658797e-11,0.0020000000949949026
4476,1.9658760570511898e-11,0.0020000000949949026
4477,1.9589970466690625e-11,0.0020000000949949026
4478,1.952145344685365e-11,0.0020000000949949026
4479,1.9453208585367074e-11,0.0020000000949949026
4480,1.9385234959003358e-11,0.0020000000949949026
4481,1.931753164663168e-11,0.0020000000949949026
4482,1.925009762896566e-11,0.0020000000949949026
4483,1.918292289641155e-11,0.0020000000949949026
4484,1.9115998034031106e-11,0.0020000000949949026
4485,1.9049321102460478e-11,0.0020000000949949026
4486,1.8982890697196168e-11,0.0020000000949949026
4487,1.8916703711896875e-11,0.0020000000949949026
4488,1.8850758682444403e-11,0.0020000000949949026
4489,1.8785054142696978e-11,0.0020000000949949026
4490,1.8719587615463362e-11,0.0020000000949949026
4491,1.8654357987708255e-11,0.0020000000949949026
4492,1.858936384737638e-11,0.0020000000949949026
4493,1.8524603271841062e-11,0.0020000000949949026
4494,1.8460075381241565e-11,0.0020000000949949026
4495,1.8395778877213768e-11,0.0020000000949949026
4496,1.8331712289863302e-11,0.0020000000949949026
4497,1.8267874886665858e-11,0.0020000000949949026
4498,1.820426550002353e-11,0.0020000000949949026
4499,1.8140882989755992e-11,0.0020000000949949026
4500,1.8077726684195606e-11,0.0018000000854954123
4501,1.802108289575753e-11,0.0018000000854954123
4502,1.7964628322304704e-11,0.0018000000854954123
4503,1.790836140332951e-11,0.0018000000854954123
4504,1.7852280433799217e-11,0.0018000000854954123
4505,1.779638388576589e-11,0.0018000000854954123
4506,1.7740670496087905e-11,0.0018000000854954123
4507,1.768513890045334e-11,0.0018000000854954123
4508,1.7629787851880728e-11,0.0018000000854954123
4509,1.757461411748323e-11,0.0018000000854954123
4510,1.751961113245853e-11,0.0018000000854954123
4511,1.7464776502138005e-11,0.0018000000854954123
4512,1.7410109420743243e-11,0.0018000000854954123
4513,1.7355608049068257e-11,0.0018000000854954123
4514,1.7301270396480454e-11,0.0018000000854954123
4515,1.7247095749397238e-11,0.0018000000854954123
4516,1.719308287374097e-11,0.0018000000854954123
4517,1.713923019497539e-11,0.0018000000854954123
4518,1.7085537067728183e-11,0.0018000000854954123
4519,1.703200261319807e-11,0.0018000000854954123
4520,1.6978625535934093e-11,0.0018000000854954123
4521,1.6925405194959217e-11,0.0018000000854954123
4522,1.6872340931857142e-11,0.0018000000854954123
4523,1.6819431728249046e-11,0.0018000000854954123
4524,1.6766677017357376e-11,0.0018000000854954123
4525,1.6714076335056225e-11,0.0018000000854954123
4526,1.666162890878967e-11,0.0018000000854954123
4527,1.660933422789446e-11,0.0018000000854954123
4528,1.6557191906939935e-11,0.0018000000854954123
4529,1.650520129902825e-11,0.0018000000854954123
4530,1.6453361889777638e-11,0.0018000000854954123
4531,1.6401673297351057e-11,0.0018000000854954123
4532,1.6350134955704705e-11,0.0018000000854954123
4533,1.629874636382693e-11,0.0018000000854954123
4534,1.6247507154181598e-11,0.0018000000854954123
4535,1.619641683800838e-11,0.0018000000854954123
4536,1.6145474944828338e-11,0.0018000000854954123
4537,1.6094681113636286e-11,0.0018000000854954123
4538,1.604403490349599e-11,0.0018000000854954123
4539,1.5993535860966475e-11,0.0018000000854954123
4540,1.59431836220185e-11,0.0018000000854954123
4541,1.589297777652728e-11,0.0018000000854954123
4542,1.584291789623856e-11,0.0018000000854954123
4543,1.5793003625019522e-11,0.0018000000854954123
4544,1.5743234586950235e-11,0.0018000000854954123
4545,1.5693610385280117e-11,0.0018000000854954123
4546,1.564413067431097e-11,0.0018000000854954123
4547,1.559479510047606e-11,0.0018000000854954123
4548,1.554560328633083e-11,0.0018000000854954123
4549,1.5496554889215665e-11,0.0018000000854954123
4550,1.544764956510084e-11,0.0018000000854954123
4551,1.5398886949953974e-11,0.0018000000854954123
4552,1.5350266703381013e-11,0.0018000000854954123
4553,1.5301788489848907e-11,0.0018000000854954123
4554,1.525345195755338e-11,0.0018000000854954123
4555,1.5205256769578188e-11,0.0018000000854954123
4556,1.5157202595250193e-11,0.0018000000854954123
4557,1.510928909050521e-11,0.0018000000854954123
4558,1.5061515919499927e-11,0.0018000000854954123
4559,1.5013882752881308e-11,0.0018000000854954123
4560,1.4966389251719045e-11,0.0018000000854954123
4561,1.491903508167128e-11,0.0018000000854954123
4562,1.4871819915792493e-11,0.0018000000854954123
4563,1.4824743421093153e-11,0.0018000000854954123
4564,1.4777805266283258e-11,0.0018000000854954123
4565,1.4731005127508417e-11,0.0018000000854954123
4566,1.4684342676123326e-11,0.0018000000854954123
4567,1.4637817584626032e-11,0.0018000000854954123
4568,1.4591429530451762e-11,0.0018000000854954123
4569,1.4545178188509866e-11,0.0018000000854954123
4570,1.4499063234098919e-11,0.0018000000854954123
4571,1.4453084346534361e-11,0.0018000000854954123
4572,1.4407241203787672e-11,0.0018000000854954123
4573,1.4361533483781857e-11,0.0018000000854954123
4574,1.4315960868155637e-11,0.0018000000854954123
4575,1.427052303723925e-11,0.0018000000854954123
4576,1.4225219671792486e-11,0.0018000000854954123
4577,1.4180050453844087e-11,0.0018000000854954123
4578,1.413501506681889e-11,0.0018000000854954123
4579,1.4090113192469778e-11,0.0018000000854954123
4580,1.4045344514967434e-11,0.0018000000854954123
4581,1.4000708718772947e-11,0.0018000000854954123
4582,1.3956205487911844e-11,0.0018000000854954123
4583,1.3911834507966229e-11,0.0018000000854954123
4584,1.3867595465058331e-11,0.0018000000854954123
4585,1.3823488045355846e-11,0.0018000000854954123
4586,1.3779511935639002e-11,0.0018000000854954123
4587,1.3735666824152196e-11,0.0018000000854954123
4588,1.3691952398179029e-11,0.0018000000854954123
4589,1.3648368346615716e-11,0.0018000000854954123
4590,1.3604914358657794e-11,0.0018000000854954123
4591,1.3561590123674844e-11,0.0018000000854954123
4592,1.3518395331875818e-11,0.0018000000854954123
4593,1.347532967463657e-11,0.0018000000854954123
4594,1.3432392842706077e-11,0.0018000000854954123
4595,1.3389584527799049e-11,0.0018000000854954123
4596,1.3346904422850287e-11,0.0018000000854954123
4597,1.3304352220136622e-11,0.0018000000854954123
4598,1.3261927613231243e-11,0.0018000000854954123
4599,1.3219630295949564e-11,0.0018000000854954123
4600,1.3177459962886578e-11,0.0018000000854954123
4601,1.3135416308495909e-11,0.0018000000854954123
4602,1.3093499028612501e-11,0.0018000000854954123
4603,1.3051707818985795e-11,0.0018000000854954123
4604,1.3010042375849314e-11,0.0018000000854954123
4605,1.2968502396266977e-11,0.0018000000854954123
4606,1.2927087577634393e-11,0.0018000000854954123
4607,1.2885797617845143e-11,0.0018000000854954123
4608,1.2844632215283942e-11,0.0018000000854954123
4609,1.2803591068704876e-11,0.0018000000854954123
4610,1.2762673877601373e-11,0.0018000000854954123
4611,1.2721880341840313e-11,0.0018000000854954123
4612,1.268121016208603e-11,0.0018000000854954123
4613,1.2640663038716254e-11,0.0018000000854954123
4614,1.2600238673707097e-11,0.0018000000854954123
4615,1.2559936768381487e-11,0.0018000000854954123
4616,1.2519757025517218e-11,0.0018000000854954123
4617,1.247969914770708e-11,0.0018000000854954123
4618,1.2439762838505146e-11,0.0018000000854954123
4619,1.2399947801705507e-11,0.0018000000854954123
4620,1.2360253741738055e-11,0.0018000000854954123
4621,1.2320680363438153e-11,0.0018000000854954123
4622,1.2281227372146828e-11,0.0018000000854954123
4623,1.2241894473609183e-11,0.0018000000854954123
4624,1.2202681374548236e-11,0.0018000000854954123
4625,1.2163587781273809e-11,0.0018000000854954123
4626,1.2124613401285043e-11,0.0018000000854954123
4627,1.2085757942714842e-11,0.0018000000854954123
4628,1.2047021113341356e-11,0.0018000000854954123
4629,1.2008402622424615e-11,0.0018000000854954123
4630,1.1969902178999242e-11,0.0018000000854954123
4631,1.1931519492876614e-11,0.0018000000854954123
4632,1.189325427441556e-11,0.0018000000854954123
4633,1.1855106234234313e-11,0.0018000000854954123
4634,1.1817075083714076e-11,0.0018000000854954123
4635,1.1779160534679594e-11,0.0018000000854954123
4636,1.1741362299181342e-11,0.0018000000854954123
4637,1.1703680090163867e-11,0.0018000000854954123
4638,1.166611362028328e-11,0.0018000000854954123
4639,1.162866260401103e-11,0.0018000000854954123
4640,1.1591326754858871e-11,0.0018000000854954123
4641,1.1554105788097848e-11,0.0018000000854954123
4642,1.1516999418511437e-11,0.0018000000854954123
4643,1.1480007361802234e-11,0.0018000000854954123
4644,1.1443129334052223e-11,0.0018000000854954123
4645,1.140636505227838e-11,0.0018000000854954123
4646,1.1369714233418265e-11,0.0018000000854954123
4647,1.1333176594665793e-11,0.0018000000854954123
4648,1.1296751854715723e-11,0.0018000000854954123
4649,1.1260439731646644e-11,0.0018000000854954123
4650,1.1224239944923361e-11,0.0018000000854954123
4651,1.1188152213871847e-11,0.0018000000854954123
4652,1.1152176258577591e-11,0.0018000000854954123
4653,1.1116311799659604e-11,0.0018000000854954123
4654,1.1080558557833924e-11,0.0018000000854954123
4655,1.1044916254952864e-11,0.0018000000854954123
4656,1.1009384612971014e-11,0.0018000000854954123
4657,1.0973963354091675e-11,0.0018000000854954123
4658,1.0938652201454682e-11,0.0018000000854954123
4659,1.0903450878572005e-11,0.0018000000854954123
4660,1.0868359108940504e-11,0.0018000000854954123
4661,1.0833376617549495e-11,0.0018000000854954123
4662,1.0798503128921736e-11,0.0018000000854954123
4663,1.0763738368440707e-11,0.0018000000854954123
4664,1.0729082062055639e-11,0.0018000000854954123
4665,1.0694533935985422e-11,0.0018000000854954123
4666,1.0660093717193782e-11,0.0018000000854954123
4667,1.0625761132928094e-11,0.0018000000854954123
4668,1.0591535910975432e-11,0.0018000000854954123
4669,1.0557417779514967e-11,0.0018000000854954123
4670,1.0523406467405135e-11,0.0018000000854954123
4671,1.048950170382389e-11,0.0018000000854954123
4672,1.0455703218436256e-11,0.0018000000854954123
4673,1.0422010741512877e-11,0.0018000000854954123
4674,1.0388424003778497e-11,0.0018000000854954123
4675,1.035494273579938e-11,0.0018000000854954123
4676,1.0321566670180836e-11,0.0018000000854954123
4677,1.02882955383105e-11,0.0018000000854954123
4678,1.0255129073069487e-11,0.0018000000854954123
4679,1.0222067007404044e-11,0.0018000000854954123
4680,1.0189109074890655e-11,0.0018000000854954123
4681,1.015625500960134e-11,0.0018000000854954123
4682,1.012350454589293e-11,0.0018000000854954123
4683,1.0090857418872962e-11,0.0018000000854954123
4684,1.0058313363909172e-11,0.0018000000854954123
4685,1.0025872117201668e-11,0.0018000000854954123
4686,9.993533414782855e-12,0.0018000000854954123
4687,9.961296993722859e-12,0.0018000000854954123
4688,9.929162591398966e-12,0.0018000000854954123
4689,9.897129945347445e-12,0.0018000000854954123
4690,9.8651987946489e-12,0.0018000000854954123
4691,9.833368877170472e-12,0.0018000000854954123
4692,9.80163993271922e-12,0.0018000000854954123
4693,9.770011700972735e-12,0.0018000000854954123
4694,9.738483922040995e-12,0.0018000000854954123
4695,9.707056336577784e-12,0.0018000000854954123
4696,9.67572868587771e-12,0.0018000000854954123
4697,9.64450071150291e-12,0.0018000000854954123
4698,9.613372155585516e-12,0.0018000000854954123
4699,9.582342760782554e-12,0.0018000000854954123
4700,9.551412269975736e-12,0.0018000000854954123
4701,9.520580426734874e-12,0.0018000000854954123
4702,9.489846975100787e-12,0.0018000000854954123
4703,9.459211659617006e-12,0.0018000000854954123
4704,9.42867422487015e-12,0.0018000000854954123
4705,9.398234416827304e-12,0.0018000000854954123
4706,9.367891981179976e-12,0.0018000000854954123
4707,9.337646664087125e-12,0.0018000000854954123
4708,9.307498212437769e-12,0.0018000000854954123
4709,9.277446373484018e-12,0.0018000000854954123
4710,9.247490895460754e-12,0.0018000000854954123
4711,9.21763152597959e-12,0.0018000000854954123
4712,9.18786801406195e-12,0.0018000000854954123
4713,9.158200108769352e-12,0.0018000000854954123
4714,9.128627559722729e-12,0.0018000000854954123
4715,9.09915011715563e-12,0.0018000000854954123
4716,9.06976753144062e-12,0.0018000000854954123
4717,9.04047955395361e-12,0.0018000000854954123
4718,9.011285935870072e-12,0.0018000000854954123
4719,8.982186429237498e-12,0.0018000000854954123
4720,8.953180786563824e-12,0.0018000000854954123
4721,8.924268760880451e-12,0.0018000000854954123
4722,8.895450105466801e-12,0.0018000000854954123
4723,8.866724573789807e-12,0.0018000000854954123
4724,8.838091920854006e-12,0.0018000000854954123
4725,8.809551900805053e-12,0.0018000000854954123
4726,8.781104269232654e-12,0.0018000000854954123
4727,8.752748781738693e-12,0.0018000000854954123
4728,8.724485194497302e-12,0.0018000000854954123
4729,8.696313263979545e-12,0.0018000000854954123
4730,8.668232747442762e-12,0.0018000000854954123
4731,8.64024340243911e-12,0.0018000000854954123
4732,8.61234498681583e-12,0.0018000000854954123
4733,8.58453725930751e-12,0.0018000000854954123
4734,8.556819978551071e-12,0.0018000000854954123
4735,8.529192904238034e-12,0.0018000000854954123
4736,8.501655795956861e-12,0.0018000000854954123
4737,8.474208414113506e-12,0.0018000000854954123
4738,8.446850519755853e-12,0.0018000000854954123
4739,8.419581873661591e-12,0.0018000000854954123
4740,8.39240223765597e-12,0.0018000000854954123
4741,8.365311374040565e-12,0.0018000000854954123
4742,8.338309045460801e-12,0.0018000000854954123
4743,8.311395014901661e-12,0.0018000000854954123
4744,8.28456904578804e-12,0.0018000000854954123
4745,8.257830902148165e-12,0.0018000000854954123
4746,8.23118034856194e-12,0.0018000000854954123
4747,8.204617149718436e-12,0.0018000000854954123
4748,8.178141071284654e-12,0.0018000000854954123
4749,8.151751878703554e-12,0.0018000000854954123
4750,8.12544933841651e-12,0.0018000000854954123
4751,8.099233217156472e-12,0.0018000000854954123
4752,8.073103282271026e-12,0.0018000000854954123
4753,8.047059300990348e-12,0.0018000000854954123
4754,8.021101041727597e-12,0.0018000000854954123
4755,7.995228272979814e-12,0.0018000000854954123
4756,7.969440763602245e-12,0.0018000000854954123
4757,7.94373828330237e-12,0.0018000000854954123
4758,7.91812060152e-12,0.0018000000854954123
4759,7.892587489036365e-12,0.0018000000854954123
4760,7.867138716527782e-12,0.0018000000854954123
4761,7.84177405504512e-12,0.0018000000854954123
4762,7.816493276765453e-12,0.0018000000854954123
4763,7.791296153442191e-12,0.0018000000854954123
4764,7.76618245777713e-12,0.0018000000854954123
4765,7.741151962971825e-12,0.0018000000854954123
4766,7.71620444215304e-12,0.0018000000854954123
4767,7.691339669660855e-12,0.0018000000854954123
4768,7.666557419793242e-12,0.0018000000854954123
4769,7.641857467421626e-12,0.0018000000854954123
4770,7.617239588018799e-12,0.0018000000854954123
4771,7.592703556747288e-12,0.0018000000854954123
4772,7.568249150261756e-12,0.0018000000854954123
4773,7.543876145242421e-12,0.0018000000854954123
4774,7.51958431857073e-12,0.0018000000854954123
4775,7.49537344806369e-12,0.0018000000854954123
4776,7.471243311284976e-12,0.0018000000854954123
4777,7.447193687111732e-12,0.0018000000854954123
4778,7.423224354039705e-12,0.0018000000854954123
4779,7.39933509165372e-12,0.0018000000854954123
4780,7.375525679427768e-12,0.0018000000854954123
4781,7.351795897915001e-12,0.0018000000854954123
4782,7.328145527443636e-12,0.0018000000854954123
4783,7.304574349399977e-12,0.0018000000854954123
4784,7.281082145188575e-12,0.0018000000854954123
4785,7.25766869648951e-12,0.0018000000854954123
4786,7.234333786283088e-12,0.0018000000854954123
4787,7.21107719696974e-12,0.0018000000854954123
4788,7.187898712059634e-12,0.0018000000854954123
4789,7.164798115238156e-12,0.0018000000854954123
4790,7.141775190605227e-12,0.0018000000854954123
4791,7.118829723103894e-12,0.0018000000854954123
4792,7.09596149718269e-12,0.0018000000854954123
4793,7.07317029904314e-12,0.0018000000854954123
4794,7.050455914138335e-12,0.0018000000854954123
4795,7.027818128951264e-12,0.0018000000854954123
4796,7.005256730371812e-12,0.0018000000854954123
4797,6.982771505584852e-12,0.0018000000854954123
4798,6.960362242449691e-12,0.0018000000854954123
4799,6.938028728641771e-12,0.0018000000854954123
4800,6.9157707531804e-12,0.0018000000854954123
4801,6.89358810482719e-12,0.0018000000854954123
4802,6.8714805729413595e-12,0.0018000000854954123
4803,6.8494479476402424e-12,0.0018000000854954123
4804,6.82749001908353e-12,0.0018000000854954123
4805,6.805606577930054e-12,0.0018000000854954123
4806,6.7837974154572215e-12,0.0018000000854954123
4807,6.762062323159145e-12,0.0018000000854954123
4808,6.740401093011326e-12,0.0018000000854954123
4809,6.7188135175934076e-12,0.0018000000854954123
4810,6.697299389878734e-12,0.0018000000854954123
4811,6.675858503048474e-12,0.0018000000854954123
4812,6.654490650841846e-12,0.0018000000854954123
4813,6.6331956274979695e-12,0.0018000000854954123
4814,6.611973227585728e-12,0.0018000000854954123
4815,6.590823246236563e-12,0.0018000000854954123
4816,6.569745478965908e-12,0.0018000000854954123
4817,6.548739721344009e-12,0.0018000000854954123
4818,6.527805770011696e-12,0.0018000000854954123
4819,6.506943421517436e-12,0.0018000000854954123
4820,6.486152473309736e-12,0.0018000000854954123
4821,6.4654327228224315e-12,0.0018000000854954123
4822,6.4447839680484555e-12,0.0018000000854954123
4823,6.424206007511617e-12,0.0018000000854954123
4824,6.4036986401431505e-12,0.0018000000854954123
4825,6.383261665140144e-12,0.0018000000854954123
4826,6.362894882391352e-12,0.0018000000854954123
4827,6.3425980919191585e-12,0.0018000000854954123
4828,6.322371094229078e-12,0.0018000000854954123
4829,6.302213690597241e-12,0.0018000000854954123
4830,6.282125682356801e-12,0.0018000000854954123
4831,6.262106871174327e-12,0.0018000000854954123
4832,6.242157059561011e-12,0.0018000000854954123
4833,6.222276050027303e-12,0.0018000000854954123
4834,6.202463645713316e-12,0.0018000000854954123
4835,6.182719650421921e-12,0.0018000000854954123
4836,6.163043867780688e-12,0.0018000000854954123
4837,6.143436102239686e-12,0.0018000000854954123
4838,6.12389615870765e-12,0.0018000000854954123
4839,6.104423842411412e-12,0.0018000000854954123
4840,6.085018958627559e-12,0.0018000000854954123
4841,6.065681313842858e-12,0.0018000000854954123
4842,6.046410714344005e-12,0.0018000000854954123
4843,6.027206967075524e-12,0.0018000000854954123
4844,6.008069879139252e-12,0.0018000000854954123
4845,5.988999258614073e-12,0.0018000000854954123
4846,5.969994913241092e-12,0.0018000000854954123
4847,5.951056651776591e-12,0.0018000000854954123
4848,5.932184283220171e-12,0.0018000000854954123
4849,5.913377616760794e-12,0.0018000000854954123
4850,5.894636462435642e-12,0.0018000000854954123
4851,5.875960630098131e-12,0.0018000000854954123
4852,5.857349930865476e-12,0.0018000000854954123
4853,5.838804175211089e-12,0.0018000000854954123
4854,5.820323175039143e-12,0.0018000000854954123
4855,5.801906741857161e-12,0.0018000000854954123
4856,5.7835546881069735e-12,0.0018000000854954123
4857,5.765266826430969e-12,0.0018000000854954123
4858,5.747042969897887e-12,0.0018000000854954123
4859,5.728882931925504e-12,0.0018000000854954123
4860,5.710786526413518e-12,0.0018000000854954123
4861,5.692753567888516e-12,0.0018000000854954123
4862,5.674783870954357e-12,0.0018000000854954123
4863,5.6568772503709154e-12,0.0018000000854954123
4864,5.639033522391277e-12,0.0018000000854954123
4865,5.621252502328519e-12,0.0018000000854954123
4866,5.603534006788121e-12,0.0018000000854954123
4867,5.5858778524594685e-12,0.0018000000854954123
4868,5.568283856585741e-12,0.0018000000854954123
4869,5.5507518365429676e-12,0.0018000000854954123
4870,5.5332816104211785e-12,0.0018000000854954123
4871,5.515872996650181e-12,0.0018000000854954123
4872,5.49852581384584e-12,0.0018000000854954123
4873,5.481239881322287e-12,0.0018000000854954123
4874,5.46401501849812e-12,0.0018000000854954123
4875,5.44685104548982e-12,0.0018000000854954123
4876,5.429747782556755e-12,0.0018000000854954123
4877,5.412705050544709e-12,0.0018000000854954123
4878,5.395722670662248e-12,0.0018000000854954123
4879,5.378800464508755e-12,0.0018000000854954123
4880,5.3619382538184384e-12,0.0018000000854954123
4881,5.345135861287255e-12,0.0018000000854954123
4882,5.328393109624193e-12,0.0018000000854954123
4883,5.311709821805595e-12,0.0018000000854954123
4884,5.295085821614855e-12,0.0018000000854954123
4885,5.278520932876089e-12,0.0018000000854954123
4886,5.262014980100694e-12,0.0018000000854954123
4887,5.245567787833023e-12,0.0018000000854954123
4888,5.229179181492151e-12,0.0018000000854954123
4889,5.2128489864873655e-12,0.0018000000854954123
4890,5.196577028556949e-12,0.0018000000854954123
4891,5.180363134432564e-12,0.0018000000854954123
4892,5.164207130744897e-12,0.0018000000854954123
4893,5.148108844333932e-12,0.0018000000854954123
4894,5.132068102989449e-12,0.0018000000854954123
4895,5.1160847346637056e-12,0.0018000000854954123
4896,5.100158567430173e-12,0.0018000000854954123
4897,5.0842894300955614e-12,0.0018000000854954123
4898,5.068477151833343e-12,0.0018000000854954123
4899,5.052721561994142e-12,0.0018000000854954123
4900,5.0370224905474514e-12,0.0018000000854954123
4901,5.021379767661437e-12,0.0018000000854954123
4902,5.005793223935516e-12,0.0018000000854954123
4903,4.990262690422573e-12,0.0018000000854954123
4904,4.97478799866406e-12,0.0018000000854954123
4905,4.959368980448189e-12,0.0018000000854954123
4906,4.9440054676511e-12,0.0018000000854954123
4907,4.928697293261189e-12,0.0018000000854954123
4908,4.913444290070266e-12,0.0018000000854954123
4909,4.8982462913691486e-12,0.0018000000854954123
4910,4.883103131065995e-12,0.0018000000854954123
4911,4.8680146429137814e-12,0.0018000000854954123
4912,4.852980661881231e-12,0.0018000000854954123
4913,4.838001022440646e-12,0.0018000000854954123
4914,4.823075052220599e-12,0.0018000000854954123
4915,4.80819979132472e-12,0.0018000000854954123
4916,4.793374152526176e-12,0.0018000000854954123
4917,4.778597848150241e-12,0.0018000000854954123
4918,4.76387033214364e-12,0.0018000000854954123
4919,4.749191007308241e-12,0.0018000000854954123
4920,4.734559666520447e-12,0.0018000000854954123
4921,4.719975894666733e-12,0.0018000000854954123
4922,4.70543928585824e-12,0.0018000000854954123
4923,4.6909496710008396e-12,0.0018000000854954123
4924,4.676506679799951e-12,0.0018000000854954123
4925,4.662109975164146e-12,0.0018000000854954123
4926,4.647759379744923e-12,0.0018000000854954123
4927,4.633454575623145e-12,0.0018000000854954123
4928,4.6191953227715416e-12,0.0018000000854954123
4929,4.604981492223226e-12,0.0018000000854954123
4930,4.590812850009307e-12,0.0018000000854954123
4931,4.5766892289721644e-12,0.0018000000854954123
4932,4.5626105081101395e-12,0.0018000000854954123
4933,4.548576475314879e-12,0.0018000000854954123
4934,4.5345869722393964e-12,0.0018000000854954123
4935,4.520641860313491e-12,0.0018000000854954123
4936,4.5067409441326496e-12,0.0018000000854954123
4937,4.4928840838364915e-12,0.0018000000854954123
4938,4.479071148241657e-12,0.0018000000854954123
4939,4.465301969714164e-12,0.0018000000854954123
4940,4.451576422708373e-12,0.0018000000854954123
4941,4.4378943741451935e-12,0.0018000000854954123
4942,4.424255665413098e-12,0.0018000000854954123
4943,4.4106601704433954e-12,0.0018000000854954123
4944,4.397107752916691e-12,0.0018000000854954123
4945,4.383598267642628e-12,0.0018000000854954123
4946,4.370131597022026e-12,0.0018000000854954123
4947,4.356707614735925e-12,0.0018000000854954123
4948,4.3433261923221036e-12,0.0018000000854954123
4949,4.329987219021553e-12,0.0018000000854954123
4950,4.31669057291679e-12,0.0018000000854954123
4951,4.303436131886015e-12,0.0018000000854954123
4952,4.29022378498654e-12,0.0018000000854954123
4953,4.277053412443749e-12,0.0018000000854954123
4954,4.263924897529133e-12,0.0018000000854954123
4955,4.250838131831994e-12,0.0018000000854954123
4956,4.237792999850205e-12,0.0018000000854954123
4957,4.224789390203174e-12,0.0018000000854954123
4958,4.211827194829799e-12,0.0018000000854954123
4959,4.198906299895506e-12,0.0018000000854954123
4960,4.186026595114416e-12,0.0018000000854954123
4961,4.173187971262047e-12,0.0018000000854954123
4962,4.160390315613693e-12,0.0018000000854954123
4963,4.14763351946493e-12,0.0018000000854954123
4964,4.134917474737682e-12,0.0018000000854954123
4965,4.12224207143062e-12,0.0018000000854954123
4966,4.109607202846232e-12,0.0018000000854954123
4967,4.097012761750651e-12,0.0018000000854954123
4968,4.084458639621601e-12,0.0018000000854954123
4969,4.071944730751056e-12,0.0018000000854954123
4970,4.0594709283514055e-12,0.0018000000854954123
4971,4.0470371255138105e-12,0.0018000000854954123
4972,4.034643217568786e-12,0.0018000000854954123
4973,4.0222890986583535e-12,0.0018000000854954123
4974,4.009974663879787e-12,0.0018000000854954123
4975,3.997699809084197e-12,0.0018000000854954123
4976,3.985464429768908e-12,0.0018000000854954123
4977,3.973268421731904e-12,0.0018000000854954123
4978,3.961111681037932e-12,0.0018000000854954123
4979,3.948994103848162e-12,0.0018000000854954123
4980,3.936915586752222e-12,0.0018000000854954123
4981,3.92487602658603e-12,0.0018000000854954123
4982,3.912875320204765e-12,0.0018000000854954123
4983,3.900913364783435e-12,0.0018000000854954123
4984,3.888990058111486e-12,0.0018000000854954123
4985,3.877105297338855e-12,0.0018000000854954123
4986,3.865258980808032e-12,0.0018000000854954123
4987,3.853451006344009e-12,0.0018000000854954123
4988,3.84168127207393e-12,0.0018000000854954123
4989,3.8299496766581e-12,0.0018000000854954123
4990,3.818256118725108e-12,0.0018000000854954123
4991,3.806600497232898e-12,0.0018000000854954123
4992,3.794982711545233e-12,0.0018000000854954123
4993,3.783402660896929e-12,0.0018000000854954123
4994,3.771860244703521e-12,0.0018000000854954123
4995,3.760355362953653e-12,0.0018000000854954123
4996,3.748887915651446e-12,0.0018000000854954123
4997,3.737457802964287e-12,0.0018000000854954123
4998,3.72606492524348e-12,0.0018000000854954123
4999,3.71470918292424e-12,0.0018000000854954123
5000,3.703390477048074e-12,0.0016199999954551458
5001,3.6932359258377815e-12,0.0016199999954551458
5002,3.683112426137441e-12,0.0016199999954551458
5003,3.6730197292732525e-12,0.0016199999954551458
5004,3.662957604284808e-12,0.0016199999954551458
5005,3.652925837018805e-12,0.0016199999954551458
5006,3.642924227967059e-12,0.0016199999954551458
5007,3.6329525907888896e-12,0.0016199999954551458
5008,3.623010751700359e-12,0.0016199999954551458
5009,3.613098547060847e-12,0.0016199999954551458
5010,3.603215823500268e-12,0.0016199999954551458
5011,3.5933624363802593e-12,0.0016199999954551458
5012,3.583538248951624e-12,0.0016199999954551458
5013,3.5737431314423147e-12,0.0016199999954551458
5014,3.563976960806369e-12,0.0016199999954551458
5015,3.554239619735554e-12,0.0016199999954551458
5016,3.544530996028467e-12,0.0016199999954551458
5017,3.534850982616692e-12,0.0016199999954551458
5018,3.525199337161577e-12,0.0016199999954551458
5019,3.515574565487092e-12,0.0016199999954551458
5020,3.505975922662731e-12,0.0016199999954551458
5021,3.496403227107824e-12,0.0016199999954551458
5022,3.4868563091189213e-12,0.0016199999954551458
5023,3.4773348140832177e-12,0.0016199999954551458
5024,3.467838552939635e-12,0.0016199999954551458
5025,3.4583673978375468e-12,0.0016199999954551458
5026,3.448921076859203e-12,0.0016199999954551458
5027,3.439499415087235e-12,0.0016199999954551458
5028,3.4301023164620338e-12,0.0016199999954551458
5029,3.4207295814813602e-12,0.0016199999954551458
5030,3.411381058887354e-12,0.0016199999954551458
5031,3.4020566767759393e-12,0.0016199999954551458
5032,3.3927562933921065e-12,0.0016199999954551458
5033,3.383479783887297e-12,0.0016199999954551458
5034,3.3742270921510873e-12,0.0016199999954551458
5035,3.3649981169406808e-12,0.0016199999954551458
5036,3.3557927546005465e-12,0.0016199999954551458
5037,3.3466109544254794e-12,0.0016199999954551458
5038,3.33745263952603e-12,0.0016199999954551458
5039,3.328317719424366e-12,0.0016199999954551458
5040,3.3192061436084672e-12,0.0016199999954551458
5041,3.3101178475089496e-12,0.0016199999954551458
5042,3.3010527508234675e-12,0.0016199999954551458
5043,3.2920108008458696e-12,0.0016199999954551458
5044,3.28299194047507e-12,0.0016199999954551458
5045,3.273996096362592e-12,0.0016199999954551458
5046,3.265023214617912e-12,0.0016199999954551458
5047,3.256073241818962e-12,0.0016199999954551458
5048,3.247146111430906e-12,0.0016199999954551458
5049,3.238241769181901e-12,0.0016199999954551458
5050,3.229360165258982e-12,0.0016199999954551458
5051,3.220501238968463e-12,0.0016199999954551458
5052,3.2116649379169617e-12,0.0016199999954551458
5053,3.2028512147414088e-12,0.0016199999954551458
5054,3.194060014597045e-12,0.0016199999954551458
5055,3.1852912868735706e-12,0.0016199999954551458
5056,3.1765449860255632e-12,0.0016199999954551458
5057,3.16782106151033e-12,0.0016199999954551458
5058,3.1591194646545685e-12,0.0016199999954551458
5059,3.1504401510622495e-12,0.0016199999954551458
5060,3.1417830729896867e-12,0.0016199999954551458
5061,3.1331481832520964e-12,0.0016199999954551458
5062,3.1245354379816277e-12,0.0016199999954551458
5063,3.115944791422318e-12,0.0016199999954551458
5064,3.1073761971679346e-12,0.0016199999954551458
5065,3.098829611920159e-12,0.0016199999954551458
5066,3.090304990554615e-12,0.0016199999954551458
5067,3.0818022874665272e-12,0.0016199999954551458
5068,3.0733214594559076e-12,0.0016199999954551458
5069,3.0648624620568773e-12,0.0016199999954551458
5070,3.056425250515318e-12,0.0016199999954551458
5071,3.048009781404951e-12,0.0016199999954551458
5072,3.0396160111867563e-12,0.0016199999954551458
5073,3.0312438953575996e-12,0.0016199999954551458
5074,3.022893390836235e-12,0.0016199999954551458
5075,3.014564454321008e-12,0.0016199999954551458
5076,3.0062570422871386e-12,0.0016199999954551458
5077,2.9979711115403766e-12,0.0016199999954551458
5078,2.9897066193622733e-12,0.0016199999954551458
5079,2.9814635224003023e-12,0.0016199999954551458
5080,2.9732417781466352e-12,0.0016199999954551458
5081,2.9650413440623477e-12,0.0016199999954551458
5082,2.956862177107803e-12,0.0016199999954551458
5083,2.9487042349430488e-12,0.0016199999954551458
5084,2.940567475364365e-12,0.0016199999954551458
5085,2.9324518559041934e-12,0.0016199999954551458
5086,2.9243573340435934e-12,0.0016199999954551458
5087,2.916283867903963e-12,0.0016199999954551458
5088,2.9082314151576077e-12,0.0016199999954551458
5089,2.9001999338942778e-12,0.0016199999954551458
5090,2.892189381908224e-12,0.0016199999954551458
5091,2.8841997174613683e-12,0.0016199999954551458
5092,2.8762308983978423e-12,0.0016199999954551458
5093,2.8682828831634354e-12,0.0016199999954551458
5094,2.8603556298816185e-12,0.0016199999954551458
5095,2.852449096734984e-12,0.0016199999954551458
5096,2.844563242114738e-12,0.0016199999954551458
5097,2.8366980244130845e-12,0.0016199999954551458
5098,2.828853402170183e-12,0.0016199999954551458
5099,2.821029333862371e-12,0.0016199999954551458
5100,2.813225778125346e-12,0.0016199999954551458
5101,2.805442693277498e-12,0.0016199999954551458
5102,2.797680038275723e-12,0.0016199999954551458
5103,2.7899377718202523e-12,0.0016199999954551458
5104,2.7822158526287326e-12,0.0016199999954551458
5105,2.7745142395731534e-12,0.0016199999954551458
5106,2.766832891611185e-12,0.0016199999954551458
5107,2.759171767461652e-12,0.0016199999954551458
5108,2.751530826371462e-12,0.0016199999954551458
5109,2.743910027271689e-12,0.0016199999954551458
5110,2.736309329279363e-12,0.0016199999954551458
5111,2.7287286916163067e-12,0.0016199999954551458
5112,2.721168073208005e-12,0.0016199999954551458
5113,2.713627433713703e-12,0.0016199999954551458
5114,2.706106732132528e-12,0.0016199999954551458
5115,2.6986059279080896e-12,0.0016199999954551458
5116,2.6911249804522592e-12,0.0016199999954551458
5117,2.6836638492040415e-12,0.0016199999954551458
5118,2.676222493658494e-12,0.0016199999954551458
5119,2.668800873480927e-12,0.0016199999954551458
5120,2.661398948167895e-12,0.0016199999954551458
5121,2.6540166773086733e-12,0.0016199999954551458
5122,2.646654020746578e-12,0.0016199999954551458
5123,2.639310938202329e-12,0.0016199999954551458
5124,2.6319873893661975e-12,0.0016199999954551458
5125,2.6246833342783985e-12,0.0016199999954551458
5126,2.6173987326661708e-12,0.0016199999954551458
5127,2.6101335447178754e-12,0.0016199999954551458
5128,2.6028877301829444e-12,0.0016199999954551458
5129,2.5956612493441546e-12,0.0016199999954551458
5130,2.5884540620862585e-12,0.0016199999954551458
5131,2.581266128721095e-12,0.0016199999954551458
5132,2.5740974094589333e-12,0.0016199999954551458
5133,2.5669478644177985e-12,0.0016199999954551458
5134,2.559817454109542e-12,0.0016199999954551458
5135,2.5527061386870475e-12,0.0016199999954551458
5136,2.5456138787011986e-12,0.0016199999954551458
5137,2.538540634484769e-12,0.0016199999954551458
5138,2.53148636670218e-12,0.0016199999954551458
5139,2.524451035731687e-12,0.0016199999954551458
5140,2.5174346024283627e-12,0.0016199999954551458
5141,2.5104370272133405e-12,0.0016199999954551458
5142,2.503458270862091e-12,0.0016199999954551458
5143,2.496498294166988e-12,0.0016199999954551458
5144,2.4895570579253322e-12,0.0016199999954551458
5145,2.4826345229657727e-12,0.0016199999954551458
5146,2.4757306502273502e-12,0.0016199999954551458
5147,2.468845400633914e-12,0.0016199999954551458
5148,2.461978735355959e-12,0.0016199999954551458
5149,2.455130615134384e-12,0.0016199999954551458
5150,2.4483010013469135e-12,0.0016199999954551458
5151,2.4414898550134757e-12,0.0016199999954551458
5152,2.434697137436041e-12,0.0016199999954551458
5153,2.4279228098010725e-12,0.0016199999954551458
5154,2.4211668335458413e-12,0.0016199999954551458
5155,2.414429169775549e-12,0.0016199999954551458
5156,2.4077097801242033e-12,0.0016199999954551458
5157,2.4010086260710508e-12,0.0016199999954551458
5158,2.3943256689140924e-12,0.0016199999954551458
5159,2.387660870384073e-12,0.0016199999954551458
5160,2.3810141920480625e-12,0.0016199999954551458
5161,2.374385595593598e-12,0.0016199999954551458
5162,2.3677750426832573e-12,0.0016199999954551458
5163,2.3611824950645365e-12,0.0016199999954551458
5164,2.3546079145527264e-12,0.0016199999954551458
5165,2.3480512631496254e-12,0.0016199999954551458
5166,2.341512502634097e-12,0.0016199999954551458
5167,2.3349915949220675e-12,0.0016199999954551458
5168,2.3284885021721123e-12,0.0016199999954551458
5169,2.3220031862743205e-12,0.0016199999954551458
5170,2.315535609535102e-12,0.0016199999954551458
5171,2.3090857340241707e-12,0.0016199999954551458
5172,2.30265352185739e-12,0.0016199999954551458
5173,2.2962389354614854e-12,0.0016199999954551458
5174,2.2898419370527612e-12,0.0016199999954551458
5175,2.283462489036551e-12,0.0016199999954551458
5176,2.277100553887634e-12,0.0016199999954551458
5177,2.270756094001267e-12,0.0016199999954551458
5178,2.264429071752792e-12,0.0016199999954551458
5179,2.2581194500272927e-12,0.0016199999954551458
5180,2.251827191220042e-12,0.0016199999954551458
5181,2.2455522579623872e-12,0.0016199999954551458
5182,2.239294613227156e-12,0.0016199999954551458
5183,2.233054219483572e-12,0.0016199999954551458
5184,2.226831039674334e-12,0.0016199999954551458
5185,2.2206250367554017e-12,0.0016199999954551458
5186,2.214436173507356e-12,0.0016199999954551458
5187,2.2082644130088944e-12,0.0016199999954551458
5188,2.202109718253481e-12,0.0016199999954551458
5189,2.1959720521992704e-12,0.0016199999954551458
5190,2.189851378063003e-12,0.0016199999954551458
5191,2.18374765915891e-12,0.0016199999954551458
5192,2.1776608584386748e-12,0.0016199999954551458
5193,2.1715909393464495e-12,0.0016199999954551458
5194,2.1655378651029036e-12,0.0016199999954551458
5195,2.1595015992133076e-12,0.0016199999954551458
5196,2.1534821050385334e-12,0.0016199999954551458
5197,2.147479346008898e-12,0.0016199999954551458
5198,2.14149328568233e-12,0.0016199999954551458
5199,2.1355238876674948e-12,0.0016199999954551458
5200,2.129571115501548e-12,0.0016199999954551458
5201,2.1236349330009686e-12,0.0016199999954551458
5202,2.1177153037320347e-12,0.0016199999954551458
5203,2.111812191726766e-12,0.0016199999954551458
5204,2.10592556038803e-12,0.0016199999954551458
5205,2.1000553740292312e-12,0.0016199999954551458
5206,2.0942015963047465e-12,0.0016199999954551458
5207,2.0883641913738478e-12,0.0016199999954551458
5208,2.082543123127355e-12,0.0016199999954551458
5209,2.0767383557629194e-12,0.0016199999954551458
5210,2.0709498532992116e-12,0.0016199999954551458
5211,2.0651775799699213e-12,0.0016199999954551458
5212,2.059421500070289e-12,0.0016199999954551458
5213,2.0536815777875347e-12,0.0016199999954551458
5214,2.0479577774832116e-12,0.0016199999954551458
5215,2.0422500635286396e-12,0.0016199999954551458
5216,2.0365584004346174e-12,0.0016199999954551458
5217,2.030882752587969e-12,0.0016199999954551458
5218,2.025223084639645e-12,0.0016199999954551458
5219,2.019579361038529e-12,0.0016199999954551458
5220,2.0139515465044438e-12,0.0016199999954551458
5221,2.0083396057630615e-12,0.0016199999954551458
5222,2.002743503527529e-12,0.0016199999954551458
5223,1.9971632044223404e-12,0.0016199999954551458
5224,1.9915986734504376e-12,0.0016199999954551458
5225,1.9860498754952913e-12,0.0016199999954551458
5226,1.980516775514866e-12,0.0016199999954551458
5227,1.9749993383964364e-12,0.0016199999954551458
5228,1.969497529354153e-12,0.0016199999954551458
5229,1.9640113132994307e-12,0.0016199999954551458
5230,1.958540655401195e-12,0.0016199999954551458
5231,1.9530855209250316e-12,0.0016199999954551458
5232,1.9476458751308934e-12,0.0016199999954551458
5233,1.9422216832696783e-12,0.0016199999954551458
5234,1.936812910605097e-12,0.0016199999954551458
5235,1.9314195226917925e-12,0.0016199999954551458
5236,1.926041484821367e-12,0.0016199999954551458
5237,1.920678762631112e-12,0.0016199999954551458
5238,1.915331321572208e-12,0.0016199999954551458
5239,1.9099991272606225e-12,0.0016199999954551458
5240,1.9046821453702446e-12,0.0016199999954551458
5241,1.8993803415193386e-12,0.0016199999954551458
5242,1.8940936816124194e-12,0.0016199999954551458
5243,1.8888221313219553e-12,0.0016199999954551458
5244,1.8835656563835795e-12,0.0016199999954551458
5245,1.878324222973544e-12,0.0016199999954551458
5246,1.8730977969452552e-12,0.0016199999954551458
5247,1.8678863441561797e-12,0.0016199999954551458
5248,1.862689830817902e-12,0.0016199999954551458
5249,1.857508222966133e-12,0.0016199999954551458
5250,1.8523414867553183e-12,0.0016199999954551458
5251,1.847189588356156e-12,0.0016199999954551458
5252,1.8420524941823923e-12,0.0016199999954551458
5253,1.83693017031608e-12,0.0016199999954551458
5254,1.831822583206056e-12,0.0016199999954551458
5255,1.8267296993007647e-12,0.0016199999954551458
5256,1.821651484986651e-12,0.0016199999954551458
5257,1.8165879067180154e-12,0.0016199999954551458
5258,1.811538931264569e-12,0.0016199999954551458
5259,1.8065045249764441e-12,0.0016199999954551458
5260,1.8014846546766986e-12,0.0016199999954551458
5261,1.7964792870155894e-12,0.0016199999954551458
5262,1.7914883886555297e-12,0.0016199999954551458
5263,1.7865119265869593e-12,0.0016199999954551458
5264,1.7815498676380164e-12,0.0016199999954551458
5265,1.7766021785511556e-12,0.0016199999954551458
5266,1.7716688264687904e-12,0.0016199999954551458
5267,1.7667497782207533e-12,0.0016199999954551458
5268,1.761845000959944e-12,0.0016199999954551458
5269,1.7569544618487278e-12,0.0016199999954551458
5270,1.7520781279658628e-12,0.0016199999954551458
5271,1.7472159666105008e-12,0.0016199999954551458
5272,1.7423679448334463e-12,0.0016199999954551458
5273,1.7375340301958818e-12,0.0016199999954551458
5274,1.732714189940379e-12,0.0016199999954551458
5275,1.7279083914803492e-12,0.0016199999954551458
5276,1.723116602283883e-12,0.0016199999954551458
5277,1.7183387898343607e-12,0.0016199999954551458
5278,1.7135749216926711e-12,0.0016199999954551458
5279,1.7088249654985887e-12,0.0016199999954551458
5280,1.7040888889131056e-12,0.0016199999954551458
5281,1.6993666597180403e-12,0.0016199999954551458
5282,1.6946582454477242e-12,0.0016199999954551458
5283,1.6899636141481978e-12,0.0016199999954551458
5284,1.6852827335511109e-12,0.0016199999954551458
5285,1.6806155715828594e-12,0.0016199999954551458
5286,1.6759620963057906e-12,0.0016199999954551458
5287,1.6713222755251414e-12,0.0016199999954551458
5288,1.666696077629661e-12,0.0016199999954551458
5289,1.6620834704022193e-12,0.0016199999954551458
5290,1.6574844220661023e-12,0.0016199999954551458
5291,1.6528989010078872e-12,0.0016199999954551458
5292,1.6483268753471749e-12,0.0016199999954551458
5293,1.6437683134059136e-12,0.0016199999954551458
5294,1.6392231835826325e-12,0.0016199999954551458
5295,1.6346914542616628e-12,0.0016199999954551458
5296,1.6301730939336394e-12,0.0016199999954551458
5297,1.6256680710806757e-12,0.0016199999954551458
5298,1.6211763542024492e-12,0.0016199999954551458
5299,1.6166979120524702e-12,0.0016199999954551458
5300,1.6122327131804454e-12,0.0016199999954551458
5301,1.6077807263767428e-12,0.0016199999954551458
5302,1.6033419203701102e-12,0.0016199999954551458
5303,1.598916263888471e-12,0.0016199999954551458
5304,1.5945037259006137e-12,0.0016199999954551458
5305,1.5901042753258057e-12,0.0016199999954551458
5306,1.5857178809868809e-12,0.0016199999954551458
5307,1.5813445119751507e-12,0.0016199999954551458
5308,1.5769841374138149e-12,0.0016199999954551458
5309,1.572636726320586e-12,0.0016199999954551458
5310,1.568302247969733e-12,0.0016199999954551458
5311,1.5639806714106585e-12,0.0016199999954551458
5312,1.5596719659157978e-12,0.0016199999954551458
5313,1.5553761009946447e-12,0.0016199999954551458
5314,1.5510930458317104e-12,0.0016199999954551458
5315,1.5468227697739057e-12,0.0016199999954551458
5316,1.5425652424416935e-12,0.0016199999954551458
5317,1.5383204332049754e-12,0.0016199999954551458
5318,1.5340883117797662e-12,0.0016199999954551458
5319,1.5298688476718947e-12,0.0016199999954551458
5320,1.5256620104646946e-12,0.0016199999954551458
5321,1.5214677700158096e-12,0.0016199999954551458
5322,1.5172860959570423e-12,0.0016199999954551458
5323,1.5131169581222163e-12,0.0016199999954551458
5324,1.508960326427108e-12,0.0016199999954551458
5325,1.5048161706197087e-12,0.0016199999954551458
5326,1.5006844608688747e-12,0.0016199999954551458
5327,1.496565167015907e-12,0.0016199999954551458
5328,1.4924582591741124e-12,0.0016199999954551458
5329,1.4883637074353507e-12,0.0016199999954551458
5330,1.484281481905409e-12,0.0016199999954551458
5331,1.4802115528207886e-12,0.0016199999954551458
5332,1.4761538905129643e-12,0.0016199999954551458
5333,1.4721084651167239e-12,0.0016199999954551458
5334,1.4680752470673984e-12,0.0016199999954551458
5335,1.4640542067999796e-12,0.0016199999954551458
5336,1.460045314640067e-12,0.0016199999954551458
5337,1.4560485412024396e-12,0.0016199999954551458
5338,1.4520638569480225e-12,0.0016199999954551458
5339,1.4480912324906668e-12,0.0016199999954551458
5340,1.4441306385526114e-12,0.0016199999954551458
5341,1.440182045660805e-12,0.0016199999954551458
5342,1.4362454246661981e-12,0.0016199999954551458
5343,1.4323207463742518e-12,0.0016199999954551458
5344,1.4284079816344136e-12,0.0016199999954551458
5345,1.424507101266001e-12,0.0016199999954551458
5346,1.4206180761883233e-12,0.0016199999954551458
5347,1.416740877401407e-12,0.0016199999954551458
5348,1.4128754760482547e-12,0.0016199999954551458
5349,1.4090218430227471e-12,0.0016199999954551458
5350,1.4051799497101399e-12,0.0016199999954551458
5351,1.4013497670887729e-12,0.0016199999954551458
5352,1.3975312664619951e-12,0.0016199999954551458
5353,1.3937244189597805e-12,0.0016199999954551458
5354,1.3899291962260972e-12,0.0016199999954551458
5355,1.3861455693280047e-12,0.0016199999954551458
5356,1.3823735098522178e-12,0.0016199999954551458
5357,1.378612989282526e-12,0.0016199999954551458
5358,1.3748639790380838e-12,0.0016199999954551458
5359,1.3711264507553734e-12,0.0016199999954551458
5360,1.3674003761000785e-12,0.0016199999954551458
5361,1.3636857266400317e-12,0.0016199999954551458
5362,1.3599824741651127e-12,0.0016199999954551458
5363,1.3562905904496017e-12,0.0016199999954551458
5364,1.3526100472865037e-12,0.0016199999954551458
5365,1.3489408164431245e-12,0.0016199999954551458
5366,1.345282869984108e-12,0.0016199999954551458
5367,1.3416361798172817e-12,0.0016199999954551458
5368,1.3380007179519401e-12,0.0016199999954551458
5369,1.3343764563439565e-12,0.0016199999954551458
5370,1.3307633672813002e-12,0.0016199999954551458
5371,1.327161422766328e-12,0.0016199999954551458
5372,1.323570595113381e-12,0.0016199999954551458
5373,1.319990856486252e-12,0.0016199999954551458
5374,1.3164221792216e-12,0.0016199999954551458
5375,1.3128645356956557e-12,0.0016199999954551458
5376,1.3093178982761537e-12,0.0016199999954551458
5377,1.3057822394335292e-12,0.0016199999954551458
5378,1.3022575315682431e-12,0.0016199999954551458
5379,1.2987437473819876e-12,0.0016199999954551458
5380,1.2952408593048052e-12,0.0016199999954551458
5381,1.291748840034704e-12,0.0016199999954551458
5382,1.2882676622537162e-12,0.0016199999954551458
5383,1.2847972987998595e-12,0.0016199999954551458
5384,1.2813377222344393e-12,0.0016199999954551458
5385,1.2778889055723532e-12,0.0016199999954551458
5386,1.27445082163185e-12,0.0016199999954551458
5387,1.2710234433376252e-12,0.0016199999954551458
5388,1.2676067436777786e-12,0.0016199999954551458
5389,1.2642006956755963e-12,0.0016199999954551458
5390,1.2608052723412223e-12,0.0016199999954551458
5391,1.257420446855952e-12,0.0016199999954551458
5392,1.2540461923751908e-12,0.0016199999954551458
5393,1.2506824820891623e-12,0.0016199999954551458
5394,1.247329289278417e-12,0.0016199999954551458
5395,1.2439865872506e-12,0.0016199999954551458
5396,1.2406543493501235e-12,0.0016199999954551458
5397,1.237332549035189e-12,0.0016199999954551458
5398,1.2340211596241554e-12,0.0016199999954551458
5399,1.2307201547812143e-12,0.0016199999954551458
5400,1.227429507936316e-12,0.0016199999954551458
5401,1.2241491927737333e-12,0.0016199999954551458
5402,1.220879182855525e-12,0.0016199999954551458
5403,1.217619451959442e-12,0.0016199999954551458
5404,1.2143699736777409e-12,0.0016199999954551458
5405,1.2111307219191813e-12,0.0016199999954551458
5406,1.2079016705162775e-12,0.0016199999954551458
5407,1.2046827933221253e-12,0.0016199999954551458
5408,1.2014740642381218e-12,0.0016199999954551458
5409,1.198275457233727e-12,0.0016199999954551458
5410,1.1950869463344832e-12,0.0016199999954551458
5411,1.1919085057325439e-12,0.0016199999954551458
5412,1.188740109382163e-12,0.0016199999954551458
5413,1.185581731475816e-12,0.0016199999954551458
5414,1.1824333462860485e-12,0.0016199999954551458
5415,1.1792949280119885e-12,0.0016199999954551458
5416,1.1761664510361009e-12,0.0016199999954551458
5417,1.173047889656026e-12,0.0016199999954551458
5418,1.1699392182429647e-12,0.0016199999954551458
5419,1.166840411311266e-12,0.0016199999954551458
5420,1.1637514432703023e-12,0.0016199999954551458
5421,1.1606722888125351e-12,0.0016199999954551458
5422,1.1576029223887127e-12,0.0016199999954551458
5423,1.1545433186616114e-12,0.0016199999954551458
5424,1.151493452314691e-12,0.0016199999954551458
5425,1.1484532980623243e-12,0.0016199999954551458
5426,1.1454228306794954e-12,0.0016199999954551458
5427,1.142402025079363e-12,0.0016199999954551458
5428,1.1393908560346317e-12,0.0016199999954551458
5429,1.1363892984438915e-12,0.0016199999954551458
5430,1.133397327399896e-12,0.0016199999954551458
5431,1.1304149177493997e-12,0.0016199999954551458
5432,1.1274420446493752e-12,0.0016199999954551458
5433,1.1244786831194483e-12,0.0016199999954551458
5434,1.12152480841976e-12,0.0016199999954551458
5435,1.1185803956400844e-12,0.0016199999954551458
5436,1.1156454200865784e-12,0.0016199999954551458
5437,1.1127198570591107e-12,0.0016199999954551458
5438,1.1098036817990097e-12,0.0016199999954551458
5439,1.1068968698006649e-12,0.0016199999954551458
5440,1.10399939644533e-12,0.0016199999954551458
5441,1.1011112371142019e-12,0.0016199999954551458
5442,1.098232367468072e-12,0.0016199999954551458
5443,1.095362763058855e-12,0.0016199999954551458
5444,1.09250239937245e-12,0.0016199999954551458
5445,1.0896509077117594e-12,0.0016199999954551458
5446,1.0868075499806492e-12,0.0016199999954551458
5447,1.083972177385713e-12,0.0016199999954551458
5448,1.0811447665760337e-12,0.0016199999954551458
5449,1.0783251378534512e-12,0.0016199999954551458
5450,1.0755131815090375e-12,0.0016199999954551458
5451,1.0727088604205525e-12,0.0016199999954551458
5452,1.069912026530603e-12,0.0016199999954551458
5453,1.0671226026914202e-12,0.0016199999954551458
5454,1.0643405525988821e-12,0.0016199999954551458
5455,1.0615657636420958e-12,0.0016199999954551458
5456,1.058798187928699e-12,0.0016199999954551458
5457,1.0560377962897916e-12,0.0016199999954551458
5458,1.0532845085402516e-12,0.0016199999954551458
5459,1.0505382982565316e-12,0.0016199999954551458
5460,1.0477991426711405e-12,0.0016199999954551458
5461,1.0450669848849254e-12,0.0016199999954551458
5462,1.042341809897435e-12,0.0016199999954551458
5463,1.0396235966049743e-12,0.0016199999954551458
5464,1.036912302221178e-12,0.0016199999954551458
5465,1.0342079151362296e-12,0.0016199999954551458
5466,1.0315104132003346e-12,0.0016199999954551458
5467,1.0288197619150128e-12,0.0016199999954551458
5468,1.0261359491324184e-12,0.0016199999954551458
5469,1.0234589513077824e-12,0.0016199999954551458
5470,1.020788738937125e-12,0.0016199999954551458
5471,1.0181252987083142e-12,0.0016199999954551458
5472,1.0154686067310917e-12,0.0016199999954551458
5473,1.0128186379690303e-12,0.0016199999954551458
5474,1.0101753784509872e-12,0.0016199999954551458
5475,1.0075388058904106e-12,0.0016199999954551458
5476,1.004908899099787e-12,0.0016199999954551458
5477,1.0022856447528847e-12,0.0016199999954551458
5478,9.996690225056106e-13,0.0016199999954551458
5479,9.970590148637714e-13,0.0016199999954551458
5480,9.94455608898832e-13,0.0016199999954551458
5481,9.918587864417182e-13,0.0016199999954551458
5482,9.892685326776407e-13,0.0016199999954551458
5483,9.866848348734832e-13,0.0016199999954551458
5484,9.841076766633934e-13,0.0016199999954551458
5485,9.815370444883142e-13,0.0016199999954551458
5486,9.789729257601266e-13,0.0016199999954551458
5487,9.764153052466425e-13,0.0016199999954551458
5488,9.73864169915877e-13,0.0016199999954551458
5489,9.713195070483703e-13,0.0016199999954551458
5490,9.687813019924125e-13,0.0016199999954551458
5491,9.662495421559313e-13,0.0016199999954551458
5492,9.637242144389262e-13,0.0016199999954551458
5493,9.612053048438065e-13,0.0016199999954551458
5494,9.586928008490638e-13,0.0016199999954551458
5495,9.561866892820771e-13,0.0016199999954551458
5496,9.536869565671856e-13,0.0016199999954551458
5497,9.51193590270021e-13,0.0016199999954551458
5498,9.487065774433166e-13,0.0016199999954551458
5499,9.462259048357947e-13,0.0016199999954551458
5500,9.43751560149008e-13,0.0014579999260604382
5501,9.41530163383145e-13,0.0014579999260604382
5502,9.393140655479682e-13,0.0014579999260604382
5503,9.371032267324189e-13,0.0014579999260604382
5504,9.348976097915526e-13,0.0014579999260604382
5505,9.326971804354604e-13,0.0014579999260604382
5506,9.305019073731895e-13,0.0014579999260604382
5507,9.283117613743642e-13,0.0014579999260604382
5508,9.261267153437261e-13,0.0014579999260604382
5509,9.239467441853267e-13,0.0014579999260604382
5510,9.217718245010155e-13,0.0014579999260604382
5511,9.196019342527861e-13,0.0014579999260604382
5512,9.174370529858773e-13,0.0014579999260604382
5513,9.152771614932484e-13,0.0014579999260604382
5514,9.131222415892254e-13,0.0014579999260604382
5515,9.109722761337037e-13,0.0014579999260604382
5516,9.088272488207739e-13,0.0014579999260604382
5517,9.066871443684873e-13,0.0014579999260604382
5518,9.045519480690726e-13,0.0014579999260604382
5519,9.024216459540808e-13,0.0014579999260604382
5520,9.002962246232792e-13,0.0014579999260604382
5521,8.981756712457324e-13,0.0014579999260604382
5522,8.960599734435554e-13,0.0014579999260604382
5523,8.939491194021702e-13,0.0014579999260604382
5524,8.918430974113162e-13,0.0014579999260604382
5525,8.897418965682566e-13,0.0014579999260604382
5526,8.876455059117393e-13,0.0014579999260604382
5527,8.855539148660146e-13,0.0014579999260604382
5528,8.834671133291729e-13,0.0014579999260604382
5529,8.813850911335136e-13,0.0014579999260604382
5530,8.793078385258044e-13,0.0014579999260604382
5531,8.772353459360537e-13,0.0014579999260604382
5532,8.751676037515771e-13,0.0014579999260604382
5533,8.731046029135068e-13,0.0014579999260604382
5534,8.710463341660851e-13,0.0014579999260604382
5535,8.689927885359054e-13,0.0014579999260604382
5536,8.669439571378355e-13,0.0014579999260604382
5537,8.648998311096005e-13,0.0014579999260604382
5538,8.628604019040915e-13,0.0014579999260604382
5539,8.608256608271794e-13,0.0014579999260604382
5540,8.587955994265061e-13,0.0014579999260604382
5541,8.567702092251958e-13,0.0014579999260604382
5542,8.547494818265172e-13,0.0014579999260604382
5543,8.52733408916535e-13,0.0014579999260604382
5544,8.507219822592819e-13,0.0014579999260604382
5545,8.487151936313751e-13,0.0014579999260604382
5546,8.467130348119644e-13,0.0014579999260604382
5547,8.44715497736157e-13,0.0014579999260604382
5548,8.42722574314524e-13,0.0014579999260604382
5549,8.407342564483301e-13,0.0014579999260604382
5550,8.387505361614208e-13,0.0014579999260604382
5551,8.367714054187259e-13,0.0014579999260604382
5552,8.347968561977631e-13,0.0014579999260604382
5553,8.328268806824264e-13,0.0014579999260604382
5554,8.308614709201582e-13,0.0014579999260604382
5555,8.289006189749044e-13,0.0014579999260604382
5556,8.269443169845836e-13,0.0014579999260604382
5557,8.249925570541499e-13,0.0014579999260604382
5558,8.230453313802061e-13,0.0014579999260604382
5559,8.211026322063849e-13,0.0014579999260604382
5560,8.191644515849043e-13,0.0014579999260604382
5561,8.172307818652075e-13,0.0014579999260604382
5562,8.153014930697421e-13,0.0014579999260604382
5563,8.133763379396222e-13,0.0014579999260604382
5564,8.114552537610463e-13,0.0014579999260604382
5565,8.095382248103241e-13,0.0014579999260604382
5566,8.076251941170129e-13,0.0014579999260604382
5567,8.057161061369832e-13,0.0014579999260604382
5568,8.038109492650333e-13,0.0014579999260604382
5569,8.019096891821195e-13,0.0014579999260604382
5570,8.000122814510588e-13,0.0014579999260604382
5571,7.981187124514059e-13,0.0014579999260604382
5572,7.962289560089786e-13,0.0014579999260604382
5573,7.943429732454361e-13,0.0014579999260604382
5574,7.924607501829819e-13,0.0014579999260604382
5575,7.9058227206211e-13,0.0014579999260604382
5576,7.887075136663422e-13,0.0014579999260604382
5577,7.868364675297028e-13,0.0014579999260604382
5578,7.849691278275747e-13,0.0014579999260604382
5579,7.83105477542682e-13,0.0014579999260604382
5580,7.812455085823232e-13,0.0014579999260604382
5581,7.793892156236446e-13,0.0014579999260604382
5582,7.775365843998023e-13,0.0014579999260604382
5583,7.756876061892752e-13,0.0014579999260604382
5584,7.738422770956035e-13,0.0014579999260604382
5585,7.720005867603844e-13,0.0014579999260604382
5586,7.701625273295243e-13,0.0014579999260604382
5587,7.683280947413525e-13,0.0014579999260604382
5588,7.664972798238327e-13,0.0014579999260604382
5589,7.646700734524875e-13,0.0014579999260604382
5590,7.628464700901824e-13,0.0014579999260604382
5591,7.610264611053252e-13,0.0014579999260604382
5592,7.592100378519622e-13,0.0014579999260604382
5593,7.573971949465793e-13,0.0014579999260604382
5594,7.555879256348526e-13,0.0014579999260604382
5595,7.537822223654523e-13,0.0014579999260604382
5596,7.519800799226209e-13,0.0014579999260604382
5597,7.501814921635537e-13,0.0014579999260604382
5598,7.483864519735789e-13,0.0014579999260604382
5599,7.465949541417019e-13,0.0014579999260604382
5600,7.448069931948322e-13,0.0014579999260604382
5601,7.430225628111016e-13,0.0014579999260604382
5602,7.412416582931822e-13,0.0014579999260604382
5603,7.394642747844038e-13,0.0014579999260604382
5604,7.376904066258254e-13,0.0014579999260604382
5605,7.359200490753756e-13,0.0014579999260604382
5606,7.341531972976042e-13,0.0014579999260604382
5607,7.323898457708434e-13,0.0014579999260604382
5608,7.306299896995061e-13,0.0014579999260604382
5609,7.288736241972047e-13,0.0014579999260604382
5610,7.271207441767529e-13,0.0014579999260604382
5611,7.253713447254375e-13,0.0014579999260604382
5612,7.236254212374655e-13,0.0014579999260604382
5613,7.218829685627752e-13,0.0014579999260604382
5614,7.20143981727963e-13,0.0014579999260604382
5615,7.184084560790703e-13,0.0014579999260604382
5616,7.166763865294061e-13,0.0014579999260604382
5617,7.149477681200415e-13,0.0014579999260604382
5618,7.132225962242063e-13,0.0014579999260604382
5619,7.115008659508822e-13,0.0014579999260604382
5620,7.097825724111948e-13,0.0014579999260604382
5621,7.080677109549839e-13,0.0014579999260604382
5622,7.063562767276497e-13,0.0014579999260604382
5623,7.046482649790525e-13,0.0014579999260604382
5624,7.02943670980741e-13,0.0014579999260604382
5625,7.012424899586308e-13,0.0014579999260604382
5626,6.995447172092276e-13,0.0014579999260604382
5627,6.978503479704025e-13,0.0014579999260604382
5628,6.961593776477811e-13,0.0014579999260604382
5629,6.94471801502094e-13,0.0014579999260604382
5630,6.927876147653533e-13,0.0014579999260604382
5631,6.911068129071984e-13,0.0014579999260604382
5632,6.89429391114837e-13,0.0014579999260604382
5633,6.877553448018444e-13,0.0014579999260604382
5634,6.86084669157713e-13,0.0014579999260604382
5635,6.844173596366742e-13,0.0014579999260604382
5636,6.827534114939625e-13,0.0014579999260604382
5637,6.810928201209639e-13,0.0014579999260604382
5638,6.794355808677378e-13,0.0014579999260604382
5639,6.777816889701371e-13,0.0014579999260604382
5640,6.761311398840164e-13,0.0014579999260604382
5641,6.744839288940956e-13,0.0014579999260604382
5642,6.728400513339853e-13,0.0014579999260604382
5643,6.711995026053882e-13,0.0014579999260604382
5644,6.695622780527914e-13,0.0014579999260604382
5645,6.679283729536913e-13,0.0014579999260604382
5646,6.66297782853772e-13,0.0014579999260604382
5647,6.646705029153072e-13,0.0014579999260604382
5648,6.630465286238084e-13,0.0014579999260604382
5649,6.614258552621801e-13,0.0014579999260604382
5650,6.598084782779977e-13,0.0014579999260604382
5651,6.581943930465577e-13,0.0014579999260604382
5652,6.565835948852542e-13,0.0014579999260604382
5653,6.549760792089752e-13,0.0014579999260604382
5654,6.533718413883559e-13,0.0014579999260604382
5655,6.517708767978166e-13,0.0014579999260604382
5656,6.501731808811092e-13,0.0014579999260604382
5657,6.485787489795066e-13,0.0014579999260604382
5658,6.469875764512845e-13,0.0014579999260604382
5659,6.453996587522574e-13,0.0014579999260604382
5660,6.438149912862264e-13,0.0014579999260604382
5661,6.422335693395984e-13,0.0014579999260604382
5662,6.406553884276889e-13,0.0014579999260604382
5663,6.390804438627484e-13,0.0014579999260604382
5664,6.375087311317879e-13,0.0014579999260604382
5665,6.35940245643831e-13,0.0014579999260604382
5666,6.343749827070414e-13,0.0014579999260604382
5667,6.328129377667716e-13,0.0014579999260604382
5668,6.312541063177641e-13,0.0014579999260604382
5669,6.296984836715649e-13,0.0014579999260604382
5670,6.281460653045877e-13,0.0014579999260604382
5671,6.265968466467102e-13,0.0014579999260604382
5672,6.250508230565529e-13,0.0014579999260604382
5673,6.235079899661304e-13,0.0014579999260604382
5674,6.219683428595335e-13,0.0014579999260604382
5675,6.204318770720362e-13,0.0014579999260604382
5676,6.188985881465921e-13,0.0014579999260604382
5677,6.173684714706328e-13,0.0014579999260604382
5678,6.158415224458867e-13,0.0014579999260604382
5679,6.143177365163345e-13,0.0014579999260604382
5680,6.127971091492843e-13,0.0014579999260604382
5681,6.112796357372177e-13,0.0014579999260604382
5682,6.097653117738309e-13,0.0014579999260604382
5683,6.082541326528036e-13,0.0014579999260604382
5684,6.067460938970101e-13,0.0014579999260604382
5685,6.052411908925053e-13,0.0014579999260604382
5686,6.03739419090986e-13,0.0014579999260604382
5687,6.022407739959763e-13,0.0014579999260604382
5688,6.007452510198294e-13,0.0014579999260604382
5689,5.992528456114264e-13,0.0014579999260604382
5690,5.977635532463587e-13,0.0014579999260604382
5691,5.962773694226862e-13,0.0014579999260604382
5692,5.947942896191051e-13,0.0014579999260604382
5693,5.933143091869902e-13,0.0014579999260604382
5694,5.918374237014527e-13,0.0014579999260604382
5695,5.90363628590542e-13,0.0014579999260604382
5696,5.888929193950796e-13,0.0014579999260604382
5697,5.874252914635304e-13,0.0014579999260604382
5698,5.859607404050323e-13,0.0014579999260604382
5699,5.844992616102199e-13,0.0014579999260604382
5700,5.830408506421654e-13,0.0014579999260604382
5701,5.815855028789034e-13,0.0014579999260604382
5702,5.801332139381139e-13,0.0014579999260604382
5703,5.786839792120189e-13,0.0014579999260604382
5704,5.77237794267436e-13,0.0014579999260604382
5705,5.757946545013864e-13,0.0014579999260604382
5706,5.743545555362457e-13,0.0014579999260604382
5707,5.729174927617374e-13,0.0014579999260604382
5708,5.714834617502639e-13,0.0014579999260604382
5709,5.700524579702047e-13,0.0014579999260604382
5710,5.686244769198675e-13,0.0014579999260604382
5711,5.671995141523155e-13,0.0014579999260604382
5712,5.657775652112706e-13,0.0014579999260604382
5713,5.643586255187998e-13,0.0014579999260604382
5714,5.629426906567819e-13,0.0014579999260604382
5715,5.615297560866898e-13,0.0014579999260604382
5716,5.601198173966946e-13,0.0014579999260604382
5717,5.587128700751733e-13,0.0014579999260604382
5718,5.573089096941858e-13,0.0014579999260604382
5719,5.559079316641256e-13,0.0014579999260604382
5720,5.545099316676816e-13,0.0014579999260604382
5721,5.531149050928011e-13,0.0014579999260604382
5722,5.517228476444239e-13,0.0014579999260604382
5723,5.503337547654545e-13,0.0014579999260604382
5724,5.489476219572635e-13,0.0014579999260604382
5725,5.475644448064888e-13,0.0014579999260604382
5726,5.461842189372411e-13,0.0014579999260604382
5727,5.448069397481114e-13,0.0014579999260604382
5728,5.434326028962491e-13,0.0014579999260604382
5729,5.420612039635918e-13,0.0014579999260604382
5730,5.406927383913602e-13,0.0014579999260604382
5731,5.393272018105536e-13,0.0014579999260604382
5732,5.379645897910535e-13,0.0014579999260604382
5733,5.366048979400674e-13,0.0014579999260604382
5734,5.352481217029313e-13,0.0014579999260604382
5735,5.338942567571099e-13,0.0014579999260604382
5736,5.325432986282798e-13,0.0014579999260604382
5737,5.311952428771284e-13,0.0014579999260604382
5738,5.2985008513389e-13,0.0014579999260604382
5739,5.285078209372916e-13,0.0014579999260604382
5740,5.271684458715534e-13,0.0014579999260604382
5741,5.258319555801399e-13,0.0014579999260604382
5742,5.244983455265323e-13,0.0014579999260604382
5743,5.231676114706019e-13,0.0014579999260604382
5744,5.218397488463735e-13,0.0014579999260604382
5745,5.205147533760616e-13,0.0014579999260604382
5746,5.191926205949914e-13,0.0014579999260604382
5747,5.178733460854257e-13,0.0014579999260604382
5748,5.16556925550864e-13,0.0014579999260604382
5749,5.152433544432906e-13,0.0014579999260604382
5750,5.139326285209611e-13,0.0014579999260604382
5751,5.126247432726888e-13,0.0014579999260604382
5752,5.113196944626385e-13,0.0014579999260604382
5753,5.100174775320047e-13,0.0014579999260604382
5754,5.087180882388788e-13,0.0014579999260604382
5755,5.07421522217219e-13,0.0014579999260604382
5756,5.061277749406741e-13,0.0014579999260604382
5757,5.048368421656255e-13,0.0014579999260604382
5758,5.035487195012545e-13,0.0014579999260604382
5759,5.022634025853645e-13,0.0014579999260604382
5760,5.009808870415893e-13,0.0014579999260604382
5761,4.997011684665481e-13,0.0014579999260604382
5762,4.984242426258488e-13,0.0014579999260604382
5763,4.971501050590956e-13,0.0014579999260604382
5764,4.958787514025842e-13,0.0014579999260604382
5765,4.946101773812599e-13,0.0014579999260604382
5766,4.933443785955069e-13,0.0014579999260604382
5767,4.920813507707044e-13,0.0014579999260604382
5768,4.908210894621891e-13,0.0014579999260604382
5769,4.895635904534523e-13,0.0014579999260604382
5770,4.883088492924034e-13,0.0014579999260604382
5771,4.870568617278887e-13,0.0014579999260604382
5772,4.858076233743625e-13,0.0014579999260604382
5773,4.845611299672297e-13,0.0014579999260604382
5774,4.833173771389246e-13,0.0014579999260604382
5775,4.820763605778166e-13,0.0014579999260604382
5776,4.80838075966777e-13,0.0014579999260604382
5777,4.796025190212671e-13,0.0014579999260604382
5778,4.783696853753871e-13,0.0014579999260604382
5779,4.771395707437727e-13,0.0014579999260604382
5780,4.759121708092349e-13,0.0014579999260604382
5781,4.746874813087023e-13,0.0014579999260604382
5782,4.734654978975816e-13,0.0014579999260604382
5783,4.722462163110259e-13,0.0014579999260604382
5784,4.710296322282803e-13,0.0014579999260604382
5785,4.698157413752394e-13,0.0014579999260604382
5786,4.686045394451057e-13,0.0014579999260604382
5787,4.673960221949486e-13,0.0014579999260604382
5788,4.661901852880202e-13,0.0014579999260604382
5789,4.649870244442848e-13,0.0014579999260604382
5790,4.637865354688865e-13,0.0014579999260604382
5791,4.625887139375045e-13,0.0014579999260604382
5792,4.613935557590234e-13,0.0014579999260604382
5793,4.602010565564777e-13,0.0014579999260604382
5794,4.590112120611409e-13,0.0014579999260604382
5795,4.578240180499589e-13,0.0014579999260604382
5796,4.566394702603416e-13,0.0014579999260604382
5797,4.554575643796959e-13,0.0014579999260604382
5798,4.542782962358211e-13,0.0014579999260604382
5799,4.53101661510336e-13,0.0014579999260604382
5800,4.5192765599509517e-13,0.0014579999260604382
5801,4.50756275469167e-13,0.0014579999260604382
5802,4.495875156412004e-13,0.0014579999260604382
5803,4.4842137229514313e-13,0.0014579999260604382
5804,4.472578412111006e-13,0.0014579999260604382
5805,4.4609691809571566e-13,0.0014579999260604382
5806,4.449385988050033e-13,0.0014579999260604382
5807,4.4378287901820506e-13,0.0014579999260604382
5808,4.4262975457820983e-13,0.0014579999260604382
5809,4.414792213447495e-13,0.0014579999260604382
5810,4.403312748948846e-13,0.0014579999260604382
5811,4.3918591115821236e-13,0.0014579999260604382
5812,4.3804312593940284e-13,0.0014579999260604382
5813,4.3690291495800536e-13,0.0014579999260604382
5814,4.357652740211968e-13,0.0014579999260604382
5815,4.3463019895759466e-13,0.0014579999260604382
5816,4.3349768552957813e-13,0.0014579999260604382
5817,4.3236772955537805e-13,0.0014579999260604382
5818,4.3124032693061044e-13,0.0014579999260604382
5819,4.301154733338923e-13,0.0014579999260604382
5820,4.28993164666307e-13,0.0014579999260604382
5821,4.2787339669288487e-13,0.0014579999260604382
5822,4.267561652646663e-13,0.0014579999260604382
5823,4.256414661753945e-13,0.0014579999260604382
5824,4.2452929527228693e-13,0.0014579999260604382
5825,4.2341964843631176e-13,0.0014579999260604382
5826,4.223125213783687e-13,0.0014579999260604382
5827,4.212079100626284e-13,0.0014579999260604382
5828,4.201058102266934e-13,0.0014579999260604382
5829,4.190062177663787e-13,0.0014579999260604382
5830,4.179091285531493e-13,0.0014579999260604382
5831,4.1681453838964266e-13,0.0014579999260604382
5832,4.1572244310474264e-13,0.0014579999260604382
5833,4.146328386061035e-13,0.0014579999260604382
5834,4.135457207467012e-13,0.0014579999260604382
5835,4.124610853525431e-13,0.0014579999260604382
5836,4.113789283087126e-13,0.0014579999260604382
5837,4.102992455223916e-13,0.0014579999260604382
5838,4.0922203280804185e-13,0.0014579999260604382
5839,4.081472860234024e-13,0.0014579999260604382
5840,4.07075001145166e-13,0.0014579999260604382
5841,4.060051739460129e-13,0.0014579999260604382
5842,4.049378003798283e-13,0.0014579999260604382
5843,4.0387287630897037e-13,0.0014579999260604382
5844,4.0281039759542317e-13,0.0014579999260604382
5845,4.0175036017709967e-13,0.0014579999260604382
5846,4.0069275996074577e-13,0.0014579999260604382
5847,3.996375927709742e-13,0.0014579999260604382
5848,3.9858485462643806e-13,0.0014579999260604382
5849,3.975345413148995e-13,0.0014579999260604382
5850,3.9648664883290833e-13,0.0014579999260604382
5851,3.9544117303731296e-13,0.0014579999260604382
5852,3.94398109911558e-13,0.0014579999260604382
5853,3.933574552925477e-13,0.0014579999260604382
5854,3.9231920517363237e-13,0.0014579999260604382
5855,3.9128335539807666e-13,0.0014579999260604382
5856,3.902499020205632e-13,0.0014579999260604382
5857,3.892188408677366e-13,0.0014579999260604382
5858,3.881901679305836e-13,0.0014579999260604382
5859,3.871638791142722e-13,0.0014579999260604382
5860,3.861399703767848e-13,0.0014579999260604382
5861,3.8511843767102185e-13,0.0014579999260604382
5862,3.8409927695150676e-13,0.0014579999260604382
5863,3.8308248419308967e-13,0.0014579999260604382
5864,3.820680552759215e-13,0.0014579999260604382
5865,3.8105598620995877e-13,0.0014579999260604382
5866,3.8004627298037987e-13,0.0014579999260604382
5867,3.790389114772611e-13,0.0014579999260604382
5868,3.7803389779656885e-13,0.0014579999260604382
5869,3.770312277978973e-13,0.0014579999260604382
5870,3.760308974702434e-13,0.0014579999260604382
5871,3.7503290284789134e-13,0.0014579999260604382
5872,3.7403723990293364e-13,0.0014579999260604382
5873,3.730439045632218e-13,0.0014579999260604382
5874,3.7205289286948206e-13,0.0014579999260604382
5875,3.7106420081308864e-13,0.0014579999260604382
5876,3.7007782442724975e-13,0.0014579999260604382
5877,3.6909375961222387e-13,0.0014579999260604382
5878,3.681120024777812e-13,0.0014579999260604382
5879,3.671325489611477e-13,0.0014579999260604382
5880,3.661553950977908e-13,0.0014579999260604382
5881,3.6518053689924587e-13,0.0014579999260604382
5882,3.6420797039328724e-13,0.0014579999260604382
5883,3.6323769160176733e-13,0.0014579999260604382
5884,3.622696965084708e-13,0.0014579999260604382
5885,3.613039811595903e-13,0.0014579999260604382
5886,3.603405416468611e-13,0.0014579999260604382
5887,3.593793739374312e-13,0.0014579999260604382
5888,3.5842047406497195e-13,0.0014579999260604382
5889,3.5746383814880855e-13,0.0014579999260604382
5890,3.565094621561373e-13,0.0014579999260604382
5891,3.555573421233295e-13,0.0014579999260604382
5892,3.546074741948144e-13,0.0014579999260604382
5893,3.53659854327011e-13,0.0014579999260604382
5894,3.5271447866928926e-13,0.0014579999260604382
5895,3.5177134321697054e-13,0.0014579999260604382
5896,3.508304440341574e-13,0.0014579999260604382
5897,3.4989177725781417e-13,0.0014579999260604382
5898,3.4895533889451766e-13,0.0014579999260604382
5899,3.480211250721872e-13,0.0014579999260604382
5900,3.4708913178585995e-13,0.0014579999260604382
5901,3.4615935518603843e-13,0.0014579999260604382
5902,3.452317913880953e-13,0.0014579999260604382
5903,3.443064364440156e-13,0.0014579999260604382
5904,3.433832864237631e-13,0.0014579999260604382
5905,3.4246233743779795e-13,0.0014579999260604382
5906,3.41543585617772e-13,0.0014579999260604382
5907,3.4062702706680793e-13,0.0014579999260604382
5908,3.3971265787119973e-13,0.0014579999260604382
5909,3.388004741440007e-13,0.0014579999260604382
5910,3.378904720141973e-13,0.0014579999260604382
5911,3.3698264753129633e-13,0.0014579999260604382
5912,3.3607699695687856e-13,0.0014579999260604382
5913,3.3517351630012764e-13,0.0014579999260604382
5914,3.3427220175674715e-13,0.0014579999260604382
5915,3.333730494038497e-13,0.0014579999260604382
5916,3.324760554299136e-13,0.0014579999260604382
5917,3.315812159373924e-13,0.0014579999260604382
5918,3.3068852709935454e-13,0.0014579999260604382
5919,3.297979850292296e-13,0.0014579999260604382
5920,3.2890958592419213e-13,0.0014579999260604382
5921,3.2802332589706506e-13,0.0014579999260604382
5922,3.27139201164184e-13,0.0014579999260604382
5923,3.262572077854543e-13,0.0014579999260604382
5924,3.253773420228588e-13,0.0014579999260604382
5925,3.244995999898426e-13,0.0014579999260604382
5926,3.236239778946186e-13,0.0014579999260604382
5927,3.2275047191083426e-13,0.0014579999260604382
5928,3.218790781952378e-13,0.0014579999260604382
5929,3.210097929433949e-13,0.0014579999260604382
5930,3.201426123283232e-13,0.0014579999260604382
5931,3.1927753257221647e-13,0.0014579999260604382
5932,3.1841454984424933e-13,0.0014579999260604382
5933,3.1755366037303353e-13,0.0014579999260604382
5934,3.1669486033242053e-13,0.0014579999260604382
5935,3.15838145902088e-13,0.0014579999260604382
5936,3.1498351335600965e-13,0.0014579999260604382
5937,3.141309589103965e-13,0.0014579999260604382
5938,3.132804786859105e-13,0.0014579999260604382
5939,3.124320689899782e-13,0.0014579999260604382
5940,3.115857259970296e-13,0.0014579999260604382
5941,3.10741445988158e-13,0.0014579999260604382
5942,3.0989922514738217e-13,0.0014579999260604382
5943,3.0905905973378304e-13,0.0014579999260604382
5944,3.0822094600108703e-13,0.0014579999260604382
5945,3.073848801239492e-13,0.0014579999260604382
5946,3.0655085842705115e-13,0.0014579999260604382
5947,3.057188771085342e-13,0.0014579999260604382
5948,3.048889324432827e-13,0.0014579999260604382
5949,3.040610207070048e-13,0.0014579999260604382
5950,3.0323513810569114e-13,0.0014579999260604382
5951,3.024112809346932e-13,0.0014579999260604382
5952,3.015894455077784e-13,0.0014579999260604382
5953,3.007696280138528e-13,0.0014579999260604382
5954,2.9995182479779664e-13,0.0014579999260604382
5955,2.99136032094765e-13,0.0014579999260604382
5956,2.983222461961963e-13,0.0014579999260604382
5957,2.975104634250964e-13,0.0014579999260604382
5958,2.9670068000981855e-13,0.0014579999260604382
5959,2.9589289230414995e-13,0.0014579999260604382
5960,2.9508709655002005e-13,0.0014579999260604382
5961,2.9428328910362297e-13,0.0014579999260604382
5962,2.9348146622561044e-13,0.0014579999260604382
5963,2.9268162426395375e-13,0.0014579999260604382
5964,2.9188375950860155e-13,0.0014579999260604382
5965,2.910878682585602e-13,0.0014579999260604382
5966,2.902939468864289e-13,0.0014579999260604382
5967,2.895019916890264e-13,0.0014579999260604382
5968,2.887119989574759e-13,0.0014579999260604382
5969,2.87923965067949e-13,0.0014579999260604382
5970,2.871378863704167e-13,0.0014579999260604382
5971,2.863537591757465e-13,0.0014579999260604382
5972,2.855715798079131e-13,0.0014579999260604382
5973,2.84791344657231e-13,0.0014579999260604382
5974,2.840130500655658e-13,0.0014579999260604382
5975,2.832366923375996e-13,0.0014579999260604382
5976,2.824622678600412e-13,0.0014579999260604382
5977,2.816897730575843e-13,0.0014579999260604382
5978,2.8091920424325466e-13,0.0014579999260604382
5979,2.801505577731893e-13,0.0014579999260604382
5980,2.7938383000773316e-13,0.0014579999260604382
5981,2.7861901738904027e-13,0.0014579999260604382
5982,2.778561162538929e-13,0.0014579999260604382
5983,2.7709512298482436e-13,0.0014579999260604382
5984,2.7633603397017117e-13,0.0014579999260604382
5985,2.755788456430239e-13,0.0014579999260604382
5986,2.7482355432820444e-13,0.0014579999260604382
5987,2.740701565057276e-13,0.0014579999260604382
5988,2.733186485043541e-13,0.0014579999260604382
5989,2.7256902676625837e-13,0.0014579999260604382
5990,2.7182128773534655e-13,0.0014579999260604382
5991,2.7107542779421376e-13,0.0014579999260604382
5992,2.7033144332704403e-13,0.0014579999260604382
5993,2.695893308175897e-13,0.0014579999260604382
5994,2.688490866882059e-13,0.0014579999260604382
5995,2.6811070730623145e-13,0.0014579999260604382
5996,2.6737418919684177e-13,0.0014579999260604382
5997,2.6663952874162366e-13,0.0014579999260604382
5998,2.659067223735919e-13,0.0014579999260604382
5999,2.651757665506293e-13,0.0014579999260604382
6000,2.644466577556209e-13,0.0013121998636052012
6001,2.6379206924468517e-13,0.0013121998636052012
6002,2.6313902753432546e-13,0.0013121998636052012
6003,2.6248752105588193e-13,0.0013121998636052012
6004,2.618375389915442e-13,0.0013121998636052012
6005,2.611890715564694e-13,0.0013121998636052012
6006,2.605421095368876e-13,0.0013121998636052012
6007,2.5989664456239407e-13,0.0013121998636052012
6008,2.592526687342623e-13,0.0013121998636052012
6009,2.5861017485758665e-13,0.0013121998636052012
6010,2.579691559966416e-13,0.0013121998636052012
6011,2.5732960592268094e-13,0.0013121998636052012
6012,2.5669151866685846e-13,0.0013121998636052012
6013,2.56054888634428e-13,0.0013121998636052012
6014,2.554197105677996e-13,0.0013121998636052012
6015,2.547859795601396e-13,0.0013121998636052012
6016,2.5415369085192476e-13,0.0013121998636052012
6017,2.5352284004939795e-13,0.0013121998636052012
6018,2.528934228584478e-13,0.0013121998636052012
6019,2.522654352812863e-13,0.0013121998636052012
6020,2.51638873412014e-13,0.0013121998636052012
6021,2.5101373353789427e-13,0.0013121998636052012
6022,2.5039001216122346e-13,0.0013121998636052012
6023,2.4976770576680833e-13,0.0013121998636052012
6024,2.4914681102761556e-13,0.0013121998636052012
6025,2.485273247510808e-13,0.0013121998636052012
6026,2.4790924383554516e-13,0.0013121998636052012
6027,2.47292565171899e-13,0.0013121998636052012
6028,2.4667728586364925e-13,0.0013121998636052012
6029,2.460634029534322e-13,0.0013121998636052012
6030,2.4545091365636957e-13,0.0013121998636052012
6031,2.448398151505112e-13,0.0013121998636052012
6032,2.4423010473760655e-13,0.0013121998636052012
6033,2.436217797282736e-13,0.0013121998636052012
6034,2.430148374894452e-13,0.0013121998636052012
6035,2.4240927541869466e-13,0.0013121998636052012
6036,2.418050909051402e-13,0.0013121998636052012
6037,2.4120228152655926e-13,0.0013121998636052012
6038,2.4060084466955356e-13,0.0013121998636052012
6039,2.4000077786034803e-13,0.0013121998636052012
6040,2.394020787055053e-13,0.0013121998636052012
6041,2.3880474468339705e-13,0.0013121998636052012
6042,2.382087734120299e-13,0.0013121998636052012
6043,2.3761416252047617e-13,0.0013121998636052012
6044,2.370209095647261e-13,0.0013121998636052012
6045,2.364290121748011e-13,0.0013121998636052012
6046,2.358384680633561e-13,0.0013121998636052012
6047,2.352492747800328e-13,0.0013121998636052012
6048,2.3466143006354573e-13,0.0013121998636052012
6049,2.3407493157563406e-13,0.0013121998636052012
6050,2.3348977697405625e-13,0.0013121998636052012
6051,2.3290596394404753e-13,0.0013121998636052012
6052,2.323234902342223e-13,0.0013121998636052012
6053,2.3174235350245596e-13,0.0013121998636052012
6054,2.3116255146933717e-13,0.0013121998636052012
6055,2.3058408185697033e-13,0.0013121998636052012
6056,2.3000694243486603e-13,0.0013121998636052012
6057,2.294311308684257e-13,0.0013121998636052012
6058,2.288566449209153e-13,0.0013121998636052012
6059,2.2828348231397354e-13,0.0013121998636052012
6060,2.277116408286924e-13,0.0013121998636052012
6061,2.2714111818587375e-13,0.0013121998636052012
6062,2.2657191212895879e-13,0.0013121998636052012
6063,2.2600402042978655e-13,0.0013121998636052012
6064,2.2543744086872185e-13,0.0013121998636052012
6065,2.2487217113297635e-13,0.0013121998636052012
6066,2.2430820911842258e-13,0.0013121998636052012
6067,2.2374555244685842e-13,0.0013121998636052012
6068,2.23184198998148e-13,0.0013121998636052012
6069,2.2262414649827743e-13,0.0013121998636052012
6070,2.2206539275804265e-13,0.0013121998636052012
6071,2.21507935492455e-13,0.0013121998636052012
6072,2.2095177258081927e-13,0.0013121998636052012
6073,2.2039690169979497e-13,0.0013121998636052012
6074,2.1984332070296625e-13,0.0013121998636052012
6075,2.1929102740445188e-13,0.0013121998636052012
6076,2.1874001953749563e-13,0.0013121998636052012
6077,2.1819029491356142e-13,0.0013121998636052012
6078,2.176418513348449e-13,0.0013121998636052012
6079,2.1709468662926853e-13,0.0013121998636052012
6080,2.165487985560505e-13,0.0013121998636052012
6081,2.16004184940919e-13,0.0013121998636052012
6082,2.1546084356173867e-13,0.0013121998636052012
6083,2.149187722521592e-13,0.0013121998636052012
6084,2.1437796884676698e-13,0.0013121998636052012
6085,2.138384310971558e-13,0.0013121998636052012
6086,2.133001568546048e-13,0.0013121998636052012
6087,2.127631439210132e-13,0.0013121998636052012
6088,2.1222739014894893e-13,0.0013121998636052012
6089,2.1169289329302912e-13,0.0013121998636052012
6090,2.1115965124930163e-13,0.0013121998636052012
6091,2.106276617810148e-13,0.0013121998636052012
6092,2.1009692272042483e-13,0.0013121998636052012
6093,2.0956743194002445e-13,0.0013121998636052012
6094,2.0903918721098587e-13,0.0013121998636052012
6095,2.085121864327272e-13,0.0013121998636052012
6096,2.0798642739080452e-13,0.0013121998636052012
6097,2.0746190792681566e-13,0.0013121998636052012
6098,2.0693862584937268e-13,0.0013121998636052012
6099,2.0641657906665883e-13,0.0013121998636052012
6100,2.0589576540193216e-13,0.0013121998636052012
6101,2.0537618267728762e-13,0.0013121998636052012
6102,2.0485782871832968e-13,0.0013121998636052012
6103,2.0434070137711854e-13,0.0013121998636052012
6104,2.0382479855803616e-13,0.0013121998636052012
6105,2.0331011806046288e-13,0.0013121998636052012
6106,2.027966577430029e-13,0.0013121998636052012
6107,2.0228441549872523e-13,0.0013121998636052012
6108,2.0177338913022124e-13,0.0013121998636052012
6109,2.0126357653417806e-13,0.0013121998636052012
6110,2.007549755471599e-13,0.0013121998636052012
6111,2.0024758402643685e-13,0.0013121998636052012
6112,1.997413999149745e-13,0.0013121998636052012
6113,1.9923642094714877e-13,0.0013121998636052012
6114,1.9873264509172291e-13,0.0013121998636052012
6115,1.9823007021414676e-13,0.0013121998636052012
6116,1.9772869411574475e-13,0.0013121998636052012
6117,1.9722851473785655e-13,0.0013121998636052012
6118,1.967295299348812e-13,0.0013121998636052012
6119,1.9623173757950348e-13,0.0013121998636052012
6120,1.9573513556823214e-13,0.0013121998636052012
6121,1.952397217616693e-13,0.0013121998636052012
6122,1.947454940392333e-13,0.0013121998636052012
6123,1.9425245032808814e-13,0.0013121998636052012
6124,1.9376058847084095e-13,0.0013121998636052012
6125,1.932699063912745e-13,0.0013121998636052012
6126,1.927804019509006e-13,0.0013121998636052012
6127,1.922920730784919e-13,0.0013121998636052012
6128,1.9180491765864364e-13,0.0013121998636052012
6129,1.9131893353833163e-13,0.0013121998636052012
6130,1.9083411867551243e-13,0.0013121998636052012
6131,1.90350470972493e-13,0.0013121998636052012
6132,1.8986798831172576e-13,0.0013121998636052012
6133,1.8938666858311968e-13,0.0013121998636052012
6134,1.8890650974940164e-13,0.0013121998636052012
6135,1.8842750965018943e-13,0.0013121998636052012
6136,1.879496662589005e-13,0.0013121998636052012
6137,1.8747297743446073e-13,0.0013121998636052012
6138,1.8699744114284475e-13,0.0013121998636052012
6139,1.8652305525688414e-13,0.0013121998636052012
6140,1.860498177298075e-13,0.0013121998636052012
6141,1.855777264792182e-13,0.0013121998636052012
6142,1.851067794158458e-13,0.0013121998636052012
6143,1.846369744528647e-13,0.0013121998636052012
6144,1.8416830952068534e-13,0.0013121998636052012
6145,1.8370078260533969e-13,0.0013121998636052012
6146,1.8323439157582662e-13,0.0013121998636052012
6147,1.827691343792609e-13,0.0013121998636052012
6148,1.823050089415811e-13,0.0013121998636052012
6149,1.818420132386431e-13,0.0013121998636052012
6150,1.813801451845686e-13,0.0013121998636052012
6151,1.809194027160649e-13,0.0013121998636052012
6152,1.8045978376884228e-13,0.0013121998636052012
6153,1.8000128631133566e-13,0.0013121998636052012
6154,1.7954390829627845e-13,0.0013121998636052012
6155,1.7908764761484947e-13,0.0013121998636052012
6156,1.7863250232340574e-13,0.0013121998636052012
6157,1.7817847027890942e-13,0.0013121998636052012
6158,1.7772554946026336e-13,0.0013121998636052012
6159,1.7727373788825292e-13,0.0013121998636052012
6160,1.7682303339730786e-13,0.0013121998636052012
6161,1.7637343408548305e-13,0.0013121998636052012
6162,1.7592493784693686e-13,0.0013121998636052012
6163,1.754775426100191e-13,0.0013121998636052012
6164,1.7503124641267894e-13,0.0013121998636052012
6165,1.745860472002933e-13,0.0013121998636052012
6166,1.7414194292320732e-13,0.0013121998636052012
6167,1.73698931599718e-13,0.0013121998636052012
6168,1.732570111559224e-13,0.0013121998636052012
6169,1.7281617961849108e-13,0.0013121998636052012
6170,1.723764349168484e-13,0.0013121998636052012
6171,1.7193777510596086e-13,0.0013121998636052012
6172,1.715001980668796e-13,0.0013121998636052012
6173,1.7106370186800353e-13,0.0013121998636052012
6174,1.706282844708973e-13,0.0013121998636052012
6175,1.7019394385393328e-13,0.0013121998636052012
6176,1.697606780229442e-13,0.0013121998636052012
6177,1.6932848499851617e-13,0.0013121998636052012
6178,1.6889736272936282e-13,0.0013121998636052012
6179,1.68467309219023e-13,0.0013121998636052012
6180,1.680383225081533e-13,0.0013121998636052012
6181,1.6761040054385723e-13,0.0013121998636052012
6182,1.671835413831022e-13,0.0013121998636052012
6183,1.6675774298305342e-13,0.0013121998636052012
6184,1.6633300340502106e-13,0.0013121998636052012
6185,1.659093206245199e-13,0.0013121998636052012
6186,1.6548669267316752e-13,0.0013121998636052012
6187,1.650651175373119e-13,0.0013121998636052012
6188,1.6464459326041201e-13,0.0013121998636052012
6189,1.6422511786154737e-13,0.0013121998636052012
6190,1.638066893296603e-13,0.0013121998636052012
6191,1.6338930572033456e-13,0.0013121998636052012
6192,1.629729650706329e-13,0.0013121998636052012
6193,1.6255766538119673e-13,0.0013121998636052012
6194,1.6214340466573362e-13,0.0013121998636052012
6195,1.6173018100097056e-13,0.0013121998636052012
6196,1.61317992396476e-13,0.0013121998636052012
6197,1.609068368714915e-13,0.0013121998636052012
6198,1.604967124980393e-13,0.0013121998636052012
6199,1.6008761728102704e-13,0.0013121998636052012
6200,1.5967954929429465e-13,0.0013121998636052012
6201,1.592725065625414e-13,0.0013121998636052012
6202,1.588664871557631e-13,0.0013121998636052012
6203,1.5846148907951222e-13,0.0013121998636052012
6204,1.5805751042095008e-13,0.0013121998636052012
6205,1.5765454921175104e-13,0.0013121998636052012
6206,1.5725260353872074e-13,0.0013121998636052012
6207,1.568516714020724e-13,0.0013121998636052012
6208,1.5645175092297436e-13,0.0013121998636052012
6209,1.5605284010727574e-13,0.0013121998636052012
6210,1.5565493706000698e-13,0.0013121998636052012
6211,1.552580398056567e-13,0.0013121998636052012
6212,1.5486214645614892e-13,0.0013121998636052012
6213,1.5446725505871157e-13,0.0013121998636052012
6214,1.5407336366995442e-13,0.0013121998636052012
6215,1.536804704127117e-13,0.0013121998636052012
6216,1.5328857328887846e-13,0.0013121998636052012
6217,1.5289767042727465e-13,0.0013121998636052012
6218,1.5250775989640815e-13,0.0013121998636052012
6219,1.5211883979447164e-13,0.0013121998636052012
6220,1.5173090817158577e-13,0.0013121998636052012
6221,1.5134396314255985e-13,0.0013121998636052012
6222,1.50958002774865e-13,0.0013121998636052012
6223,1.505730251851572e-13,0.0013121998636052012
6224,1.5018902842972473e-13,0.0013121998636052012
6225,1.4980601064729422e-13,0.0013121998636052012
6226,1.4942396988456258e-13,0.0013121998636052012
6227,1.490429042970985e-13,0.0013121998636052012
6228,1.486628119263593e-13,0.0013121998636052012
6229,1.4828369091100833e-13,0.0013121998636052012
6230,1.4790553935698528e-13,0.0013121998636052012
6231,1.4752835537449265e-13,0.0013121998636052012
6232,1.4715213704676864e-13,0.0013121998636052012
6233,1.4677688250775003e-13,0.0013121998636052012
6234,1.4640258987310031e-13,0.0013121998636052012
6235,1.4602925721888084e-13,0.0013121998636052012
6236,1.4565688273288644e-13,0.0013121998636052012
6237,1.4528546449534718e-13,0.0013121998636052012
6238,1.4491500061502458e-13,0.0013121998636052012
6239,1.4454548924626347e-13,0.0013121998636052012
6240,1.4417692850630392e-13,0.0013121998636052012
6241,1.438093165107761e-13,0.0013121998636052012
6242,1.4344265139721623e-13,0.0013121998636052012
6243,1.430769313242817e-13,0.0013121998636052012
6244,1.4271215439070562e-13,0.0013121998636052012
6245,1.4234831873941312e-13,0.0013121998636052012
6246,1.4198542252465e-13,0.0013121998636052012
6247,1.416234638946834e-13,0.0013121998636052012
6248,1.4126244096242758e-13,0.0013121998636052012
6249,1.4090235191663494e-13,0.0013121998636052012
6250,1.405431948668223e-13,0.0013121998636052012
6251,1.401849679869322e-13,0.0013121998636052012
6252,1.3982766939859728e-13,0.0013121998636052012
6253,1.39471297306844e-13,0.0013121998636052012
6254,1.3911584982312688e-13,0.0013121998636052012
6255,1.3876132512823747e-13,0.0013121998636052012
6256,1.3840772138457377e-13,0.0013121998636052012
6257,1.3805503675699464e-13,0.0013121998636052012
6258,1.37703269386851e-13,0.0013121998636052012
6259,1.373524174577794e-13,0.0013121998636052012
6260,1.3700247915131436e-13,0.0013121998636052012
6261,1.3665345261981724e-13,0.0013121998636052012
6262,1.3630533607621248e-13,0.0013121998636052012
6263,1.3595812764794992e-13,0.0013121998636052012
6264,1.3561182551495887e-13,0.0013121998636052012
6265,1.3526642788830045e-13,0.0013121998636052012
6266,1.3492193295480624e-13,0.0013121998636052012
6267,1.3457833886575412e-13,0.0013121998636052012
6268,1.342356438431297e-13,0.0013121998636052012
6269,1.3389384605075263e-13,0.0013121998636052012
6270,1.3355294366692381e-13,0.0013121998636052012
6271,1.3321293493833832e-13,0.0013121998636052012
6272,1.3287381799977783e-13,0.0013121998636052012
6273,1.3253559111620502e-13,0.0013121998636052012
6274,1.3219825243020422e-13,0.0013121998636052012
6275,1.318618001435575e-13,0.0013121998636052012
6276,1.3152623252352962e-13,0.0013121998636052012
6277,1.3119154771371962e-13,0.0013121998636052012
6278,1.3085774393381668e-13,0.0013121998636052012
6279,1.3052481943149968e-13,0.0013121998636052012
6280,1.3019277237960535e-13,0.0013121998636052012
6281,1.298616010041381e-13,0.0013121998636052012
6282,1.295313035335425e-13,0.0013121998636052012
6283,1.292018782044661e-13,0.0013121998636052012
6284,1.2887332318059308e-13,0.0013121998636052012
6285,1.2854563673898402e-13,0.0013121998636052012
6286,1.282188170718316e-13,0.0013121998636052012
6287,1.2789286245391306e-13,0.0013121998636052012
6288,1.2756777107449637e-13,0.0013121998636052012
6289,1.272435411540845e-13,0.0013121998636052012
6290,1.2692017098708745e-13,0.0013121998636052012
6291,1.2659765876548805e-13,0.0013121998636052012
6292,1.2627600272375317e-13,0.0013121998636052012
6293,1.2595520113626253e-13,0.0013121998636052012
6294,1.2563525224682973e-13,0.0013121998636052012
6295,1.253161542799453e-13,0.0013121998636052012
6296,1.2499790546375092e-13,0.0013121998636052012
6297,1.246805040885445e-13,0.0013121998636052012
6298,1.2436394837577823e-13,0.0013121998636052012
6299,1.2404823663041982e-13,0.0013121998636052012
6300,1.2373336706212299e-13,0.0013121998636052012
6301,1.2341933793961432e-13,0.0013121998636052012
6302,1.231061475359003e-13,0.0013121998636052012
6303,1.2279379410206372e-13,0.0013121998636052012
6304,1.2248227592488706e-13,0.0013121998636052012
6305,1.221715912533098e-13,0.0013121998636052012
6306,1.2186173835532719e-13,0.0013121998636052012
6307,1.2155271552827798e-13,0.0013121998636052012
6308,1.2124452101933955e-13,0.0013121998636052012
6309,1.2093715311635465e-13,0.0013121998636052012
6310,1.2063061007975241e-13,0.0013121998636052012
6311,1.2032489023405645e-13,0.0013121998636052012
6312,1.2001999184001727e-13,0.0013121998636052012
6313,1.1971591315476006e-13,0.0013121998636052012
6314,1.194126525089323e-13,0.0013121998636052012
6315,1.191102081892274e-13,0.0013121998636052012
6316,1.1880857846386144e-13,0.0013121998636052012
6317,1.185077616228376e-13,0.0013121998636052012
6318,1.1820775599976267e-13,0.0013121998636052012
6319,1.1790855986637742e-13,0.0013121998636052012
6320,1.1761017151906433e-13,0.0013121998636052012
6321,1.173125892942743e-13,0.0013121998636052012
6322,1.170158114568578e-13,0.0013121998636052012
6323,1.1671983633721326e-13,0.0013121998636052012
6324,1.1642466225114944e-13,0.0013121998636052012
6325,1.1613028751667381e-13,0.0013121998636052012
6326,1.158367104018158e-13,0.0013121998636052012
6327,1.155439292533956e-13,0.0013121998636052012
6328,1.152519424041203e-13,0.0013121998636052012
6329,1.1496074818896562e-13,0.0013121998636052012
6330,1.1467034486031534e-13,0.0013121998636052012
6331,1.1438073082238502e-13,0.0013121998636052012
6332,1.1409190434899374e-13,0.0013121998636052012
6333,1.1380386377593343e-13,0.0013121998636052012
6334,1.13516607475121e-13,0.0013121998636052012
6335,1.1323013377251667e-13,0.0013121998636052012
6336,1.1294444094014218e-13,0.0013121998636052012
6337,1.1265952740069171e-13,0.0013121998636052012
6338,1.1237539144093893e-13,0.0013121998636052012
6339,1.1209203142033917e-13,0.0013121998636052012
6340,1.1180944568832924e-13,0.0013121998636052012
6341,1.1152763259802119e-13,0.0013121998636052012
6342,1.1124659046499903e-13,0.0013121998636052012
6343,1.1096631769225052e-13,0.0013121998636052012
6344,1.1068681262175314e-13,0.0013121998636052012
6345,1.1040807357495932e-13,0.0013121998636052012
6346,1.1013009894153517e-13,0.0013121998636052012
6347,1.0985288708272458e-13,0.0013121998636052012
6348,1.0957643632324656e-13,0.0013121998636052012
6349,1.0930074508506277e-13,0.0013121998636052012
6350,1.0902581170332961e-13,0.0013121998636052012
6351,1.0875163454302928e-13,0.0013121998636052012
6352,1.0847821199929802e-13,0.0013121998636052012
6353,1.082055424401896e-13,0.0013121998636052012
6354,1.0793362420745535e-13,0.0013121998636052012
6355,1.076624557293801e-13,0.0013121998636052012
6356,1.0739203537743692e-13,0.0013121998636052012
6357,1.0712236149133745e-13,0.0013121998636052012
6358,1.0685343250059605e-13,0.0013121998636052012
6359,1.065852467855904e-13,0.0013121998636052012
6360,1.0631780272220721e-13,0.0013121998636052012
6361,1.060510987283349e-13,0.0013121998636052012
6362,1.0578513316289493e-13,0.0013121998636052012
6363,1.0551990446130205e-13,0.0013121998636052012
6364,1.0525541097773352e-13,0.0013121998636052012
6365,1.049916511554734e-13,0.0013121998636052012
6366,1.0472862336050305e-13,0.0013121998636052012
6367,1.0446632603547203e-13,0.0013121998636052012
6368,1.0420475754449377e-13,0.0013121998636052012
6369,1.039439163400643e-13,0.0013121998636052012
6370,1.0368380081056973e-13,0.0013121998636052012
6371,1.0342440939045666e-13,0.0013121998636052012
6372,1.0316574045973886e-13,0.0013121998636052012
6373,1.0290779246688702e-13,0.0013121998636052012
6374,1.0265056383099509e-13,0.0013121998636052012
6375,1.023940529476285e-13,0.0013121998636052012
6376,1.0213825829007452e-13,0.0013121998636052012
6377,1.0188317823949311e-13,0.0013121998636052012
6378,1.0162881125784374e-13,0.0013121998636052012
6379,1.0137515575509299e-13,0.0013121998636052012
6380,1.0112221015899005e-13,0.0013121998636052012
6381,1.0086997295104284e-13,0.0013121998636052012
6382,1.0061844252139246e-13,0.0013121998636052012
6383,1.0036761732661296e-13,0.0013121998636052012
6384,1.0011749581575867e-13,0.0013121998636052012
6385,9.98680764470624e-14,0.0013121998636052012
6386,9.961935764140399e-14,0.0013121998636052012
6387,9.937133785049736e-14,0.0013121998636052012
6388,9.912401554699073e-14,0.0013121998636052012
6389,9.887738917649538e-14,0.0013121998636052012
6390,9.863145717139961e-14,0.0013121998636052012
6391,9.83862180231129e-14,0.0013121998636052012
6392,9.81416701921458e-14,0.0013121998636052012
6393,9.789781211394724e-14,0.0013121998636052012
6394,9.76546422701199e-14,0.0013121998636052012
6395,9.741215912557522e-14,0.0013121998636052012
6396,9.717036116535398e-14,0.0013121998636052012
6397,9.692924683105602e-14,0.0013121998636052012
6398,9.668881460121138e-14,0.0013121998636052012
6399,9.644906300609771e-14,0.0013121998636052012
6400,9.62099904540635e-14,0.0013121998636052012
6401,9.597159545521388e-14,0.0013121998636052012
6402,9.573387648150616e-14,0.0013121998636052012
6403,9.549683204440089e-14,0.0013121998636052012
6404,9.526046060634613e-14,0.0013121998636052012
6405,9.502476067861969e-14,0.0013121998636052012
6406,9.478973072731486e-14,0.0013121998636052012
6407,9.455536926617679e-14,0.0013121998636052012
6408,9.432167475984693e-14,0.0013121998636052012
6409,9.408864576319424e-14,0.0013121998636052012
6410,9.385628074570074e-14,0.0013121998636052012
6411,9.362457819117228e-14,0.0013121998636052012
6412,9.339353662249823e-14,0.0013121998636052012
6413,9.316315455368918e-14,0.0013121998636052012
6414,9.293343050310039e-14,0.0013121998636052012
6415,9.270436296849584e-14,0.0013121998636052012
6416,9.247595043562478e-14,0.0013121998636052012
6417,9.224819145143546e-14,0.0013121998636052012
6418,9.202108454235741e-14,0.0013121998636052012
6419,9.179462821802678e-14,0.0013121998636052012
6420,9.156882100185858e-14,0.0013121998636052012
6421,9.134366141075611e-14,0.0013121998636052012
6422,9.111914798731297e-14,0.0013121998636052012
6423,9.089527924893385e-14,0.0013121998636052012
6424,9.067205373590491e-14,0.0013121998636052012
6425,9.04494699586069e-14,0.0013121998636052012
6426,9.022752649082115e-14,0.0013121998636052012
6427,9.000622184393158e-14,0.0013121998636052012
6428,8.978555455904752e-14,0.0013121998636052012
6429,8.956552320227635e-14,0.0013121998636052012
6430,8.934612630909559e-14,0.0013121998636052012
6431,8.912736238671117e-14,0.0013121998636052012
6432,8.890923005065777e-14,0.0013121998636052012
6433,8.869172780131034e-14,0.0013121998636052012
6434,8.847485422462804e-14,0.0013121998636052012
6435,8.82586078473486e-14,0.0013121998636052012
6436,8.804298724171066e-14,0.0013121998636052012
6437,8.782799097572335e-14,0.0013121998636052012
6438,8.761361760452434e-14,0.0013121998636052012
6439,8.739986569624349e-14,0.0013121998636052012
6440,8.718673381687722e-14,0.0013121998636052012
6441,8.697422052671657e-14,0.0013121998636052012
6442,8.676232441127291e-14,0.0013121998636052012
6443,8.655104402015482e-14,0.0013121998636052012
6444,8.634037794770157e-14,0.0013121998636052012
6445,8.613032479488857e-14,0.0013121998636052012
6446,8.59208830950064e-14,0.0013121998636052012
6447,8.571205147221352e-14,0.0013121998636052012
6448,8.550382848589835e-14,0.0013121998636052012
6449,8.529621270553808e-14,0.0013121998636052012
6450,8.508920277053906e-14,0.0013121998636052012
6451,8.488279723434076e-14,0.0013121998636052012
6452,8.467699470743571e-14,0.0013121998636052012
6453,8.447179376447362e-14,0.0013121998636052012
6454,8.426719304018494e-14,0.0013121998636052012
6455,8.406319108478463e-14,0.0013121998636052012
6456,8.385978654188348e-14,0.0013121998636052012
6457,8.365697799816252e-14,0.0013121998636052012
6458,8.345476405465463e-14,0.0013121998636052012
6459,8.325314333477248e-14,0.0013121998636052012
6460,8.30521144493572e-14,0.0013121998636052012
6461,8.285167600104282e-14,0.0013121998636052012
6462,8.265182660743114e-14,0.0013121998636052012
6463,8.245256488981933e-14,0.0013121998636052012
6464,8.225388944895371e-14,0.0013121998636052012
6465,8.205579894839979e-14,0.0013121998636052012
6466,8.185829198225913e-14,0.0013121998636052012
6467,8.166136716389971e-14,0.0013121998636052012
6468,8.146502315442696e-14,0.0013121998636052012
6469,8.126925857445548e-14,0.0013121998636052012
6470,8.107407204942495e-14,0.0013121998636052012
6471,8.087946219640835e-14,0.0013121998636052012
6472,8.068542769693771e-14,0.0013121998636052012
6473,8.049196714346112e-14,0.0013121998636052012
6474,8.029907922014089e-14,0.0013121998636052012
6475,8.01067625361471e-14,0.0013121998636052012
6476,7.991501577088589e-14,0.0013121998636052012
6477,7.972383754358831e-14,0.0013121998636052012
6478,7.953322651286397e-14,0.0013121998636052012
6479,7.934318134511717e-14,0.0013121998636052012
6480,7.91537006646318e-14,0.0013121998636052012
6481,7.896478315065335e-14,0.0013121998636052012
6482,7.87764274591749e-14,0.0013121998636052012
6483,7.858863224924543e-14,0.0013121998636052012
6484,7.84013961816803e-14,0.0013121998636052012
6485,7.821471793477649e-14,0.0013121998636052012
6486,7.802859614583572e-14,0.0013121998636052012
6487,7.78430295181293e-14,0.0013121998636052012
6488,7.765801671097773e-14,0.0013121998636052012
6489,7.747355638974076e-14,0.0013121998636052012
6490,7.72896472629861e-14,0.0013121998636052012
6491,7.710628795691196e-14,0.0013121998636052012
6492,7.692347720020606e-14,0.0013121998636052012
6493,7.674121363411e-14,0.0013121998636052012
6494,7.655949599158116e-14,0.0013121998636052012
6495,7.637832291246579e-14,0.0013121998636052012
6496,7.619769311372118e-14,0.0013121998636052012
6497,7.601760528858147e-14,0.0013121998636052012
6498,7.583805809860334e-14,0.0013121998636052012
6499,7.565905028592418e-14,0.0013121998636052012
6500,7.548058050805177e-14,0.0011809798888862133
6501,7.532042671087224e-14,0.0011809798888862133
6502,7.516072390193878e-14,0.0011809798888862133
6503,7.500146858405286e-14,0.0011809798888862133
6504,7.484265749331961e-14,0.0011809798888862133
6505,7.468428757055192e-14,0.0011809798888862133
6506,7.452635602323164e-14,0.0011809798888862133
6507,7.436886025037226e-14,0.0011809798888862133
6508,7.421179776566696e-14,0.0011809798888862133
6509,7.405516634014652e-14,0.0011809798888862133
6510,7.389896379811938e-14,0.0011809798888862133
6511,7.374318810844515e-14,0.0011809798888862133
6512,7.35878374222173e-14,0.0011809798888862133
6513,7.34329098928997e-14,0.0011809798888862133
6514,7.327840387059145e-14,0.0011809798888862133
6515,7.312431770516827e-14,0.0011809798888862133
6516,7.29706498732659e-14,0.0011809798888862133
6517,7.281739891533569e-14,0.0011809798888862133
6518,7.266456340654793e-14,0.0011809798888862133
6519,7.251214197912446e-14,0.0011809798888862133
6520,7.236013336682927e-14,0.0011809798888862133
6521,7.220853630552261e-14,0.0011809798888862133
6522,7.205734957694544e-14,0.0011809798888862133
6523,7.190657200197718e-14,0.0011809798888862133
6524,7.175620245397093e-14,0.0011809798888862133
6525,7.16062398163403e-14,0.0011809798888862133
6526,7.145668296393321e-14,0.0011809798888862133
6527,7.130753088660372e-14,0.0011809798888862133
6528,7.115878253241035e-14,0.0011809798888862133
6529,7.101043687275705e-14,0.0011809798888862133
6530,7.086249292823571e-14,0.0011809798888862133
6531,7.071494968135545e-14,0.0011809798888862133
6532,7.056780622994933e-14,0.0011809798888862133
6533,7.04210615577282e-14,0.0011809798888862133
6534,7.027471474586502e-14,0.0011809798888862133
6535,7.01287648671557e-14,0.0011809798888862133
6536,6.998321101587216e-14,0.0011809798888862133
6537,6.983805226016618e-14,0.0011809798888862133
6538,6.96932877140382e-14,0.0011809798888862133
6539,6.954891648150666e-14,0.0011809798888862133
6540,6.940493765752088e-14,0.0011809798888862133
6541,6.926135039191022e-14,0.0011809798888862133
6542,6.911815380161513e-14,0.0011809798888862133
6543,6.897534700752453e-14,0.0011809798888862133
6544,6.883292916248912e-14,0.0011809798888862133
6545,6.869089940179044e-14,0.0011809798888862133
6546,6.854925688042161e-14,0.0011809798888862133
6547,6.840800071892342e-14,0.0011809798888862133
6548,6.826713011905705e-14,0.0011809798888862133
6549,6.81266442087648e-14,0.0011809798888862133
6550,6.798654215423319e-14,0.0011809798888862133
6551,6.784682311220656e-14,0.0011809798888862133
6552,6.770748626918999e-14,0.0011809798888862133
6553,6.756853075956869e-14,0.0011809798888862133
6554,6.742995579598037e-14,0.0011809798888862133
6555,6.729176052931656e-14,0.0011809798888862133
6556,6.715394414450457e-14,0.0011809798888862133
6557,6.701650581304711e-14,0.0011809798888862133
6558,6.687944471003024e-14,0.0011809798888862133
6559,6.674276005012511e-14,0.0011809798888862133
6560,6.660645099382407e-14,0.0011809798888862133
6561,6.647051671180033e-14,0.0011809798888862133
6562,6.633495642880342e-14,0.0011809798888862133
6563,6.619976928793009e-14,0.0011809798888862133
6564,6.606495453494226e-14,0.0011809798888862133
6565,6.593051132657374e-14,0.0011809798888862133
6566,6.579643886372734e-14,0.0011809798888862133
6567,6.566273634383079e-14,0.0011809798888862133
6568,6.552940297215654e-14,0.0011809798888862133
6569,6.539643791899079e-14,0.0011809798888862133
6570,6.526384043089199e-14,0.0011809798888862133
6571,6.513160966605151e-14,0.0011809798888862133
6572,6.499974483808142e-14,0.0011809798888862133
6573,6.486824518374284e-14,0.0011809798888862133
6574,6.473710984948631e-14,0.0011809798888862133
6575,6.460633809108912e-14,0.0011809798888862133
6576,6.4475929092012e-14,0.0011809798888862133
6577,6.434588018824127e-14,0.0011809798888862133
6578,6.421615458524996e-14,0.0011809798888862133
6579,6.408672713462468e-14,0.0011809798888862133
6580,6.395759327337478e-14,0.0011809798888862133
6581,6.382874619613893e-14,0.0011809798888862133
6582,6.370017504480125e-14,0.0011809798888862133
6583,6.357187753893614e-14,0.0011809798888862133
6584,6.344384757951862e-14,0.0011809798888862133
6585,6.331607792132878e-14,0.0011809798888862133
6586,6.318856625850862e-14,0.0011809798888862133
6587,6.306130584338047e-14,0.0011809798888862133
6588,6.293429173460233e-14,0.0011809798888862133
6589,6.280752231886835e-14,0.0011809798888862133
6590,6.26809933805437e-14,0.0011809798888862133
6591,6.255470351184538e-14,0.0011809798888862133
6592,6.242865231126434e-14,0.0011809798888862133
6593,6.230283707519193e-14,0.0011809798888862133
6594,6.2177257291181e-14,0.0011809798888862133
6595,6.20519119876303e-14,0.0011809798888862133
6596,6.192679923717358e-14,0.0011809798888862133
6597,6.180191914421575e-14,0.0011809798888862133
6598,6.167727090910923e-14,0.0011809798888862133
6599,6.15528535609317e-14,0.0011809798888862133
6600,6.142866712323873e-14,0.0011809798888862133
6601,6.130471035587232e-14,0.0011809798888862133
6602,6.118098226273963e-14,0.0011809798888862133
6603,6.105748230074975e-14,0.0011809798888862133
6604,6.093420918245823e-14,0.0011809798888862133
6605,6.081116227176319e-14,0.0011809798888862133
6606,6.068834103500192e-14,0.0011809798888862133
6607,6.056574444008038e-14,0.0011809798888862133
6608,6.044337196015188e-14,0.0011809798888862133
6609,6.032122293653809e-14,0.0011809798888862133
6610,6.019929642010521e-14,0.0011809798888862133
6611,6.007759205879474e-14,0.0011809798888862133
6612,5.995610925143168e-14,0.0011809798888862133
6613,5.983484746416627e-14,0.0011809798888862133
6614,5.971380646099972e-14,0.0011809798888862133
6615,5.959298577840465e-14,0.0011809798888862133
6616,5.947238500995937e-14,0.0011809798888862133
6617,5.93520038876619e-14,0.0011809798888862133
6618,5.923184195011342e-14,0.0011809798888862133
6619,5.911189894674278e-14,0.0011809798888862133
6620,5.899217461252898e-14,0.0011809798888862133
6621,5.88726685824828e-14,0.0011809798888862133
6622,5.87533806320483e-14,0.0011809798888862133
6623,5.863431045148181e-14,0.0011809798888862133
6624,5.851545769260312e-14,0.0011809798888862133
6625,5.839682205587222e-14,0.0011809798888862133
6626,5.827840325663841e-14,0.0011809798888862133
6627,5.816020096650446e-14,0.0011809798888862133
6628,5.804221489662357e-14,0.0011809798888862133
6629,5.792444475268691e-14,0.0011809798888862133
6630,5.780689023034308e-14,0.0011809798888862133
6631,5.768955104916747e-14,0.0011809798888862133
6632,5.757242689586205e-14,0.0011809798888862133
6633,5.745551746998805e-14,0.0011809798888862133
6634,5.733882251121816e-14,0.0011809798888862133
6635,5.722234171579096e-14,0.0011809798888862133
6636,5.710607483680335e-14,0.0011809798888862133
6637,5.699002158687531e-14,0.0011809798888862133
6638,5.687418170448485e-14,0.0011809798888862133
6639,5.6758554934688133e-14,0.0011809798888862133
6640,5.664314096443541e-14,0.0011809798888862133
6641,5.652793958192297e-14,0.0011809798888862133
6642,5.641295049722472e-14,0.0011809798888862133
6643,5.6298173481252665e-14,0.0011809798888862133
6644,5.618360825047646e-14,0.0011809798888862133
6645,5.606925453902966e-14,0.0011809798888862133
6646,5.5955112111499745e-14,0.0011809798888862133
6647,5.584118069417946e-14,0.0011809798888862133
6648,5.5727460043143796e-14,0.0011809798888862133
6649,5.561394987646598e-14,0.0011809798888862133
6650,5.550064995093447e-14,0.0011809798888862133
6651,5.538756000667328e-14,0.0011809798888862133
6652,5.5274679777467416e-14,0.0011809798888862133
6653,5.51620090023589e-14,0.0011809798888862133
6654,5.504954744523349e-14,0.0011809798888862133
6655,5.4937294832952347e-14,0.0011809798888862133
6656,5.4825250886203433e-14,0.0011809798888862133
6657,5.4713415391995925e-14,0.0011809798888862133
6658,5.4601788069340465e-14,0.0011809798888862133
6659,5.44903686593769e-14,0.0011809798888862133
6660,5.437915689277475e-14,0.0011809798888862133
6661,5.426815256308757e-14,0.0011809798888862133
6662,5.4157355356847557e-14,0.0011809798888862133
6663,5.4046765057548e-14,0.0011809798888862133
6664,5.39363813982241e-14,0.0011809798888862133
6665,5.38262041169518e-14,0.0011809798888862133
6666,5.371623296829464e-14,0.0011809798888862133
6667,5.360646769647242e-14,0.0011809798888862133
6668,5.349690803429671e-14,0.0011809798888862133
6669,5.3387553756197765e-14,0.0011809798888862133
6670,5.327840459176226e-14,0.0011809798888862133
6671,5.316946027967595e-14,0.0011809798888862133
6672,5.306072057923913e-14,0.0011809798888862133
6673,5.2952185214258947e-14,0.0011809798888862133
6674,5.284385394819439e-14,0.0011809798888862133
6675,5.273572653046257e-14,0.0011809798888862133
6676,5.262780270356084e-14,0.0011809798888862133
6677,5.2520082200871014e-14,0.0011809798888862133
6678,5.2412564784414147e-14,0.0011809798888862133
6679,5.2305250186255964e-14,0.0011809798888862133
6680,5.219813817486661e-14,0.0011809798888862133
6681,5.209122847455755e-14,0.0011809798888862133
6682,5.198452084625203e-14,0.0011809798888862133
6683,5.18780150212907e-14,0.0011809798888862133
6684,5.177171076503398e-14,0.0011809798888862133
6685,5.166560779369474e-14,0.0011809798888862133
6686,5.1559705894023864e-14,0.0011809798888862133
6687,5.1454004786573205e-14,0.0011809798888862133
6688,5.134850422521682e-14,0.0011809798888862133
6689,5.1243203958020384e-14,0.0011809798888862133
6690,5.113810373622322e-14,0.0011809798888862133
6691,5.103320328732272e-14,0.0011809798888862133
6692,5.092850239320981e-14,0.0011809798888862133
6693,5.082400077921577e-14,0.0011809798888862133
6694,5.071969817592815e-14,0.0011809798888862133
6695,5.061559436174254e-14,0.0011809798888862133
6696,5.051168907276142e-14,0.0011809798888862133
6697,5.0407982045597726e-14,0.0011809798888862133
6698,5.0304473048039345e-14,0.0011809798888862133
6699,5.020116181955395e-14,0.0011809798888862133
6700,5.009804809397186e-14,0.0011809798888862133
6701,4.999513163048799e-14,0.0011809798888862133
6702,4.989241218000594e-14,0.0011809798888862133
6703,4.97898894985267e-14,0.0011809798888862133
6704,4.968756331768362e-14,0.0011809798888862133
6705,4.9585433389455254e-14,0.0011809798888862133
6706,4.9483499453220844e-14,0.0011809798888862133
6707,4.938176127448856e-14,0.0011809798888862133
6708,4.928021860500115e-14,0.0011809798888862133
6709,4.917887117565075e-14,0.0011809798888862133
6710,4.9077718724516284e-14,0.0011809798888862133
6711,4.897676105588688e-14,0.0011809798888862133
6712,4.8875997849355755e-14,0.0011809798888862133
6713,4.8775428891658554e-14,0.0011809798888862133
6714,4.867505391187019e-14,0.0011809798888862133
6715,4.857487269485807e-14,0.0011809798888862133
6716,4.847488495223155e-14,0.0011809798888862133
6717,4.83750904483816e-14,0.0011809798888862133
6718,4.827548892823279e-14,0.0011809798888862133
6719,4.8176080144020097e-14,0.0011809798888862133
6720,4.807686383151856e-14,0.0011809798888862133
6721,4.797783976823895e-14,0.0011809798888862133
6722,4.787900767369287e-14,0.0011809798888862133
6723,4.778036732853009e-14,0.0011809798888862133
6724,4.768191844263953e-14,0.0011809798888862133
6725,4.7583660799495156e-14,0.0011809798888862133
6726,4.748559412862547e-14,0.0011809798888862133
6727,4.7387718187872136e-14,0.0011809798888862133
6728,4.7290032735134896e-14,0.0011809798888862133
6729,4.719253751256496e-14,0.0011809798888862133
6730,4.7095232243139985e-14,0.0011809798888862133
6731,4.699811672968596e-14,0.0011809798888862133
6732,4.6901190683094734e-14,0.0011809798888862133
6733,4.680445386615771e-14,0.0011809798888862133
6734,4.6707906026113955e-14,0.0011809798888862133
6735,4.66115469209756e-14,0.0011809798888862133
6736,4.65153762789004e-14,0.0011809798888862133
6737,4.641939389634343e-14,0.0011809798888862133
6738,4.632359948179152e-14,0.0011809798888862133
6739,4.622799278859811e-14,0.0011809798888862133
6740,4.613257359339409e-14,0.0011809798888862133
6741,4.603734161013659e-14,0.0011809798888862133
6742,4.594229662021048e-14,0.0011809798888862133
6743,4.5847438364768546e-14,0.0011809798888862133
6744,4.5752766598938844e-14,0.0011809798888862133
6745,4.5658281057543205e-14,0.0011809798888862133
6746,4.556398152222321e-14,0.0011809798888862133
6747,4.5469867703984306e-14,0.0011809798888862133
6748,4.537593939249099e-14,0.0011809798888862133
6749,4.5282196309885036e-14,0.0011809798888862133
6750,4.5188638232471875e-14,0.0011809798888862133
6751,4.5095264877718235e-14,0.0011809798888862133
6752,4.50020760398655e-14,0.0011809798888862133
6753,4.490907145582099e-14,0.0011809798888862133
6754,4.481625085868513e-14,0.0011809798888862133
6755,4.4723614026242963e-14,0.0011809798888862133
6756,4.463116067736914e-14,0.0011809798888862133
6757,4.4538890595974786e-14,0.0011809798888862133
6758,4.444680352562298e-14,0.0011809798888862133
6759,4.435489921257754e-14,0.0011809798888862133
6760,4.426317741063383e-14,0.0011809798888862133
6761,4.417163788911863e-14,0.0011809798888862133
6762,4.408028036984966e-14,0.0011809798888862133
6763,4.3989104616106e-14,0.0011809798888862133
6764,4.3898110389743805e-14,0.0011809798888862133
6765,4.3807297449887746e-14,0.0011809798888862133
6766,4.3716665535949344e-14,0.0011809798888862133
6767,4.3626214401256705e-14,0.0011809798888862133
6768,4.353594380659832e-14,0.0011809798888862133
6769,4.344585349344954e-14,0.0011809798888862133
6770,4.335594323905492e-14,0.0011809798888862133
6771,4.326621276984073e-14,0.0011809798888862133
6772,4.317666184300324e-14,0.0011809798888862133
6773,4.308729021715742e-14,0.0011809798888862133
6774,4.2998097664900383e-14,0.0011809798888862133
6775,4.290908391585345e-14,0.0011809798888862133
6776,4.282024873310032e-14,0.0011809798888862133
6777,4.2731591863761256e-14,0.0011809798888862133
6778,4.264311306465066e-14,0.0011809798888862133
6779,4.255481210485677e-14,0.0011809798888862133
6780,4.246668870364696e-14,0.0011809798888862133
6781,4.237874265316592e-14,0.0011809798888862133
6782,4.229097370260536e-14,0.0011809798888862133
6783,4.220338157335224e-14,0.0011809798888862133
6784,4.2115966059556753e-14,0.0011809798888862133
6785,4.202872690120012e-14,0.0011809798888862133
6786,4.1941663834495113e-14,0.0011809798888862133
6787,4.1854776653438786e-14,0.0011809798888862133
6788,4.1768065076151876e-14,0.0011809798888862133
6789,4.168152888362329e-14,0.0011809798888862133
6790,4.159516781230657e-14,0.0011809798888862133
6791,4.150898163184729e-14,0.0011809798888862133
6792,4.1422970091041866e-14,0.0011809798888862133
6793,4.133713294481552e-14,0.0011809798888862133
6794,4.1251469947034384e-14,0.0011809798888862133
6795,4.1165980867925696e-14,0.0011809798888862133
6796,4.108066544569133e-14,0.0011809798888862133
6797,4.099552344932719e-14,0.0011809798888862133
6798,4.091055462692897e-14,0.0011809798888862133
6799,4.0825758741709624e-14,0.0011809798888862133
6800,4.074113553415838e-14,0.0011809798888862133
6801,4.065668477780258e-14,0.0011809798888862133
6802,4.057240623200652e-14,0.0011809798888862133
6803,4.0488299631036164e-14,0.0011809798888862133
6804,4.040436475515833e-14,0.0011809798888862133
6805,4.03206013426186e-14,0.0011809798888862133
6806,4.023700916658917e-14,0.0011809798888862133
6807,4.0153587977098196e-14,0.0011809798888862133
6808,4.0070337528234505e-14,0.0011809798888862133
6809,3.998725758653218e-14,0.0011809798888862133
6810,3.9904347903441695e-14,0.0011809798888862133
6811,3.9821608239844274e-14,0.0011809798888862133
6812,3.97390383331091e-14,0.0011809798888862133
6813,3.965663796965388e-14,0.0011809798888862133
6814,3.957440689970164e-14,0.0011809798888862133
6815,3.949234487704508e-14,0.0011809798888862133
6816,3.9410451658363066e-14,0.0011809798888862133
6817,3.9328727003747705e-14,0.0011809798888862133
6818,3.9247170670285905e-14,0.0011809798888862133
6819,3.916578242810443e-14,0.0011809798888862133
6820,3.908456201589064e-14,0.0011809798888862133
6821,3.900350921665157e-14,0.0011809798888862133
6822,3.892262375944368e-14,0.0011809798888862133
6823,3.884190542275679e-14,0.0011809798888862133
6824,3.8761353972226744e-14,0.0011809798888862133
6825,3.868096914990443e-14,0.0011809798888862133
6826,3.8600750718154676e-14,0.0011809798888862133
6827,3.85206984383023e-14,0.0011809798888862133
6828,3.844081207721592e-14,0.0011809798888862133
6829,3.8361091389954544e-14,0.0011809798888862133
6830,3.8281536130836327e-14,0.0011809798888862133
6831,3.820214606845794e-14,0.0011809798888862133
6832,3.812292096249849e-14,0.0011809798888862133
6833,3.804386056715243e-14,0.0011809798888862133
6834,3.796496464175323e-14,0.0011809798888862133
6835,3.788623295127961e-14,0.0011809798888862133
6836,3.7807665255307205e-14,0.0011809798888862133
6837,3.772926132322416e-14,0.0011809798888862133
6838,3.765102089248053e-14,0.0011809798888862133
6839,3.757294375991656e-14,0.0011809798888862133
6840,3.7495029655923167e-14,0.0011809798888862133
6841,3.741727834854766e-14,0.0011809798888862133
6842,3.7339689600239505e-14,0.0011809798888862133
6843,3.726226316660081e-14,0.0011809798888862133
6844,3.718499883512743e-14,0.0011809798888862133
6845,3.710789632698675e-14,0.0011809798888862133
6846,3.703095543988546e-14,0.0011809798888862133
6847,3.695417591518632e-14,0.0011809798888862133
6848,3.6877557528831046e-14,0.0011809798888862133
6849,3.6801100033260764e-14,0.0011809798888862133
6850,3.6724803185749e-14,0.0011809798888862133
6851,3.664866676056525e-14,0.0011809798888862133
6852,3.6572690516553174e-14,0.0011809798888862133
6853,3.6496874207009354e-14,0.0011809798888862133
6854,3.6421217614956013e-14,0.0011809798888862133
6855,3.634572049476929e-14,0.0011809798888862133
6856,3.6270382594520926e-14,0.0011809798888862133
6857,3.619520369006754e-14,0.0011809798888862133
6858,3.61201835541991e-14,0.0011809798888862133
6859,3.604532192960612e-14,0.0011809798888862133
6860,3.597061858977009e-14,0.0011809798888862133
6861,3.589607330653102e-14,0.0011809798888862133
6862,3.582168582281542e-14,0.0011809798888862133
6863,3.574745594080542e-14,0.0011809798888862133
6864,3.5673383381497555e-14,0.0011809798888862133
6865,3.5599467917302237e-14,0.0011809798888862133
6866,3.5525709346153235e-14,0.0011809798888862133
6867,3.545210739503325e-14,0.0011809798888862133
6868,3.537866184532849e-14,0.0011809798888862133
6869,3.530537246406563e-14,0.0011809798888862133
6870,3.523223900449056e-14,0.0011809798888862133
6871,3.5159261243610533e-14,0.0011809798888862133
6872,3.508643893699025e-14,0.0011809798888862133
6873,3.5013771862754715e-14,0.0011809798888862133
6874,3.494125976878932e-14,0.0011809798888862133
6875,3.486890242785744e-14,0.0011809798888862133
6876,3.479669962352318e-14,0.0011809798888862133
6877,3.472465109396664e-14,0.0011809798888862133
6878,3.465275662265351e-14,0.0011809798888862133
6879,3.458101595497702e-14,0.0011809798888862133
6880,3.450942889468465e-14,0.0011809798888862133
6881,3.4437995170233833e-14,0.0011809798888862133
6882,3.436671456978682e-14,0.0011809798888862133
6883,3.429558685301257e-14,0.0011809798888862133
6884,3.422461178784068e-14,0.0011809798888862133
6885,3.4153789145419904e-14,0.0011809798888862133
6886,3.408311868773467e-14,0.0011809798888862133
6887,3.401260018463101e-14,0.0011809798888862133
6888,3.3942233393641567e-14,0.0011809798888862133
6889,3.387201810546822e-14,0.0011809798888862133
6890,3.3801954060499687e-14,0.0011809798888862133
6891,3.3732041039000845e-14,0.0011809798888862133
6892,3.366227880401201e-14,0.0011809798888862133
6893,3.359266714479026e-14,0.0011809798888862133
6894,3.35232058098908e-14,0.0011809798888862133
6895,3.345389455713689e-14,0.0011809798888862133
6896,3.338473319079711e-14,0.0011809798888862133
6897,3.3315721445184316e-14,0.0011809798888862133
6898,3.32468591049313e-14,0.0011809798888862133
6899,3.31781459369628e-14,0.0011809798888862133
6900,3.310958170773817e-14,0.0011809798888862133
6901,3.3041166191095163e-14,0.0011809798888862133
6902,3.2972899148785906e-14,0.0011809798888862133
6903,3.290478035919689e-14,0.0011809798888862133
6904,3.283680958742885e-14,0.0011809798888862133
6905,3.276898660153826e-14,0.0011809798888862133
6906,3.270131117829915e-14,0.0011809798888862133
6907,3.26337830762632e-14,0.0011809798888862133
6908,3.256640207885368e-14,0.0011809798888862133
6909,3.249916795382939e-14,0.0011809798888862133
6910,3.243208045757171e-14,0.0011809798888862133
6911,3.236513937960362e-14,0.0011809798888862133
6912,3.229834449328487e-14,0.0011809798888862133
6913,3.2231695546971315e-14,0.0011809798888862133
6914,3.2165192327731946e-14,0.0011809798888862133
6915,3.209883460741548e-14,0.0011809798888862133
6916,3.2032622154578877e-14,0.0011809798888862133
6917,3.196655472165956e-14,0.0011809798888862133
6918,3.1900632117513506e-14,0.0011809798888862133
6919,3.1834854081943455e-14,0.0011809798888862133
6920,3.176922042081636e-14,0.0011809798888862133
6921,3.170373087305266e-14,0.0011809798888862133
6922,3.163838523142175e-14,0.0011809798888862133
6923,3.157318325090534e-14,0.0011809798888862133
6924,3.1508124725071744e-14,0.0011809798888862133
6925,3.144320941300367e-14,0.0011809798888862133
6926,3.1378437082953506e-14,0.0011809798888862133
6927,3.131380752445384e-14,0.0011809798888862133
6928,3.1249320501832586e-14,0.0011809798888862133
6929,3.1184975784286174e-14,0.0011809798888862133
6930,3.112077315431933e-14,0.0011809798888862133
6931,3.1056712384638355e-14,0.0011809798888862133
6932,3.099279323648307e-14,0.0011809798888862133
6933,3.0929015500835256e-14,0.0011809798888862133
6934,3.086537894456884e-14,0.0011809798888862133
6935,3.0801883336412397e-14,0.0011809798888862133
6936,3.0738528471622294e-14,0.0011809798888862133
6937,3.0675314100469596e-14,0.0011809798888862133
6938,3.061224001287072e-14,0.0011809798888862133
6939,3.054930597545598e-14,0.0011809798888862133
6940,3.04865117672243e-14,0.0011809798888862133
6941,3.042385715737217e-14,0.0011809798888862133
6942,3.0361341931187917e-14,0.0011809798888862133
6943,3.029896586003505e-14,0.0011809798888862133
6944,3.023672873238726e-14,0.0011809798888862133
6945,3.0174630297681426e-14,0.0011809798888862133
6946,3.0112670351858346e-14,0.0011809798888862133
6947,3.005084866029404e-14,0.0011809798888862133
6948,2.9989165013142277e-14,0.0011809798888862133
6949,2.992761916761249e-14,0.0011809798888862133
6950,2.986621092370304e-14,0.0011809798888862133
6951,2.9804940040480357e-14,0.0011809798888862133
6952,2.974380629979955e-14,0.0011809798888862133
6953,2.9682809476902066e-14,0.0011809798888862133
6954,2.9621949359548014e-14,0.0011809798888862133
6955,2.95612257168389e-14,0.0011809798888862133
6956,2.950063832772622e-14,0.0011809798888862133
6957,2.944018696201237e-14,0.0011809798888862133
6958,2.937987141722096e-14,0.0011809798888862133
6959,2.9319691460391196e-14,0.0011809798888862133
6960,2.9259646863292955e-14,0.0011809798888862133
6961,2.9199737411724626e-14,0.0011809798888862133
6962,2.9139962895344427e-14,0.0011809798888862133
6963,2.908032307166342e-14,0.0011809798888862133
6964,2.902081578855813e-14,0.0011809798888862133
6965,2.896142792966711e-14,0.0011809798888862133
6966,2.890215426094038e-14,0.0011809798888862133
6967,2.8842994372195516e-14,0.0011809798888862133
6968,2.8783944972276097e-14,0.0011809798888862133
6969,2.8725003581315506e-14,0.0011809798888862133
6970,2.8666168985474125e-14,0.0011809798888862133
6971,2.860743784483703e-14,0.0011809798888862133
6972,2.8548808787618496e-14,0.0011809798888862133
6973,2.8490280139152205e-14,0.0011809798888862133
6974,2.8431849569687086e-14,0.0011809798888862133
6975,2.8373516459184395e-14,0.0011809798888862133
6976,2.8315279231506906e-14,0.0011809798888862133
6977,2.825713680449126e-14,0.0011809798888862133
6978,2.8199088868780043e-14,0.0011809798888862133
6979,2.8141134310829345e-14,0.0011809798888862133
6980,2.8083272925779267e-14,0.0011809798888862133
6981,2.802550442979827e-14,0.0011809798888862133
6982,2.796782824357721e-14,0.0011809798888862133
6983,2.791024446960301e-14,0.0011809798888862133
6984,2.7852752746114365e-14,0.0011809798888862133
6985,2.7795352879347107e-14,0.0011809798888862133
6986,2.77380448667538e-14,0.0011809798888862133
6987,2.768082834148434e-14,0.0011809798888862133
6988,2.7623703226106906e-14,0.0011809798888862133
6989,2.7566669328475515e-14,0.0011809798888862133
6990,2.7509726316572267e-14,0.0011809798888862133
6991,2.745287408045115e-14,0.0011809798888862133
6992,2.7396112309183772e-14,0.0011809798888862133
6993,2.7339440725953495e-14,0.0011809798888862133
6994,2.728285918191298e-14,0.0011809798888862133
6995,2.722636731820981e-14,0.0011809798888862133
6996,2.716996495791939e-14,0.0011809798888862133
6997,2.7113651902566786e-14,0.0011809798888862133
6998,2.7057427875407122e-14,0.0011809798888862133
6999,2.70012927479455e-14,0.0011809798888862133
