epoch,inclusion_loss,learning_rate
0,0.5770772824331202,0.002
1,0.015229762741433396,0.002
2,0.17229699681994912,0.002
3,0.25583549992116283,0.002
4,0.1084157813763813,0.002
5,0.01689983760865846,0.002
6,0.011510032089946977,0.002
7,0.05438823010893312,0.002
8,0.09186613589821553,0.002
9,0.0925985698298252,0.002
10,0.062143374309817284,0.002
11,0.027328880794373983,0.002
12,0.010404261547248089,0.002
13,0.008455717210042613,0.002
14,0.016517406030027014,0.002
15,0.02991900938918476,0.002
16,0.0391662004245541,0.002
17,0.03731112035944298,0.002
18,0.02627832059933586,0.002
19,0.01389918568740258,0.002
20,0.006365509382717738,0.002
21,0.005010898644192621,0.002
22,0.007419091411988177,0.002
23,0.011530924929755472,0.002
24,0.01560161949479531,0.002
25,0.01774941742304958,0.002
26,0.016910123869158817,0.002
27,0.01382673576385,0.002
28,0.010089864416743023,0.002
29,0.006865015342491664,0.002
30,0.004756336438867685,0.002
31,0.004081940492767201,0.002
32,0.005033728442673105,0.002
33,0.006895061364313537,0.002
34,0.008424350831679146,0.002
35,0.008750161037281259,0.002
36,0.007839606358097159,0.002
37,0.006310703964768969,0.002
38,0.004893919145610089,0.002
39,0.0040486961323904684,0.002
40,0.0039032856391289627,0.002
41,0.004267459732997372,0.002
42,0.004765885442777714,0.002
43,0.005186405755652414,0.002
44,0.005390455306007771,0.002
45,0.005274276050802476,0.002
46,0.004841677602801151,0.002
47,0.004257050744894679,0.002
48,0.0037243129538551,0.002
49,0.00338751268163326,0.002
50,0.0033637856458776393,0.002
51,0.0035851194146206892,0.002
52,0.003838197060690002,0.002
53,0.003947689712553578,0.002
54,0.003849354104346785,0.002
55,0.003597561724690061,0.002
56,0.0033147355751183107,0.002
57,0.0031145611861650886,0.002
58,0.003043476927285523,0.002
59,0.0030710233967564237,0.002
60,0.0031328069061125783,0.002
61,0.0031801498378423933,0.002
62,0.0031738570517074764,0.002
63,0.0030963432784194412,0.002
64,0.002966813147663297,0.002
65,0.00283567800777293,0.002
66,0.002748983490886305,0.002
67,0.0027272996886616428,0.002
68,0.002754507738555731,0.002
69,0.002784453538765273,0.002
70,0.0027722758581523975,0.002
71,0.002708879771021951,0.002
72,0.002623744840016991,0.002
73,0.002554907955289467,0.002
74,0.002520577111049572,0.002
75,0.0025143667169236455,0.002
76,0.0025170966281078504,0.002
77,0.002510434127665294,0.002
78,0.002485317158670456,0.002
79,0.002444172799341052,0.002
80,0.002398078156549636,0.002
81,0.0023602887756132176,0.002
82,0.002338388549701472,0.002
83,0.002329576822005209,0.002
84,0.002323042391246145,0.002
85,0.0023081018799964116,0.002
86,0.0022817441949587996,0.002
87,0.0022498489831973066,0.002
88,0.002221693580081673,0.002
89,0.002202594295348917,0.002
90,0.0021907035842621296,0.002
91,0.0021800045856745576,0.002
92,0.002165679261867012,0.002
93,0.0021468412238143026,0.002
94,0.0021256393178020142,0.002
95,0.002105132447962089,0.002
96,0.0020877080801666777,0.002
97,0.0020740123235643295,0.002
98,0.00206248920188974,0.002
99,0.002050234512119586,0.002
100,0.002035282529272771,0.002
101,0.0020183364399722083,0.002
102,0.0020019713713877734,0.002
103,0.001988084353067189,0.002
104,0.001976434668883134,0.002
105,0.0019653640341193595,0.002
106,0.0019534626632291747,0.002
107,0.0019404534318152103,0.002
108,0.0019270109220137284,0.002
109,0.001914080415265028,0.002
110,0.0019022991268582076,0.002
111,0.0018916375455435585,0.002
112,0.0018814026921674934,0.002
113,0.0018707873614084466,0.002
114,0.00185957485963775,0.002
115,0.0018482984377370852,0.002
116,0.0018376634242012217,0.002
117,0.0018278669962130331,0.002
118,0.001818529089862872,0.002
119,0.0018091748817504736,0.002
120,0.0017996361729047546,0.002
121,0.0017900513569313007,0.002
122,0.001780671597670291,0.002
123,0.0017716969765530157,0.002
124,0.001763163487168224,0.002
125,0.0017548960918819531,0.002
126,0.0017466429922890388,0.002
127,0.0017383235811224479,0.002
128,0.0017301010180146067,0.002
129,0.001722181638951748,0.002
130,0.001714599885374302,0.002
131,0.0017072287865356655,0.002
132,0.0016999393318019754,0.002
133,0.0016926972124503546,0.002
134,0.0016855504640030398,0.002
135,0.0016785786168838307,0.002
136,0.001671836300356587,0.002
137,0.0016653036010053606,0.002
138,0.0016588981734172944,0.002
139,0.0016525597537158617,0.002
140,0.0016463104202948135,0.002
141,0.0016402164067422429,0.002
142,0.001634306401109396,0.002
143,0.00162855267633699,0.002
144,0.0016229138175603338,0.002
145,0.001617368456461954,0.002
146,0.0016119198120241843,0.002
147,0.0016065879421646879,0.002
148,0.0016013938287959013,0.002
149,0.001596336126395606,0.002
150,0.0015913861279126438,0.002
151,0.0015865199697909704,0.002
152,0.0015817424953178294,0.002
153,0.0015770728833380092,0.002
154,0.0015725178650416935,0.002
155,0.001568067500674143,0.002
156,0.0015637082450087841,0.002
157,0.0015594310248528908,0.002
158,0.0015552347198067708,0.002
159,0.0015511262508627137,0.002
160,0.0015471117966327527,0.002
161,0.001543186756690194,0.002
162,0.001539339710748378,0.002
163,0.0015355645038975952,0.002
164,0.0015318635773941358,0.002
165,0.001528240502522166,0.002
166,0.0015246944422917814,0.002
167,0.001521221096099896,0.002
168,0.0015178151704064963,0.002
169,0.001514472947751541,0.002
170,0.0015111945126543935,0.002
171,0.0015079819716536452,0.002
172,0.0015048346714212778,0.002
173,0.0015017483593507473,0.002
174,0.0014987191549686125,0.002
175,0.0014957461145026303,0.002
176,0.0014928293775858578,0.002
177,0.0014899683052753774,0.002
178,0.0014871613014169971,0.002
179,0.0014844059860175825,0.002
180,0.0014816996778560072,0.002
181,0.001479041256987326,0.002
182,0.0014764309287542653,0.002
183,0.0014738678208964758,0.002
184,0.001471349806161734,0.002
185,0.001468875025376044,0.002
186,0.0014664423276625148,0.002
187,0.0014640508973294655,0.002
188,0.0014617001270032749,0.002
189,0.0014593890971897432,0.002
190,0.0014571160758763218,0.002
191,0.0014548793789958578,0.002
192,0.0014526781765517604,0.002
193,0.00145051188707701,0.002
194,0.0014483795692639668,0.002
195,0.0014462800438153134,0.002
196,0.0014442122626259607,0.002
197,0.0014421752389764675,0.002
198,0.001440168145019938,0.002
199,0.0014381903177166934,0.002
200,0.0014362409003550202,0.002
201,0.001434318798709358,0.002
202,0.0014324230207957834,0.002
203,0.0014305528948880101,0.002
204,0.0014287077415974453,0.002
205,0.0014268868235608454,0.002
206,0.0014250893635837816,0.002
207,0.00142331447307943,0.002
208,0.0014215613896200558,0.002
209,0.0014198295156058161,0.002
210,0.0014181182163436577,0.002
211,0.0014164267646538955,0.002
212,0.0014147544681810077,0.002
213,0.0014131007045536197,0.002
214,0.0014114648860740603,0.002
215,0.001409846432086616,0.002
216,0.0014082447292621376,0.002
217,0.0014066591748604883,0.002
218,0.0014050891990489715,0.002
219,0.001403534290738796,0.002
220,0.0014019939423353819,0.002
221,0.0014004676353048533,0.002
222,0.0013989548636909432,0.002
223,0.001397455134753951,0.002
224,0.0013959679800202964,0.002
225,0.0013944929621983368,0.002
226,0.0013930296491738322,0.002
227,0.0013915776177718551,0.002
228,0.0013901363854420098,0.002
229,0.0013887055345654705,0.002
230,0.0013872846659970237,0.002
231,0.0013858733936712433,0.002
232,0.0013844713331375273,0.002
233,0.0013830780884456048,0.002
234,0.0013816933033670561,0.002
235,0.0013803166435106008,0.002
236,0.0013789477746023698,0.002
237,0.0013775863701280078,0.002
238,0.001376232117496048,0.002
239,0.0013748847131138647,0.002
240,0.0013735438823777504,0.002
241,0.0013722093468698806,0.002
242,0.0013708808256641474,0.002
243,0.0013695580409478572,0.002
244,0.0013682407192411906,0.002
245,0.001366928608372541,0.002
246,0.001365621461884116,0.002
247,0.0013643190414142515,0.002
248,0.0013630211149127716,0.002
249,0.0013617274576717782,0.002
250,0.0013604378547336963,0.002
251,0.0013591520960804036,0.002
252,0.0013578699761903523,0.002
253,0.0013565912978094003,0.002
254,0.001355315870389841,0.002
255,0.0013540435121424238,0.002
256,0.0013527740416350896,0.002
257,0.0013515072819793258,0.002
258,0.0013502430649038038,0.002
259,0.0013489812281142024,0.002
260,0.0013477216134295648,0.002
261,0.0013464640682431443,0.002
262,0.0013452084453799932,0.002
263,0.0013439546010811224,0.002
264,0.0013427023846786738,0.002
265,0.001341451656936846,0.002
266,0.0013402022808649114,0.002
267,0.0013389541284940239,0.002
268,0.001337707078524735,0.002
269,0.0013364610133383172,0.002
270,0.0013352158197202776,0.002
271,0.0013339713880601463,0.002
272,0.001332727612174684,0.002
273,0.0013314843900076368,0.002
274,0.0013302416229171714,0.002
275,0.001328999220610961,0.002
276,0.001327757093652486,0.002
277,0.001326515152463802,0.002
278,0.001325273309880077,0.002
279,0.0013240314819097467,0.002
280,0.0013227895873726564,0.002
281,0.0013215475473951264,0.002
282,0.0013203052857450963,0.002
283,0.0013190627285292675,0.002
284,0.001317819805102698,0.002
285,0.0013165764463062453,0.002
286,0.001315332584562033,0.002
287,0.001314088154318522,0.002
288,0.0013128430918526342,0.002
289,0.0013115973352345832,0.002
290,0.0013103508244929213,0.002
291,0.001309103499307661,0.002
292,0.001307855298254606,0.002
293,0.0013066061657686845,0.002
294,0.001305356047957634,0.002
295,0.0013041048925083627,0.002
296,0.0013028526485519825,0.002
297,0.001301599266531674,0.002
298,0.0013003446982151196,0.002
299,0.0012990888965927045,0.002
300,0.0012978318158645096,0.002
301,0.001296573412263398,0.002
302,0.001295313645114332,0.002
303,0.0012940524704361718,0.002
304,0.001292789845804818,0.002
305,0.0012915257304766297,0.002
306,0.0012902600847902776,0.002
307,0.0012889928698985947,0.002
308,0.0012877240476754336,0.002
309,0.001286453580776127,0.002
310,0.0012851814324447409,0.002
311,0.001283907566699195,0.002
312,0.0012826319482980592,0.002
313,0.0012813545425480071,0.002
314,0.0012800753153520484,0.002
315,0.0012787942331076347,0.002
316,0.0012775112627596793,0.002
317,0.0012762263718536977,0.002
318,0.0012749395283742438,0.002
319,0.0012736507007405867,0.002
320,0.0012723598577756255,0.002
321,0.0012710669686972233,0.002
322,0.001269772003173398,0.002
323,0.0012684749312194652,0.002
324,0.0012671757231543456,0.002
325,0.001265874349590639,0.002
326,0.0012645707814092928,0.002
327,0.0012632649898010652,0.002
328,0.001261956946221892,0.002
329,0.0012606466223476734,0.002
330,0.0012593339900708574,0.002
331,0.001258019021478971,0.002
332,0.001256701688877879,0.002
333,0.0012553819647724,0.002
334,0.0012540598218217956,0.002
335,0.0012527352328293652,0.002
336,0.0012514081707278976,0.002
337,0.0012500786085955433,0.002
338,0.0012487465196515046,0.002
339,0.0012474118778108664,0.002
340,0.0012460746576461257,0.002
341,0.0012447348327608795,0.002
342,0.0012433923767669508,0.002
343,0.0012420472633557077,0.002
344,0.0012406994663248811,0.002
345,0.001239348959488582,0.002
346,0.0012379957146360547,0.002
347,0.00123663970319345,0.002
348,0.0012352808987356272,0.002
349,0.0012339192749512016,0.002
350,0.0012325548055469662,0.002
351,0.0012311874642749318,0.002
352,0.001229817224888984,0.002
353,0.0012284440611950536,0.002
354,0.0012270679467614406,0.002
355,0.0012256888538576059,0.002
356,0.001224306755964179,0.002
357,0.0012229216267374888,0.002
358,0.0012215334387529642,0.002
359,0.0012201421651722214,0.002
360,0.0012187477796167107,0.002
361,0.0012173502557348008,0.002
362,0.0012159495671936991,0.002
363,0.001214545687688641,0.002
364,0.0012131385909084564,0.002
365,0.001211728250537968,0.002
366,0.0012103146402619705,0.002
367,0.0012088977337516415,0.002
368,0.001207477504677254,0.002
369,0.0012060539266890162,0.002
370,0.0012046269734040066,0.002
371,0.0012031966183945553,0.002
372,0.0012017628351998749,0.002
373,0.001200325597358465,0.002
374,0.0011988848784005226,0.002
375,0.0011974406518337848,0.002
376,0.0011959928911350474,0.002
377,0.0011945415697636162,0.002
378,0.0011930866611706537,0.002
379,0.0011916281387796082,0.002
380,0.0011901659759784521,0.002
381,0.0011887001461290461,0.002
382,0.0011872306225876733,0.002
383,0.0011857573787055163,0.002
384,0.0011842803878103663,0.002
385,0.0011827996232000883,0.002
386,0.0011813150581473984,0.002
387,0.001179826665910876,0.002
388,0.001178334419717921,0.002
389,0.0011768382925313435,0.002
390,0.0011753382582004276,0.002
391,0.0011738342902467913,0.002
392,0.0011723263619290063,0.002
393,0.001170814446485,0.002
394,0.001169298517171952,0.002
395,0.001167778547261552,0.002
396,0.0011662545100101312,0.002
397,0.0011647263786612062,0.002
398,0.0011631941264600328,0.002
399,0.001161657726689181,0.002
400,0.0011601171526531145,0.002
401,0.0011585723776643348,0.002
402,0.001157023375044458,0.002
403,0.0011554701181438263,0.002
404,0.0011539125803550422,0.002
405,0.0011523507350955928,0.002
406,0.0011507845558062758,0.002
407,0.0011492140159621825,0.002
408,0.0011476390890960253,0.002
409,0.0011460597487968484,0.002
410,0.0011444759686968493,0.002
411,0.0011428877224717916,0.002
412,0.001141294983854475,0.002
413,0.001139697726649282,0.002
414,0.0011380959247265,0.002
415,0.001136489552019935,0.002
416,0.0011348785825347377,0.002
417,0.0011332629903626568,0.002
418,0.0011316427496851716,0.002
419,0.001130017834766588,0.002
420,0.001128388219955911,0.002
421,0.0011267538796991136,0.002
422,0.001125114788552133,0.002
423,0.0011234709211805994,0.002
424,0.0011218222523587443,0.002
425,0.001120168756975863,0.002
426,0.0011185104100480204,0.002
427,0.0011168471867224834,0.002
428,0.0011151790622759585,0.002
429,0.0011135060121187166,0.002
430,0.0011118280118060354,0.002
431,0.001110145037048368,0.002
432,0.0011084570637125413,0.002
433,0.0011067640678227102,0.002
434,0.0011050660255675585,0.002
435,0.0011033629133107461,0.002
436,0.001101654707596105,0.002
437,0.0010999413851496094,0.002
438,0.001098222922885645,0.002
439,0.0010964992979175165,0.002
440,0.001094770487565147,0.002
441,0.0010930364693573914,0.002
442,0.001091297221035807,0.002
443,0.001089552720621165,0.002
444,0.0010878029470298206,0.002
445,0.0010860478782669374,0.002
446,0.0010842874920178969,0.002
447,0.001082521767097647,0.002
448,0.0010807506826800849,0.002
449,0.0010789742181881562,0.002
450,0.001077192353276215,0.002
451,0.0010754050678472155,0.002
452,0.0010736123420229126,0.002
453,0.0010718141534203417,0.002
454,0.0010700104811486057,0.002
455,0.0010682013058739797,0.002
456,0.0010663866086170354,0.002
457,0.00106456636848002,0.002
458,0.0010627405625665606,0.002
459,0.0010609091721796439,0.002
460,0.001059072179142171,0.002
461,0.0010572295657414698,0.002
462,0.0010553813147013262,0.002
463,0.0010535274091723835,0.002
464,0.0010516678327302644,0.002
465,0.0010498025693519604,0.002
466,0.0010479316034064999,0.002
467,0.0010460549197018006,0.002
468,0.0010441725035358045,0.002
469,0.0010422843407027955,0.002
470,0.0010403904174524376,0.002
471,0.0010384907204635365,0.002
472,0.0010365852368502933,0.002
473,0.0010346739541931497,0.002
474,0.0010327568605584439,0.002
475,0.0010308339445143048,0.002
476,0.0010289051951408294,0.002
477,0.0010269706020302808,0.002
478,0.0010250301552648458,0.002
479,0.0010230838454084107,0.002
480,0.0010211316635335282,0.002
481,0.0010191736012629845,0.002
482,0.001017209650781354,0.002
483,0.001015239804827329,0.002
484,0.0010132640566927686,0.002
485,0.001011282400230184,0.002
486,0.0010092948298525777,0.002
487,0.0010073013405421068,0.002
488,0.0010053019278783051,0.002
489,0.0010032965880645162,0.002
490,0.0010012853179273838,0.002
491,0.0009992681149074436,0.002
492,0.0009972449770646195,0.002
493,0.0009952159030944146,0.002
494,0.000993180892787193,0.002
495,0.0009911399467855842,0.002
496,0.0009890930658224052,0.002
497,0.0009870402513092588,0.002
498,0.0009849815054371004,0.002
499,0.0009829168310488514,0.002
500,0.000980846231616137,0.002
501,0.0009787697112918665,0.002
502,0.000976687275014828,0.002
503,0.0009745989284481594,0.002
504,0.0009725046779752052,0.002
505,0.0009704045307419902,0.002
506,0.0009682984946965453,0.002
507,0.0009661865785139772,0.002
508,0.0009640687915960972,0.002
509,0.0009619451441460074,0.002
510,0.0009598156472120889,0.002
511,0.0009576803126385587,0.002
512,0.0009555391530614194,0.002
513,0.0009533921819580815,0.002
514,0.0009512394135726906,0.002
515,0.0009490808626518767,0.002
516,0.0009469165436717618,0.002
517,0.000944746467560254,0.002
518,0.000942570650695749,0.002
519,0.0009403891108735109,0.002
520,0.0009382018667781415,0.002
521,0.0009360089380539478,0.002
522,0.0009338103453748653,0.002
523,0.0009316061104172152,0.002
524,0.0009293962557927675,0.002
525,0.0009271808050506708,0.002
526,0.0009249597826702883,0.002
527,0.0009227332128157767,0.002
528,0.0009205011206569714,0.002
529,0.0009182635333857606,0.002
530,0.0009160204792827617,0.002
531,0.0009137719875905607,0.002
532,0.0009115180885223811,0.002
533,0.0009092588132859612,0.002
534,0.0009069941940125809,0.002
535,0.0009047242638103278,0.002
536,0.0009024490504125003,0.002
537,0.0009001685810739573,0.002
538,0.0008978828907460336,0.002
539,0.0008955920155802568,0.002
540,0.0008932959930350511,0.002
541,0.000890994862144924,0.002
542,0.0008886886624391176,0.002
543,0.0008863774344382036,0.002
544,0.0008840612198425682,0.002
545,0.0008817400615796783,0.002
546,0.0008794140036656713,0.002
547,0.0008770830911378991,0.002
548,0.0008747473700979808,0.002
549,0.0008724068877031905,0.002
550,0.0008700616922060853,0.002
551,0.0008677118330241749,0.002
552,0.0008653573607248248,0.002
553,0.0008629983268856277,0.002
554,0.0008606347840639136,0.002
555,0.0008582667858926328,0.002
556,0.0008558943871184064,0.002
557,0.0008535176435787834,0.002
558,0.0008511366121959326,0.002
559,0.0008487513509601466,0.002
560,0.0008463619188598665,0.002
561,0.0008439683758903005,0.002
562,0.000841570783130158,0.002
563,0.000839169202742404,0.002
564,0.0008367636973911888,0.002
565,0.0008343543234436708,0.002
566,0.0008319411426196535,0.002
567,0.0008295242200646556,0.002
568,0.0008271036220652346,0.002
569,0.0008246794160522402,0.002
570,0.00082225167059495,0.002
571,0.0008198204553912678,0.002
572,0.0008173858412028562,0.002
573,0.0008149478988276391,0.002
574,0.0008125066998761012,0.002
575,0.0008100623177036018,0.002
576,0.0008076148267479945,0.002
577,0.0008051643026183272,0.002
578,0.000802710821832527,0.002
579,0.0008002544617895879,0.002
580,0.0007977953010312184,0.002
581,0.0007953334188557687,0.002
582,0.0007928688953087056,0.002
583,0.0007904018115141403,0.002
584,0.0007879322495698509,0.002
585,0.0007854602927991061,0.002
586,0.0007829860254161841,0.002
587,0.0007805095319605784,0.002
588,0.0007780308977246271,0.002
589,0.000775550208856614,0.002
590,0.0007730675523368892,0.002
591,0.0007705830158689603,0.002
592,0.0007680966877502886,0.002
593,0.0007656086549527954,0.002
594,0.0007631190036680867,0.002
595,0.0007606278076562083,0.002
596,0.0007581351530407309,0.002
597,0.0007556411296622764,0.002
598,0.0007531458282207144,0.002
599,0.0007506493401463485,0.002
600,0.0007481517574231499,0.002
601,0.0007456531725435062,0.002
602,0.0007431536787647778,0.002
603,0.0007406533702081309,0.002
604,0.0007381523392622641,0.002
605,0.0007356506704552131,0.002
606,0.0007331484568309142,0.002
607,0.0007306457905380951,0.002
608,0.0007281427657027916,0.002
609,0.0007256394777068002,0.002
610,0.0007231360228800327,0.002
611,0.0007206324980178758,0.002
612,0.0007181290000915951,0.002
613,0.000715625626434323,0.002
614,0.000713122474677524,0.002
615,0.0007106196426305419,0.002
616,0.0007081172285194816,0.002
617,0.0007056153309810701,0.002
618,0.0007031140486500765,0.002
619,0.0007006134801771113,0.002
620,0.0006981137243650587,0.002
621,0.000695614879971172,0.002
622,0.0006931170458153362,0.002
623,0.0006906203208924342,0.002
624,0.0006881248040506909,0.002
625,0.0006856305939308997,0.002
626,0.0006831377890963212,0.002
627,0.0006806464878993863,0.002
628,0.000678156788503616,0.002
629,0.0006756687889826423,0.002
630,0.0006731825871127181,0.002
631,0.0006706982790368367,0.002
632,0.0006682159577535048,0.002
633,0.0006657357195314198,0.002
634,0.0006632576600480375,0.002
635,0.0006607818749789935,0.002
636,0.0006583084593872653,0.002
637,0.0006558375077026208,0.002
638,0.0006533691141087945,0.002
639,0.0006509033646291692,0.002
640,0.0006484403428306572,0.002
641,0.0006459801396768729,0.002
642,0.0006435228456244178,0.002
643,0.0006410685469510451,0.002
644,0.0006386173126847361,0.002
645,0.0006361692261963071,0.002
646,0.0006337243733858178,0.002
647,0.0006312828399989432,0.002
648,0.0006288447111942732,0.002
649,0.0006264100687472728,0.002
650,0.000623978994351978,0.002
651,0.0006215515674857891,0.002
652,0.0006191278658197658,0.002
653,0.0006167079700447522,0.002
654,0.0006142919602385823,0.002
655,0.0006118799150272302,0.002
656,0.0006094719122242008,0.002
657,0.0006070680295778852,0.002
658,0.0006046683434648238,0.002
659,0.000602272928763465,0.002
660,0.0005998818596945634,0.002
661,0.0005974952092942744,0.002
662,0.0005951130494661364,0.002
663,0.0005927354514123047,0.002
664,0.0005903624848860415,0.002
665,0.0005879942182278185,0.002
666,0.0005856307188483576,0.002
667,0.000583272052631233,0.002
668,0.000580918279744388,0.002
669,0.0005785694576865997,0.002
670,0.000576225647553932,0.002
671,0.0005738868988308042,0.002
672,0.0005715532635455873,0.002
673,0.0005692247978295638,0.002
674,0.0005669015570367699,0.002
675,0.0005645835948619576,0.002
676,0.0005622709639207183,0.002
677,0.0005599637161062132,0.002
678,0.000557661901440208,0.002
679,0.0005553655683444776,0.002
680,0.0005530747643494082,0.002
681,0.0005507895353458309,0.002
682,0.0005485099257547683,0.002
683,0.0005462359726560973,0.002
684,0.0005439677119633447,0.002
685,0.0005417051824313165,0.002
686,0.0005394484230076907,0.002
687,0.0005371974703614579,0.002
688,0.0005349523593735576,0.002
689,0.0005327131174603849,0.002
690,0.0005304797603180963,0.002
691,0.0005282523164327482,0.002
692,0.0005260308145786509,0.002
693,0.0005238152824208212,0.002
694,0.0005216057458835683,0.002
695,0.0005194022298178469,0.002
696,0.0005172047553733101,0.002
697,0.0005150133344447074,0.002
698,0.00051282798626946,0.002
699,0.0005106487297280676,0.002
700,0.0005084755827318299,0.002
701,0.0005063085535363127,0.002
702,0.000504147643286509,0.002
703,0.0005019928638062295,0.002
704,0.0004998442263372888,0.002
705,0.0004977017411796773,0.002
706,0.0004955654179911219,0.002
707,0.0004934352653598547,0.002
708,0.0004913112903196543,0.002
709,0.0004891934890220423,0.002
710,0.000487081860562805,0.002
711,0.0004849764075879746,0.002
712,0.0004828771326794158,0.002
713,0.0004807840370418533,0.002
714,0.0004786971206530758,0.002
715,0.000476616383294477,0.002
716,0.00047454182357606437,0.002
717,0.00047247343868295054,0.002
718,0.0004704112252898092,0.002
719,0.0004683551792309072,0.002
720,0.0004663052918695798,0.002
721,0.00046426154312814944,0.002
722,0.0004622239244213755,0.002
723,0.0004601924265639504,0.002
724,0.00045816703951983336,0.002
725,0.00045614775343169947,0.002
726,0.00045413455737817153,0.002
727,0.00045212743934093503,0.002
728,0.00045012638714414814,0.002
729,0.00044813138786891504,0.002
730,0.00044614242756463914,0.002
731,0.00044415948548508124,0.002
732,0.00044218252497280573,0.002
733,0.0004402115236854476,0.002
734,0.000438246463281127,0.002
735,0.00043628732523460074,0.002
736,0.0004343340913637068,0.002
737,0.00043238674226473014,0.002
738,0.00043044524757988514,0.002
739,0.00042850958183422965,0.002
740,0.0004265797198671797,0.002
741,0.00042465563493006417,0.002
742,0.0004227372904531787,0.002
743,0.0004208246628997765,0.002
744,0.0004189177301600831,0.002
745,0.0004170164694079822,0.002
746,0.0004151208583353355,0.002
747,0.0004132308753729663,0.002
748,0.00041134649694882464,0.002
749,0.00040946769849130717,0.002
750,0.0004075944576456452,0.002
751,0.0004057267383608885,0.002
752,0.0004038645084495246,0.002
753,0.00040200774404485537,0.002
754,0.00040015642258938615,0.002
755,0.0003983105206563331,0.002
756,0.00039647001541664165,0.002
757,0.00039463488496576917,0.002
758,0.0003928051067698113,0.002
759,0.0003909806589710627,0.002
760,0.0003891615086197552,0.002
761,0.000387347617759301,0.002
762,0.00038553896537510575,0.002
763,0.00038373553002522663,0.002
764,0.0003819372872074334,0.002
765,0.000380144210474521,0.002
766,0.00037835627528689326,0.002
767,0.0003765734603059568,0.002
768,0.0003747957401602656,0.002
769,0.00037302306785587695,0.002
770,0.00037125541615760314,0.002
771,0.00036949276460196287,0.002
772,0.0003677350928854655,0.002
773,0.0003659823815248966,0.002
774,0.00036423461124048895,0.002
775,0.00036249176282377067,0.002
776,0.0003607538154375161,0.002
777,0.0003590207273153021,0.002
778,0.0003572924776831148,0.002
779,0.0003555690472018031,0.002
780,0.0003538504201091875,0.002
781,0.00035213658166295886,0.002
782,0.00035042751584810436,0.002
783,0.00034872320813978335,0.002
784,0.000347023623336094,0.002
785,0.0003453287343904019,0.002
786,0.0003436385254428265,0.002
787,0.0003419529828844997,0.002
788,0.00034027208916372867,0.002
789,0.0003385958341352987,0.002
790,0.0003369242039699469,0.002
791,0.0003352571584003401,0.002
792,0.0003335946654308268,0.002
793,0.0003319367114032796,0.002
794,0.00033028328550747574,0.002
795,0.0003286343753096813,0.002
796,0.00032698997630903174,0.002
797,0.0003253500539069575,0.002
798,0.00032371457333408627,0.002
799,0.00032208352858826737,0.002
800,0.0003204569037103638,0.002
801,0.0003188346949370835,0.002
802,0.00031721688827878017,0.002
803,0.0003156034347024157,0.002
804,0.0003139943129654802,0.002
805,0.0003123895182405374,0.002
806,0.0003107890452459411,0.002
807,0.00030919288225142227,0.002
808,0.00030760096968171003,0.002
809,0.0003060132908832828,0.002
810,0.00030442984365136,0.002
811,0.00030285061672817354,0.002
812,0.00030127553306428384,0.002
813,0.0002997045452801593,0.002
814,0.0002981376522295262,0.002
815,0.00029657482460547166,0.002
816,0.00029501594902089505,0.002
817,0.00029346099013754807,0.002
818,0.00029190991275629614,0.002
819,0.00029036253713388014,0.002
820,0.00028881879212732796,0.002
821,0.00028727864604060445,0.002
822,0.0002857420729444444,0.002
823,0.0002842090449593066,0.002
824,0.0002826795410830194,0.002
825,0.00028115353065076977,0.002
826,0.0002796310060222243,0.002
827,0.0002781119604105669,0.002
828,0.00027659639085690494,0.002
829,0.00027508428646590214,0.002
830,0.0002735756552630092,0.002
831,0.0002720705140774044,0.002
832,0.00027056888310367726,0.002
833,0.0002690707823836859,0.002
834,0.0002675762329634637,0.002
835,0.0002660852621087202,0.002
836,0.00026459789384006803,0.002
837,0.00026311414891415044,0.002
838,0.00026163405136428875,0.002
839,0.00026015763001288784,0.002
840,0.0002586849128990744,0.002
841,0.00025721593082241034,0.002
842,0.00025575071169491736,0.002
843,0.0002542892747846758,0.002
844,0.0002528316230795797,0.002
845,0.00025137778129788024,0.002
846,0.0002499277760623532,0.002
847,0.00024848162859122876,0.002
848,0.0002470393570921097,0.002
849,0.0002456009876678501,0.002
850,0.00024416654796518596,0.002
851,0.00024273606592387702,0.002
852,0.00024130957015166193,0.002
853,0.00023988708936687023,0.002
854,0.00023846865323843056,0.002
855,0.00023705429229226211,0.002
856,0.0002356440339649599,0.002
857,0.00023423788997383208,0.002
858,0.00023283588551224196,0.002
859,0.00023143804617408462,0.002
860,0.00023004439385743142,0.002
861,0.00022865495929779974,0.002
862,0.0002272697719777908,0.002
863,0.00022588885732645802,0.002
864,0.00022451223566596188,0.002
865,0.0002231399364868076,0.002
866,0.00022177199012786883,0.002
867,0.00022040842634810966,0.002
868,0.00021904927376256814,0.002
869,0.00021769454158743733,0.002
870,0.0002163442510934102,0.002
871,0.00021499842999730013,0.002
872,0.00021365710344933885,0.002
873,0.00021232029152786684,0.002
874,0.00021098802245575195,0.002
875,0.0002096603237108079,0.002
876,0.00020833722361114653,0.002
877,0.00020701874976304888,0.002
878,0.00020570493059498732,0.002
879,0.00020439579449493998,0.002
880,0.0002030913587355959,0.002
881,0.00020179162683585633,0.002
882,0.00020049661235519396,0.002
883,0.00019920633954680848,0.002
884,0.00019792083300935063,0.002
885,0.0001966401175681574,0.002
886,0.00019536421167051055,0.002
887,0.000194093136342079,0.002
888,0.00019282691647991212,0.002
889,0.0001915655765840634,0.002
890,0.0001903091415258254,0.002
891,0.0001890576194335262,0.002
892,0.00018781101811938343,0.002
893,0.00018656935947767656,0.002
894,0.00018533266568644986,0.002
895,0.00018410095880362203,0.002
896,0.00018287426163181677,0.002
897,0.0001816525966036519,0.002
898,0.00018043597928687588,0.002
899,0.00017922442148392458,0.002
900,0.00017801793771886497,0.002
901,0.00017681653854241986,0.002
902,0.000175620219403263,0.002
903,0.0001744289961613863,0.002
904,0.00017324288634639807,0.002
905,0.00017206190838400497,0.002
906,0.00017088608054514784,0.002
907,0.00016971542123274516,0.002
908,0.00016854994889497755,0.002
909,0.00016738968212651488,0.002
910,0.00016623463733198536,0.002
911,0.00016508482381929216,0.002
912,0.00016394023381092478,0.002
913,0.00016280088045601807,0.002
914,0.00016166676732939353,0.002
915,0.0001605378939564834,0.002
916,0.00015941427395205747,0.002
917,0.0001582959207052015,0.002
918,0.00015718284803181894,0.002
919,0.0001560750699406423,0.002
920,0.00015497260074562755,0.002
921,0.0001538754354230991,0.002
922,0.000152783569693899,0.002
923,0.00015169701467118664,0.002
924,0.00015061578159844663,0.002
925,0.00014953988256703168,0.002
926,0.00014846932892728136,0.002
927,0.00014740413236252577,0.002
928,0.00014634430408298922,0.002
929,0.0001452898475849716,0.002
930,0.0001442407492380754,0.002
931,0.00014319699027416335,0.002
932,0.0001421585756157071,0.002
933,0.0001411255118438559,0.002
934,0.00014009780612510078,0.002
935,0.00013907546563208758,0.002
936,0.00013805849739911456,0.002
937,0.00013704690824116645,0.002
938,0.00013604070484055276,0.002
939,0.00013503988700457105,0.002
940,0.0001340444333141686,0.002
941,0.00013305434408492463,0.002
942,0.00013206962199037542,0.002
943,0.00013109026983936878,0.002
944,0.00013011628261896528,0.002
945,0.0001291476479241653,0.002
946,0.00012818436479704182,0.002
947,0.00012722643447686565,0.002
948,0.00012627384944619274,0.002
949,0.00012532658458224154,0.002
950,0.00012438463670576773,0.002
951,0.0001234480041655833,0.002
952,0.00012251668613587653,0.002
953,0.00012159068140701003,0.002
954,0.0001206699898919049,0.002
955,0.0001197546102374699,0.002
956,0.00011884454229687225,0.002
957,0.00011793976822329689,0.002
958,0.00011704026638110842,0.002
959,0.00011614602463572766,0.002
960,0.00011525702445954882,0.002
961,0.0001143732598181567,0.002
962,0.00011349472579333772,0.002
963,0.00011262141907499277,0.002
964,0.0001117533340168384,0.002
965,0.0001108904660291999,0.002
966,0.00011003278419010123,0.002
967,0.00010918027457317249,0.002
968,0.00010833293154527659,0.002
969,0.0001074907472338283,0.002
970,0.00010665371723976427,0.002
971,0.00010582183561760724,0.002
972,0.00010499509598879545,0.002
973,0.00010417349392601214,0.002
974,0.0001033570083467675,0.002
975,0.0001025455915248095,0.002
976,0.00010173923350861676,0.002
977,0.00010093792373685293,0.002
978,0.00010014165286088162,0.002
979,9.935041350959927e-05,0.002
980,9.856419722275176e-05,0.002
981,9.77829942932405e-05,0.002
982,9.700679674594904e-05,0.002
983,9.623557251692035e-05,0.002
984,9.546930042577767e-05,0.002
985,9.470796742649853e-05,0.002
986,9.395156339378117e-05,0.002
987,9.320007638248698e-05,0.002
988,9.245349610697124e-05,0.002
989,9.171181196134061e-05,0.002
990,9.097500396048639e-05,0.002
991,9.024304044095685e-05,0.002
992,8.951588810164077e-05,0.002
993,8.879353603055569e-05,0.002
994,8.807597050998166e-05,0.002
995,8.736317767793012e-05,0.002
996,8.665514657507628e-05,0.002
997,8.595186756292138e-05,0.002
998,8.52533278266214e-05,0.002
999,8.455951088691898e-05,0.002
1000,8.387038126497273e-05,0.002
1001,8.318592337228662e-05,0.002
1002,8.250612267618181e-05,0.002
1003,8.183096447153925e-05,0.002
1004,8.11604357761974e-05,0.002
1005,8.049451685370266e-05,0.002
1006,7.98331929544452e-05,0.002
1007,7.917644476530122e-05,0.002
1008,7.852423795771825e-05,0.002
1009,7.787654668654163e-05,0.002
1010,7.723335720805777e-05,0.002
1011,7.659465130766124e-05,0.002
1012,7.59604149995472e-05,0.002
1013,7.533063550707501e-05,0.002
1014,7.470530074651454e-05,0.002
1015,7.408439607075359e-05,0.002
1016,7.346789791920902e-05,0.002
1017,7.285577107680975e-05,0.002
1018,7.224800079235395e-05,0.002
1019,7.164457211111076e-05,0.002
1020,7.104545949562367e-05,0.002
1021,7.045064421593943e-05,0.002
1022,6.98601128026302e-05,0.002
1023,6.927385140234171e-05,0.002
1024,6.869184162717619e-05,0.002
1025,6.811404238444256e-05,0.002
1026,6.754042878871823e-05,0.002
1027,6.697098600765244e-05,0.002
1028,6.640569877061636e-05,0.002
1029,6.584455279280295e-05,0.002
1030,6.528752833346373e-05,0.002
1031,6.473461033450221e-05,0.002
1032,6.418578442882492e-05,0.002
1033,6.364102886735932e-05,0.002
1034,6.310030941180853e-05,0.002
1035,6.256360028122186e-05,0.002
1036,6.203087852164614e-05,0.002
1037,6.150212870077865e-05,0.002
1038,6.097733549975406e-05,0.002
1039,6.045648419178734e-05,0.002
1040,5.993955827521505e-05,0.002
1041,5.94265347417388e-05,0.002
1042,5.8917377573502986e-05,0.002
1043,5.8412058190318526e-05,0.002
1044,5.791055848323091e-05,0.002
1045,5.7412861491335434e-05,0.002
1046,5.691894733289202e-05,0.002
1047,5.64287972748084e-05,0.002
1048,5.594239636619836e-05,0.002
1049,5.545972876113235e-05,0.002
1050,5.498077256294025e-05,0.002
1051,5.450548628131496e-05,0.002
1052,5.403384635784389e-05,0.002
1053,5.356583363189323e-05,0.002
1054,5.310143166227151e-05,0.002
1055,5.264062447204929e-05,0.002
1056,5.2183396417479516e-05,0.002
1057,5.172973221130747e-05,0.002
1058,5.127961153244014e-05,0.002
1059,5.083300343631407e-05,0.002
1060,5.038987588981431e-05,0.002
1061,4.9950212288388983e-05,0.002
1062,4.951399607158227e-05,0.002
1063,4.908121163589474e-05,0.002
1064,4.865184024206225e-05,0.002
1065,4.8225862061335456e-05,0.002
1066,4.780325599574299e-05,0.002
1067,4.7384003726193574e-05,0.002
1068,4.696807711210666e-05,0.002
1069,4.6555448850689164e-05,0.002
1070,4.614610237058117e-05,0.002
1071,4.574001568865098e-05,0.002
1072,4.533717176935587e-05,0.002
1073,4.493755436125705e-05,0.002
1074,4.4541148284433756e-05,0.002
1075,4.4147937971458054e-05,0.002
1076,4.3757906745365595e-05,0.002
1077,4.33710228341582e-05,0.002
1078,4.298725563871758e-05,0.002
1079,4.260658834093989e-05,0.002
1080,4.222900442659227e-05,0.002
1081,4.185448700476267e-05,0.002
1082,4.14830146036221e-05,0.002
1083,4.111457094268442e-05,0.002
1084,4.07491383236435e-05,0.002
1085,4.038669693158665e-05,0.002
1086,4.002722214939965e-05,0.002
1087,3.967068643033647e-05,0.002
1088,3.9317073461968594e-05,0.002
1089,3.896636739907352e-05,0.002
1090,3.8618552771087436e-05,0.002
1091,3.827361289809629e-05,0.002
1092,3.7931527761773424e-05,0.002
1093,3.7592281786443885e-05,0.002
1094,3.7255858107629355e-05,0.002
1095,3.692223374584551e-05,0.002
1096,3.659137574576052e-05,0.002
1097,3.6263264167674424e-05,0.002
1098,3.593787782594692e-05,0.002
1099,3.561519619336587e-05,0.002
1100,3.529520142263837e-05,0.002
1101,3.497787782228504e-05,0.002
1102,3.466320988171837e-05,0.002
1103,3.435118248478157e-05,0.002
1104,3.4041780879916564e-05,0.002
1105,3.373497949318901e-05,0.002
1106,3.3430755991248576e-05,0.002
1107,3.312909006705806e-05,0.002
1108,3.282996532032164e-05,0.002
1109,3.253336676273454e-05,0.002
1110,3.223927976363064e-05,0.002
1111,3.1947689891164484e-05,0.002
1112,3.16585818106548e-05,0.002
1113,3.137193766366406e-05,0.002
1114,3.108773657918251e-05,0.002
1115,3.0805946725186135e-05,0.002
1116,3.052654889904323e-05,0.002
1117,3.0249528044706123e-05,0.002
1118,2.997486909897897e-05,0.002
1119,2.970255776367194e-05,0.002
1120,2.9432579680025202e-05,0.002
1121,2.9164921149538e-05,0.002
1122,2.8899568378349054e-05,0.002
1123,2.863650497689068e-05,0.002
1124,2.837571171090268e-05,0.002
1125,2.8117163288777704e-05,0.002
1126,2.786084389657308e-05,0.002
1127,2.7606739464798435e-05,0.002
1128,2.7354836249673928e-05,0.002
1129,2.7105120221880477e-05,0.002
1130,2.685757362138826e-05,0.002
1131,2.6612178752982033e-05,0.002
1132,2.6368917662755384e-05,0.002
1133,2.6127775351949646e-05,0.002
1134,2.5888737502434916e-05,0.002
1135,2.5651780151974837e-05,0.002
1136,2.541688710673244e-05,0.002
1137,2.5184044582961707e-05,0.002
1138,2.495323928830553e-05,0.002
1139,2.472445792364699e-05,0.002
1140,2.449768694720731e-05,0.002
1141,2.427290931380746e-05,0.002
1142,2.4050111850954458e-05,0.002
1143,2.3829281640621013e-05,0.002
1144,2.3610406311662144e-05,0.002
1145,2.3393467991460713e-05,0.002
1146,2.3178441104065757e-05,0.002
1147,2.29653080336124e-05,0.002
1148,2.2754054815748362e-05,0.002
1149,2.2544667035088097e-05,0.002
1150,2.2337126822463284e-05,0.002
1151,2.2131420424890718e-05,0.002
1152,2.192753471330689e-05,0.002
1153,2.1725456939030602e-05,0.002
1154,2.152517478193793e-05,0.002
1155,2.1326676487726834e-05,0.002
1156,2.112994286250292e-05,0.002
1157,2.0934957520246485e-05,0.002
1158,2.074170793171874e-05,0.002
1159,2.055018107536552e-05,0.002
1160,2.0360361636072123e-05,0.002
1161,2.0172237607709945e-05,0.002
1162,1.9985797297186544e-05,0.002
1163,1.9801026570331285e-05,0.002
1164,1.961791212220589e-05,0.002
1165,1.9436442786901103e-05,0.002
1166,1.925660744478981e-05,0.002
1167,1.9078388333205313e-05,0.002
1168,1.8901768280127302e-05,0.002
1169,1.8726733929939443e-05,0.002
1170,1.8553270368704665e-05,0.002
1171,1.838136572192602e-05,0.002
1172,1.8211008806555073e-05,0.002
1173,1.804218848546429e-05,0.002
1174,1.7874894016543537e-05,0.002
1175,1.7709114857897715e-05,0.002
1176,1.7544840734201123e-05,0.002
1177,1.7382061383308695e-05,0.002
1178,1.722076409605489e-05,0.002
1179,1.7060931470253732e-05,0.002
1180,1.6902548094809286e-05,0.002
1181,1.6745599431626802e-05,0.002
1182,1.6590074648813412e-05,0.002
1183,1.6435963173892776e-05,0.002
1184,1.628325460072746e-05,0.002
1185,1.6131938935801442e-05,0.002
1186,1.5982006257914922e-05,0.002
1187,1.5833445633406284e-05,0.002
1188,1.568624614756938e-05,0.002
1189,1.554045976666283e-05,0.002
1190,1.539618602275792e-05,0.002
1191,1.5253399457105902e-05,0.002
1192,1.5112048943385945e-05,0.002
1193,1.49721188280033e-05,0.002
1194,1.48335946815449e-05,0.002
1195,1.4696479609970653e-05,0.002
1196,1.456075690227865e-05,0.002
1197,1.4426406248962505e-05,0.002
1198,1.4293395479432968e-05,0.002
1199,1.4161709722092147e-05,0.002
1200,1.4031344138555016e-05,0.002
1201,1.3902302409097133e-05,0.002
1202,1.3774571720391665e-05,0.002
1203,1.3648139468582264e-05,0.002
1204,1.3522989279445552e-05,0.002
1205,1.3399105127576564e-05,0.002
1206,1.3276476182255319e-05,0.002
1207,1.3155092465043155e-05,0.002
1208,1.3034946408450578e-05,0.002
1209,1.2916024388781921e-05,0.002
1210,1.2798312540536185e-05,0.002
1211,1.2681792756213207e-05,0.002
1212,1.2566448961310394e-05,0.002
1213,1.2452257384832948e-05,0.002
1214,1.2339206321617304e-05,0.002
1215,1.2227284585439736e-05,0.002
1216,1.2116481395903377e-05,0.002
1217,1.200678167183107e-05,0.002
1218,1.1898174473279547e-05,0.002
1219,1.179065431653567e-05,0.002
1220,1.1684216807885473e-05,0.002
1221,1.157885115552365e-05,0.002
1222,1.1474545840247832e-05,0.002
1223,1.1371292920430177e-05,0.002
1224,1.1269080174603623e-05,0.002
1225,1.1167892347288011e-05,0.002
1226,1.106770926095491e-05,0.002
1227,1.0968517072353476e-05,0.002
1228,1.0870303748632283e-05,0.002
1229,1.0773058336021675e-05,0.002
1230,1.0676770573919315e-05,0.002
1231,1.058143167703256e-05,0.002
1232,1.0487031118869322e-05,0.002
1233,1.039356027582772e-05,0.002
1234,1.0301010268436942e-05,0.002
1235,1.0209373917931198e-05,0.002
1236,1.0118640886139379e-05,0.002
1237,1.002879954585942e-05,0.002
1238,9.939839956656413e-06,0.002
1239,9.85175184263218e-06,0.002
1240,9.764522330097484e-06,0.002
1241,9.678141090674542e-06,0.002
1242,9.59259796029419e-06,0.002
1243,9.507884661567569e-06,0.002
1244,9.423992410710568e-06,0.002
1245,9.340913094219027e-06,0.002
1246,9.258638714443784e-06,0.002
1247,9.177161890659704e-06,0.002
1248,9.096473457029384e-06,0.002
1249,9.016563957801993e-06,0.002
1250,8.937425167347983e-06,0.002
1251,8.859047876316804e-06,0.002
1252,8.781424709364278e-06,0.002
1253,8.704547973985388e-06,0.002
1254,8.628408118079576e-06,0.002
1255,8.55299521662132e-06,0.002
1256,8.478300631242349e-06,0.002
1257,8.404316946772876e-06,0.002
1258,8.331037324925398e-06,0.002
1259,8.25845511556605e-06,0.002
1260,8.186564096806234e-06,0.002
1261,8.115356108865743e-06,0.002
1262,8.044822860128286e-06,0.002
1263,7.974957835481735e-06,0.002
1264,7.905754791676631e-06,0.002
1265,7.837207794822022e-06,0.002
1266,7.76931011003397e-06,0.002
1267,7.702053712329498e-06,0.002
1268,7.635432608588242e-06,0.002
1269,7.569440882141596e-06,0.002
1270,7.50407278684563e-06,0.002
1271,7.439322614706921e-06,0.002
1272,7.375182465830869e-06,0.002
1273,7.311646051072197e-06,0.002
1274,7.248706405242247e-06,0.002
1275,7.186356180410172e-06,0.002
1276,7.124589837098095e-06,0.002
1277,7.063401970298998e-06,0.002
1278,7.0027873840877535e-06,0.002
1279,6.942740631512767e-06,0.002
1280,6.883254381719699e-06,0.002
1281,6.824323033904984e-06,0.002
1282,6.7659415619058376e-06,0.002
1283,6.708104929682439e-06,0.002
1284,6.6508083574650775e-06,0.002
1285,6.594047043110487e-06,0.002
1286,6.5378164039213345e-06,0.002
1287,6.4821117375344954e-06,0.002
1288,6.4269266661884e-06,0.002
1289,6.372255580012307e-06,0.002
1290,6.318092637725596e-06,0.002
1291,6.2644317851671765e-06,0.002
1292,6.2112684944793135e-06,0.002
1293,6.158597739318385e-06,0.002
1294,6.106412999990492e-06,0.002
1295,6.054709550968108e-06,0.002
1296,6.003483012042313e-06,0.002
1297,5.952729064578135e-06,0.002
1298,5.902443555246196e-06,0.002
1299,5.8526223633400105e-06,0.002
1300,5.80326148523097e-06,0.002
1301,5.754356930065131e-06,0.002
1302,5.70590360065487e-06,0.002
1303,5.6578961119425525e-06,0.002
1304,5.6103304863847725e-06,0.002
1305,5.5632028436154675e-06,0.002
1306,5.516509333650902e-06,0.002
1307,5.4702461390723946e-06,0.002
1308,5.4244081053755636e-06,0.002
1309,5.3789903488226975e-06,0.002
1310,5.33398770524079e-06,0.002
1311,5.2893956163921355e-06,0.002
1312,5.245210342482286e-06,0.002
1313,5.201428247680555e-06,0.002
1314,5.15804577060313e-06,0.002
1315,5.115059418371911e-06,0.002
1316,5.072465663050237e-06,0.002
1317,5.030259565231938e-06,0.002
1318,4.988437035945146e-06,0.002
1319,4.946994509053353e-06,0.002
1320,4.905927722081645e-06,0.002
1321,4.865233157984307e-06,0.002
1322,4.824907466149243e-06,0.002
1323,4.78494669013735e-06,0.002
1324,4.745346142709269e-06,0.002
1325,4.706102580865992e-06,0.002
1326,4.667212784990503e-06,0.002
1327,4.628673633482519e-06,0.002
1328,4.590482054460491e-06,0.002
1329,4.552635080174953e-06,0.002
1330,4.515129791021754e-06,0.002
1331,4.477962596246849e-06,0.002
1332,4.441128672619972e-06,0.002
1333,4.404623865234755e-06,0.002
1334,4.368445122273973e-06,0.002
1335,4.332589584859407e-06,0.002
1336,4.297054365565636e-06,0.002
1337,4.2618367093419875e-06,0.002
1338,4.2269338424354595e-06,0.002
1339,4.192342961002138e-06,0.002
1340,4.158059955906078e-06,0.002
1341,4.124081748196406e-06,0.002
1342,4.090405685653534e-06,0.002
1343,4.057029139435476e-06,0.002
1344,4.0239495812709174e-06,0.002
1345,3.991164457213731e-06,0.002
1346,3.9586713227396815e-06,0.002
1347,3.92646770400709e-06,0.002
1348,3.894550421437781e-06,0.002
1349,3.862916113266678e-06,0.002
1350,3.831562335264423e-06,0.002
1351,3.8004866898575266e-06,0.002
1352,3.769686827511964e-06,0.002
1353,3.7391604479796443e-06,0.002
1354,3.7089045717528784e-06,0.002
1355,3.678916164379933e-06,0.002
1356,3.6491929295231324e-06,0.002
1357,3.619731694347003e-06,0.002
1358,3.5905293575426867e-06,0.002
1359,3.561583626139255e-06,0.002
1360,3.532892272729979e-06,0.002
1361,3.5044530977981503e-06,0.002
1362,3.476263966131177e-06,0.002
1363,3.448322760766688e-06,0.002
1364,3.4206272912624607e-06,0.002
1365,3.3931743606663237e-06,0.002
1366,3.365961628702052e-06,0.002
1367,3.338987027489379e-06,0.002
1368,3.312248531924606e-06,0.002
1369,3.2857441762360587e-06,0.002
1370,3.2594719417406787e-06,0.002
1371,3.233429874262392e-06,0.002
1372,3.207616062477085e-06,0.002
1373,3.182028659850566e-06,0.002
1374,3.156665817691694e-06,0.002
1375,3.131525452249047e-06,0.002
1376,3.106604643726595e-06,0.002
1377,3.0819014495126986e-06,0.002
1378,3.057413894268939e-06,0.002
1379,3.0331392758904528e-06,0.002
1380,3.009075542955563e-06,0.002
1381,2.9852208226546427e-06,0.002
1382,2.9615723786198715e-06,0.002
1383,2.9381280889571787e-06,0.002
1384,2.9148862053611203e-06,0.002
1385,2.8918449140718255e-06,0.002
1386,2.869002560341572e-06,0.002
1387,2.8463574044527836e-06,0.002
1388,2.8239078546442216e-06,0.002
1389,2.801652244596726e-06,0.002
1390,2.7795890231734572e-06,0.002
1391,2.7577165962159552e-06,0.002
1392,2.7360334457739e-06,0.002
1393,2.7145380460269773e-06,0.002
1394,2.6932288957575856e-06,0.002
1395,2.672103745555527e-06,0.002
1396,2.6511605861141217e-06,0.002
1397,2.630397880385805e-06,0.002
1398,2.6098141321789696e-06,0.002
1399,2.589407677149802e-06,0.002
1400,2.5691756954518014e-06,0.002
1401,2.549116351514391e-06,0.002
1402,2.5292280755612633e-06,0.002
1403,2.5095093606313326e-06,0.002
1404,2.489958770381284e-06,0.002
1405,2.4705745597430836e-06,0.002
1406,2.451354747174108e-06,0.002
1407,2.4322978824787394e-06,0.002
1408,2.413402546627462e-06,0.002
1409,2.3946673467776474e-06,0.002
1410,2.3760909710659576e-06,0.002
1411,2.3576721135095643e-06,0.002
1412,2.3394095190926903e-06,0.002
1413,2.321301904049503e-06,0.002
1414,2.3033480262285113e-06,0.002
1415,2.2855466330385184e-06,0.002
1416,2.2678958934844806e-06,0.002
1417,2.2503941687536913e-06,0.002
1418,2.233039874942458e-06,0.002
1419,2.215831109220267e-06,0.002
1420,2.198766596571555e-06,0.002
1421,2.181845080944613e-06,0.002
1422,2.1650653842926482e-06,0.002
1423,2.1484263363598207e-06,0.002
1424,2.1319267888058494e-06,0.002
1425,2.1155655991422943e-06,0.002
1426,2.0993416372702015e-06,0.002
1427,2.0832538112865604e-06,0.002
1428,2.0673010429244385e-06,0.002
1429,2.0514822890093675e-06,0.002
1430,2.035796499699939e-06,0.002
1431,2.0202426471586624e-06,0.002
1432,2.0048197012059006e-06,0.002
1433,1.989526637860955e-06,0.002
1434,1.974361952402509e-06,0.002
1435,1.959324389919285e-06,0.002
1436,1.9444129446641877e-06,0.002
1437,1.9296264365182134e-06,0.002
1438,1.9149630514797237e-06,0.002
1439,1.9004209835892142e-06,0.002
1440,1.8859990606609972e-06,0.002
1441,1.8716962416367888e-06,0.002
1442,1.8575114720602288e-06,0.002
1443,1.8434437746974037e-06,0.002
1444,1.829492157039921e-06,0.002
1445,1.8156556806224773e-06,0.002
1446,1.801933396591106e-06,0.002
1447,1.788324386674618e-06,0.002
1448,1.7748277438037293e-06,0.002
1449,1.761442577532855e-06,0.002
1450,1.748168022967879e-06,0.002
1451,1.73500321585549e-06,0.002
1452,1.721947317752532e-06,0.002
1453,1.708999483905057e-06,0.002
1454,1.6961588944335065e-06,0.002
1455,1.6834247275778387e-06,0.002
1456,1.6707961817541278e-06,0.002
1457,1.658272420282608e-06,0.002
1458,1.6458521393153753e-06,0.002
1459,1.633534329041972e-06,0.002
1460,1.621318182203174e-06,0.002
1461,1.609202883619363e-06,0.002
1462,1.5971875481116773e-06,0.002
1463,1.5852708325055245e-06,0.002
1464,1.5734518201826902e-06,0.002
1465,1.5617293385091593e-06,0.002
1466,1.5501023393764065e-06,0.002
1467,1.5385700145490286e-06,0.002
1468,1.5271315607378899e-06,0.002
1469,1.5157862083441473e-06,0.002
1470,1.5045331961186755e-06,0.002
1471,1.4933717822095874e-06,0.002
1472,1.4823012390715683e-06,0.002
1473,1.471320848429383e-06,0.002
1474,1.4604299098755686e-06,0.002
1475,1.4496277263143615e-06,0.002
1476,1.4389136186477813e-06,0.002
1477,1.428286910827486e-06,0.002
1478,1.4177469264541689e-06,0.002
1479,1.4072925960974087e-06,0.002
1480,1.3969230433332689e-06,0.002
1481,1.3866375892940418e-06,0.002
1482,1.376435566513939e-06,0.002
1483,1.3663163191197018e-06,0.002
1484,1.3562792047871905e-06,0.002
1485,1.3463235866888071e-06,0.002
1486,1.3364488426082393e-06,0.002
1487,1.3266543543391873e-06,0.002
1488,1.3169393150463628e-06,0.002
1489,1.307302697913583e-06,0.002
1490,1.297743854889471e-06,0.002
1491,1.2882621586703147e-06,0.002
1492,1.2788569142592212e-06,0.002
1493,1.2695272627309368e-06,0.002
1494,1.2602725479448884e-06,0.002
1495,1.2510921307347865e-06,0.002
1496,1.2419853995600694e-06,0.002
1497,1.23295178193508e-06,0.002
1498,1.2239906650252538e-06,0.002
1499,1.2151011512861545e-06,0.002
1500,1.2062825906424876e-06,0.002
1501,1.1975340612712803e-06,0.002
1502,1.188854785069503e-06,0.002
1503,1.1802441902307357e-06,0.002
1504,1.1717017008226913e-06,0.002
1505,1.1632267879860205e-06,0.002
1506,1.1548189002006919e-06,0.002
1507,1.1464774602713274e-06,0.002
1508,1.1382019231269985e-06,0.002
1509,1.1299917648714393e-06,0.002
1510,1.1218464925765473e-06,0.002
1511,1.113765611003375e-06,0.002
1512,1.1057486420793423e-06,0.002
1513,1.0977950977325702e-06,0.002
1514,1.089904501764744e-06,0.002
1515,1.0820763829580987e-06,0.002
1516,1.0743101288208026e-06,0.002
1517,1.066604935786656e-06,0.002
1518,1.058960310085435e-06,0.002
1519,1.0513757848737075e-06,0.002
1520,1.043850882782938e-06,0.002
1521,1.0363851552388493e-06,0.002
1522,1.028978137151881e-06,0.002
1523,1.02162939303913e-06,0.002
1524,1.0143382648662003e-06,0.002
1525,1.0071040831221305e-06,0.002
1526,9.999264134177932e-07,0.002
1527,9.92804788772835e-07,0.002
1528,9.85738789245874e-07,0.002
1529,9.787279747261386e-07,0.002
1530,9.717719345330488e-07,0.002
1531,9.648702556173482e-07,0.002
1532,9.580225286366837e-07,0.002
1533,9.512283578237937e-07,0.002
1534,9.444873381519443e-07,0.002
1535,9.377990158571073e-07,0.002
1536,9.311627355975085e-07,0.002
1537,9.245780863046283e-07,0.002
1538,9.180446667246144e-07,0.002
1539,9.115620833866062e-07,0.002
1540,9.051299609038276e-07,0.002
1541,8.987479119290423e-07,0.002
1542,8.924155775235431e-07,0.002
1543,8.861325817015876e-07,0.002
1544,8.798985717222441e-07,0.002
1545,8.737131856918049e-07,0.002
1546,8.675759987934549e-07,0.002
1547,8.61486356948598e-07,0.002
1548,8.554437859367016e-07,0.002
1549,8.4944764343144e-07,0.002
1550,8.434975191942116e-07,0.002
1551,8.375930355030105e-07,0.002
1552,8.317338248916601e-07,0.002
1553,8.259195343352762e-07,0.002
1554,8.201498124346519e-07,0.002
1555,8.144243188383748e-07,0.002
1556,8.087427137853258e-07,0.002
1557,8.03104667319417e-07,0.002
1558,7.975098546537818e-07,0.002
1559,7.91957957314778e-07,0.002
1560,7.864486630154126e-07,0.002
1561,7.809816611972736e-07,0.002
1562,7.755566474929826e-07,0.002
1563,7.701733190446813e-07,0.002
1564,7.648313791972069e-07,0.002
1565,7.595305337953605e-07,0.002
1566,7.542704924697814e-07,0.002
1567,7.490509675326864e-07,0.002
1568,7.438716731501784e-07,0.002
1569,7.387323271721488e-07,0.002
1570,7.33632649228575e-07,0.002
1571,7.285723628101498e-07,0.002
1572,7.235511929571353e-07,0.002
1573,7.185688614710925e-07,0.002
1574,7.136248993713115e-07,0.002
1575,7.087188760306959e-07,0.002
1576,7.038503122066281e-07,0.002
1577,6.990188768614597e-07,0.002
1578,6.942242824502432e-07,0.002
1579,6.894660724526758e-07,0.002
1580,6.84743782989301e-07,0.002
1581,6.80057082704849e-07,0.002
1582,6.754056808175332e-07,0.002
1583,6.707892882629748e-07,0.002
1584,6.662076301413802e-07,0.002
1585,6.616604327746639e-07,0.002
1586,6.571474313922195e-07,0.002
1587,6.526683666475507e-07,0.002
1588,6.482229827376081e-07,0.002
1589,6.438110316801601e-07,0.002
1590,6.394322660070429e-07,0.002
1591,6.350864454849744e-07,0.002
1592,6.307733308420518e-07,0.002
1593,6.264926878293117e-07,0.002
1594,6.222442851238572e-07,0.002
1595,6.180278937785778e-07,0.002
1596,6.138432889394503e-07,0.002
1597,6.096902466030032e-07,0.002
1598,6.055685468656623e-07,0.002
1599,6.014779708273593e-07,0.002
1600,5.97418292482798e-07,0.002
1601,5.93389077237904e-07,0.002
1602,5.893898873240681e-07,0.002
1603,5.854204721937163e-07,0.002
1604,5.814805812810458e-07,0.002
1605,5.775699862780528e-07,0.002
1606,5.736884666691252e-07,0.002
1607,5.698358083841645e-07,0.002
1608,5.660118017752308e-07,0.002
1609,5.622162289875171e-07,0.002
1610,5.584488709184772e-07,0.002
1611,5.547094546864028e-07,0.002
1612,5.509977487112722e-07,0.002
1613,5.473135422450765e-07,0.002
1614,5.436565825803239e-07,0.002
1615,5.400264924344179e-07,0.002
1616,5.364230315211523e-07,0.002
1617,5.328459909508916e-07,0.002
1618,5.29295179060131e-07,0.002
1619,5.257703940135059e-07,0.002
1620,5.222713100260355e-07,0.002
1621,5.187976678428101e-07,0.002
1622,5.15349264430694e-07,0.002
1623,5.11925899349075e-07,0.002
1624,5.085273823665846e-07,0.002
1625,5.051535241960253e-07,0.002
1626,5.018041458575963e-07,0.002
1627,4.984790719744372e-07,0.002
1628,4.951781293416583e-07,0.002
1629,4.919010804649512e-07,0.002
1630,4.886476049792726e-07,0.002
1631,4.85417516585725e-07,0.002
1632,4.822106382477858e-07,0.002
1633,4.790267958179536e-07,0.002
1634,4.758658199411434e-07,0.002
1635,4.727275445718543e-07,0.002
1636,4.696118066546026e-07,0.002
1637,4.665184468843145e-07,0.002
1638,4.6344730797111095e-07,0.002
1639,4.6039823565789814e-07,0.002
1640,4.5737107789351247e-07,0.002
1641,4.54365684543975e-07,0.002
1642,4.513819079259102e-07,0.002
1643,4.484196017850357e-07,0.002
1644,4.4547862189496227e-07,0.002
1645,4.4255882561776065e-07,0.002
1646,4.396600716938903e-07,0.002
1647,4.3678222058209394e-07,0.002
1648,4.339251338450192e-07,0.002
1649,4.310886744903021e-07,0.002
1650,4.28272706723268e-07,0.002
1651,4.254770958071544e-07,0.002
1652,4.2270170827857664e-07,0.002
1653,4.1994641159084937e-07,0.002
1654,4.1721103041293364e-07,0.002
1655,4.144952984109945e-07,0.002
1656,4.117990644138141e-07,0.002
1657,4.0912218871224157e-07,0.002
1658,4.0646450778124934e-07,0.002
1659,4.0382575235293246e-07,0.002
1660,4.012057585679325e-07,0.002
1661,3.986043828530288e-07,0.002
1662,3.960214849583568e-07,0.002
1663,3.934569267946112e-07,0.002
1664,3.90910556165717e-07,0.002
1665,3.8838223905367225e-07,0.002
1666,3.858718465027372e-07,0.002
1667,3.83379250294925e-07,0.002
1668,3.8090430397155417e-07,0.002
1669,3.784467801812694e-07,0.002
1670,3.7600653610849954e-07,0.002
1671,3.7358344299116315e-07,0.002
1672,3.711773748701308e-07,0.002
1673,3.687882085823353e-07,0.002
1674,3.664158242613821e-07,0.002
1675,3.640601042858648e-07,0.002
1676,3.617209334308085e-07,0.002
1677,3.5939819837302937e-07,0.002
1678,3.570917872597128e-07,0.002
1679,3.5480159001736976e-07,0.002
1680,3.5252749783121103e-07,0.002
1681,3.50269403312968e-07,0.002
1682,3.480272004196702e-07,0.002
1683,3.4580078420799923e-07,0.002
1684,3.435900510919222e-07,0.002
1685,3.4139489857790776e-07,0.002
1686,3.392152253062231e-07,0.002
1687,3.370509309929488e-07,0.002
1688,3.3490191615955187e-07,0.002
1689,3.3276807514093515e-07,0.002
1690,3.3064920765526834e-07,0.002
1691,3.285451719349114e-07,0.002
1692,3.264558633425702e-07,0.002
1693,3.24381177043503e-07,0.002
1694,3.2232101033277225e-07,0.002
1695,3.202752640117801e-07,0.002
1696,3.1824383823625503e-07,0.002
1697,3.162266298296382e-07,0.002
1698,3.1422344380609215e-07,0.002
1699,3.122341396639993e-07,0.002
1700,3.1025862018189916e-07,0.002
1701,3.0829678164442616e-07,0.002
1702,3.0634852584521e-07,0.002
1703,3.0441375957962797e-07,0.002
1704,3.024923851126234e-07,0.002
1705,3.005843130490031e-07,0.002
1706,2.986894516556801e-07,0.002
1707,2.9680771064462614e-07,0.002
1708,2.949390043055817e-07,0.002
1709,2.9308324388184387e-07,0.002
1710,2.912403452879843e-07,0.002
1711,2.894102242482107e-07,0.002
1712,2.8759279637411955e-07,0.002
1713,2.857879806828605e-07,0.002
1714,2.8399569445880715e-07,0.002
1715,2.822158574254272e-07,0.002
1716,2.804483900407231e-07,0.002
1717,2.7869321236645316e-07,0.002
1718,2.7695024685786734e-07,0.002
1719,2.75219415215142e-07,0.002
1720,2.7350064035256455e-07,0.002
1721,2.717938461143161e-07,0.002
1722,2.7009893858606964e-07,0.002
1723,2.6841568465953795e-07,0.002
1724,2.6674395660879336e-07,0.002
1725,2.650836653121733e-07,0.002
1726,2.6343472428992483e-07,0.002
1727,2.6179704942910887e-07,0.002
1728,2.601705591414209e-07,0.002
1729,2.5855517355481073e-07,0.002
1730,2.569508142169598e-07,0.002
1731,2.5535740416981204e-07,0.002
1732,2.5377486777625276e-07,0.002
1733,2.52203130308852e-07,0.002
1734,2.5064206848236373e-07,0.002
1735,2.490915685282497e-07,0.002
1736,2.4755154597790225e-07,0.002
1737,2.4602192168126517e-07,0.002
1738,2.4450262375113943e-07,0.002
1739,2.429935854694677e-07,0.002
1740,2.4149474108315166e-07,0.002
1741,2.4000602276609404e-07,0.002
1742,2.385273605401215e-07,0.002
1743,2.3705868446957926e-07,0.002
1744,2.355999272330714e-07,0.002
1745,2.341510076802496e-07,0.002
1746,2.32711786107672e-07,0.002
1747,2.3128218480158103e-07,0.002
1748,2.2986213777689575e-07,0.002
1749,2.2845157681209195e-07,0.002
1750,2.270504356753764e-07,0.002
1751,2.2565864945737068e-07,0.002
1752,2.2427615365379595e-07,0.002
1753,2.229028875426379e-07,0.002
1754,2.2153879062200868e-07,0.002
1755,2.2018380344465472e-07,0.002
1756,2.188378675499575e-07,0.002
1757,2.1750091709971174e-07,0.002
1758,2.1617286401125248e-07,0.002
1759,2.1485358378462808e-07,0.002
1760,2.1354300997725365e-07,0.002
1761,2.12241083113473e-07,0.002
1762,2.1094774034248742e-07,0.002
1763,2.0966292543076563e-07,0.002
1764,2.08386580466625e-07,0.002
1765,2.071186473908972e-07,0.002
1766,2.0585907236701248e-07,0.002
1767,2.0460779923051182e-07,0.002
1768,2.0336477517573046e-07,0.002
1769,2.0212994850766877e-07,0.002
1770,2.0090326630365363e-07,0.002
1771,1.996846783804758e-07,0.002
1772,1.984741332825998e-07,0.002
1773,1.972715803845886e-07,0.002
1774,1.9607697079642052e-07,0.002
1775,1.948902549258917e-07,0.002
1776,1.937113851083449e-07,0.002
1777,1.9254031374714592e-07,0.002
1778,1.9137699311489923e-07,0.002
1779,1.902213766889408e-07,0.002
1780,1.8907341739525206e-07,0.002
1781,1.8793306901109555e-07,0.002
1782,1.86800285911004e-07,0.002
1783,1.8567501709397845e-07,0.002
1784,1.8455716807484974e-07,0.002
1785,1.8344667765755213e-07,0.002
1786,1.8234349715434487e-07,0.002
1787,1.8124757766981127e-07,0.002
1788,1.8015887216014892e-07,0.002
1789,1.7907733411750264e-07,0.002
1790,1.7800291749473688e-07,0.002
1791,1.7693557754206116e-07,0.002
1792,1.758752694051118e-07,0.002
1793,1.7482194907507486e-07,0.002
1794,1.7377557320665237e-07,0.002
1795,1.7273609860727125e-07,0.002
1796,1.717034696495591e-07,0.002
1797,1.7067759135871436e-07,0.002
1798,1.696584105582664e-07,0.002
1799,1.686458406429269e-07,0.002
1800,1.676397966401246e-07,0.002
1801,1.6664023115692482e-07,0.002
1802,1.656470982851154e-07,0.002
1803,1.646603472102021e-07,0.002
1804,1.6367993820895014e-07,0.002
1805,1.6270582572730452e-07,0.002
1806,1.6173796550115318e-07,0.002
1807,1.6077631845654565e-07,0.002
1808,1.5982084012958383e-07,0.002
1809,1.5887149164228444e-07,0.002
1810,1.5792823448076887e-07,0.002
1811,1.5699102803583556e-07,0.002
1812,1.560598363804248e-07,0.002
1813,1.551346209826252e-07,0.002
1814,1.5421534439578352e-07,0.002
1815,1.5330197154255656e-07,0.002
1816,1.5239446525267467e-07,0.002
1817,1.5149279096880817e-07,0.002
1818,1.505969140022376e-07,0.002
1819,1.4970679886909475e-07,0.002
1820,1.4882241208997948e-07,0.002
1821,1.47943719047014e-07,0.002
1822,1.4707068591981455e-07,0.002
1823,1.4620327988366327e-07,0.002
1824,1.4534146732516756e-07,0.002
1825,1.4448521588806333e-07,0.002
1826,1.4363449306312954e-07,0.002
1827,1.4278926620000137e-07,0.002
1828,1.4194950357773997e-07,0.002
1829,1.4111517303615666e-07,0.002
1830,1.402862429551671e-07,0.002
1831,1.3946268210397668e-07,0.002
1832,1.38644458998171e-07,0.002
1833,1.3783154278861456e-07,0.002
1834,1.3702390256678014e-07,0.002
1835,1.3622150754848893e-07,0.002
1836,1.354243274231096e-07,0.002
1837,1.3463231693097007e-07,0.002
1838,1.338454060920476e-07,0.002
1839,1.3306355811767852e-07,0.002
1840,1.322867401481372e-07,0.002
1841,1.315149184544788e-07,0.002
1842,1.307480605901525e-07,0.002
1843,1.299861354743379e-07,0.002
1844,1.2922911143026926e-07,0.002
1845,1.2847695829207874e-07,0.002
1846,1.2772964587819267e-07,0.002
1847,1.2698714401263605e-07,0.002
1848,1.262494236610067e-07,0.002
1849,1.2551645544579856e-07,0.002
1850,1.2478821063361766e-07,0.002
1851,1.2406466097560686e-07,0.002
1852,1.233457590643242e-07,0.002
1853,1.2263144911135235e-07,0.002
1854,1.2192170113870374e-07,0.002
1855,1.212164845145071e-07,0.002
1856,1.205157691335389e-07,0.002
1857,1.1981952215879553e-07,0.002
1858,1.1912768794113596e-07,0.002
1859,1.1844020380233293e-07,0.002
1860,1.1775703942675044e-07,0.002
1861,1.1707816372400156e-07,0.002
1862,1.164035451834036e-07,0.002
1863,1.1573315616803779e-07,0.002
1864,1.1506696704061864e-07,0.002
1865,1.1440494971322461e-07,0.002
1866,1.1374707784848625e-07,0.002
1867,1.130933236088576e-07,0.002
1868,1.1244366141114996e-07,0.002
1869,1.1179806576241364e-07,0.002
1870,1.1115651071320287e-07,0.002
1871,1.1051897210036093e-07,0.002
1872,1.0988542505233606e-07,0.002
1873,1.0925584519388632e-07,0.002
1874,1.0863020914552732e-07,0.002
1875,1.0800849291436989e-07,0.002
1876,1.0739067346590219e-07,0.002
1877,1.0677672800291756e-07,0.002
1878,1.0616663350702878e-07,0.002
1879,1.0556036781605201e-07,0.002
1880,1.0495790858404943e-07,0.002
1881,1.0435921814934023e-07,0.002
1882,1.0376424767450864e-07,0.002
1883,1.031729711325803e-07,0.002
1884,1.0258536546397886e-07,0.002
1885,1.0200140575455114e-07,0.002
1886,1.0142106881178267e-07,0.002
1887,1.0084433263824012e-07,0.002
1888,1.0027117406901877e-07,0.002
1889,9.970157184183874e-08,0.002
1890,9.913550444119296e-08,0.002
1891,9.857295006593051e-08,0.002
1892,9.801388832207373e-08,0.002
1893,9.745829812010043e-08,0.002
1894,9.690615887377715e-08,0.002
1895,9.635745068108964e-08,0.002
1896,9.581215309247332e-08,0.002
1897,9.527024648669127e-08,0.002
1898,9.473171138533028e-08,0.002
1899,9.419652779856405e-08,0.002
1900,9.366465586911625e-08,0.002
1901,9.313606024441715e-08,0.002
1902,9.261071497657647e-08,0.002
1903,9.208859527891762e-08,0.002
1904,9.156967942586071e-08,0.002
1905,9.105394891697757e-08,0.002
1906,9.054138688419607e-08,0.002
1907,9.003197586044821e-08,0.002
1908,8.952569677847118e-08,0.002
1909,8.90225292223573e-08,0.002
1910,8.852245264494043e-08,0.002
1911,8.802544773533601e-08,0.002
1912,8.753149678370437e-08,0.002
1913,8.704058321547694e-08,0.002
1914,8.655269066383925e-08,0.002
1915,8.606780213312292e-08,0.002
1916,8.558589992448683e-08,0.002
1917,8.510696607629396e-08,0.002
1918,8.463098297773701e-08,0.002
1919,8.41579338064274e-08,0.002
1920,8.36878024270817e-08,0.002
1921,8.32205730019217e-08,0.002
1922,8.275622958579806e-08,0.002
1923,8.229475590709825e-08,0.002
1924,8.183613079016756e-08,0.002
1925,8.13803112233438e-08,0.002
1926,8.09272740041364e-08,0.002
1927,8.04770013497385e-08,0.002
1928,8.002947548541062e-08,0.002
1929,7.958466575420018e-08,0.002
1930,7.914251646156535e-08,0.002
1931,7.870299870683484e-08,0.002
1932,7.826609146616194e-08,0.002
1933,7.7831775981001e-08,0.002
1934,7.740003259146956e-08,0.002
1935,7.69708429167883e-08,0.002
1936,7.654418980078591e-08,0.002
1937,7.61200555088432e-08,0.002
1938,7.569842372226692e-08,0.002
1939,7.527927840715955e-08,0.002
1940,7.486260331446214e-08,0.002
1941,7.44483833389727e-08,0.002
1942,7.403660324310532e-08,0.002
1943,7.362724805009837e-08,0.002
1944,7.32203035949997e-08,0.002
1945,7.281575549893652e-08,0.002
1946,7.24135898534067e-08,0.002
1947,7.201379313052879e-08,0.002
1948,7.161635164041261e-08,0.002
1949,7.122125218773663e-08,0.002
1950,7.082848169305565e-08,0.002
1951,7.043802709062137e-08,0.002
1952,7.004987573042083e-08,0.002
1953,6.96640149386612e-08,0.002
1954,6.92804321697591e-08,0.002
1955,6.889911513675321e-08,0.002
1956,6.852005150139348e-08,0.002
1957,6.814322912491372e-08,0.002
1958,6.776863600790912e-08,0.002
1959,6.739626014603943e-08,0.002
1960,6.702608973168383e-08,0.002
1961,6.6658113002001e-08,0.002
1962,6.629231823440261e-08,0.002
1963,6.592869385852449e-08,0.002
1964,6.556722831617601e-08,0.002
1965,6.520791013713538e-08,0.002
1966,6.485072795872109e-08,0.002
1967,6.449566964874324e-08,0.002
1968,6.414272004905637e-08,0.002
1969,6.379186710439095e-08,0.002
1970,6.344309928020134e-08,0.002
1971,6.309640506027396e-08,0.002
1972,6.275177312396453e-08,0.002
1973,6.240919220135041e-08,0.002
1974,6.206865110345002e-08,0.002
1975,6.173013878539267e-08,0.002
1976,6.13936442208233e-08,0.002
1977,6.105915648167409e-08,0.002
1978,6.072666473394824e-08,0.002
1979,6.039615817596592e-08,0.002
1980,6.006762611557624e-08,0.002
1981,5.974105776766607e-08,0.002
1982,5.941642904319883e-08,0.002
1983,5.9093718458372034e-08,0.002
1984,5.877291390101762e-08,0.002
1985,5.845400378188019e-08,0.002
1986,5.813697602758031e-08,0.002
1987,5.782181955744328e-08,0.002
1988,5.750852335506761e-08,0.002
1989,5.7197076270755276e-08,0.002
1990,5.6887467864540376e-08,0.002
1991,5.657968744605292e-08,0.002
1992,5.6273724475361504e-08,0.002
1993,5.596956885771558e-08,0.002
1994,5.566721027105501e-08,0.002
1995,5.536663871179265e-08,0.002
1996,5.506784434584916e-08,0.002
1997,5.477081719448267e-08,0.002
1998,5.4475547601134924e-08,0.002
1999,5.4182025928705095e-08,0.002
2000,5.3890236022749985e-08,0.002
2001,5.3600151694478166e-08,0.002
2002,5.3311760479247586e-08,0.002
2003,5.3025052269882885e-08,0.002
2004,5.274001616250593e-08,0.002
2005,5.245664169069871e-08,0.002
2006,5.217491935533218e-08,0.002
2007,5.189483882679747e-08,0.002
2008,5.1616390480373404e-08,0.002
2009,5.133956501323028e-08,0.002
2010,5.1064352668193944e-08,0.002
2011,5.079074448924778e-08,0.002
2012,5.051873147846975e-08,0.002
2013,5.024830451007458e-08,0.002
2014,4.9979455029199565e-08,0.002
2015,4.9712174224147236e-08,0.002
2016,4.9446453394178184e-08,0.002
2017,4.9182284188155764e-08,0.002
2018,4.8919658038622e-08,0.002
2019,4.865855743183014e-08,0.002
2020,4.839896361658511e-08,0.002
2021,4.8140867320247786e-08,0.002
2022,4.788425912655356e-08,0.002
2023,4.762912975351896e-08,0.002
2024,4.737547056867663e-08,0.002
2025,4.7123272711421515e-08,0.002
2026,4.68725276251073e-08,0.002
2027,4.662322710595055e-08,0.002
2028,4.637536276950523e-08,0.002
2029,4.612892658254037e-08,0.002
2030,4.588391063950751e-08,0.002
2031,4.564030694828322e-08,0.002
2032,4.539810782606586e-08,0.002
2033,4.5157305593924415e-08,0.002
2034,4.4917892597639585e-08,0.002
2035,4.4679861424628045e-08,0.002
2036,4.444320462602928e-08,0.002
2037,4.420791484731697e-08,0.002
2038,4.397398488062219e-08,0.002
2039,4.3741405926086414e-08,0.002
2040,4.351015830128593e-08,0.002
2041,4.328023102585931e-08,0.002
2042,4.3051616114888046e-08,0.002
2043,4.282430527694393e-08,0.002
2044,4.259829065822601e-08,0.002
2045,4.237356474809704e-08,0.002
2046,4.21501198578225e-08,0.002
2047,4.19279487283869e-08,0.002
2048,4.1707044185816653e-08,0.002
2049,4.1487398977439924e-08,0.002
2050,4.126900619839422e-08,0.002
2051,4.1051858916598324e-08,0.002
2052,4.0835950242303866e-08,0.002
2053,4.062127353801788e-08,0.002
2054,4.0407822103473045e-08,0.002
2055,4.0195589349704126e-08,0.002
2056,3.998456884422705e-08,0.002
2057,3.977475411322635e-08,0.002
2058,3.956613882817671e-08,0.002
2059,3.935871674172399e-08,0.002
2060,3.9152481591454166e-08,0.002
2061,3.8947427238907534e-08,0.002
2062,3.8743547564800217e-08,0.002
2063,3.854083646224282e-08,0.002
2064,3.833928792398334e-08,0.002
2065,3.8138895947667785e-08,0.002
2066,3.7939654576436635e-08,0.002
2067,3.774155792733936e-08,0.002
2068,3.754460011968074e-08,0.002
2069,3.73487753264402e-08,0.002
2070,3.715407776390305e-08,0.002
2071,3.696050165499176e-08,0.002
2072,3.676804127586927e-08,0.002
2073,3.657669092840792e-08,0.002
2074,3.6386444932066666e-08,0.002
2075,3.6197297653072006e-08,0.002
2076,3.6009243474450216e-08,0.002
2077,3.582227680542798e-08,0.002
2078,3.56363920938002e-08,0.002
2079,3.545158380340209e-08,0.002
2080,3.526784642995038e-08,0.002
2081,3.508517449937061e-08,0.002
2082,3.4903562554607057e-08,0.002
2083,3.4723005169853794e-08,0.002
2084,3.454349694233632e-08,0.002
2085,3.436503064019238e-08,0.002
2086,3.418758876813585e-08,0.002
2087,3.401116032715033e-08,0.002
2088,3.383573797058821e-08,0.002
2089,3.3661314826586796e-08,0.002
2090,3.348788454629839e-08,0.002
2091,3.3315441215681656e-08,0.002
2092,3.314397858791852e-08,0.002
2093,3.297349088676457e-08,0.002
2094,3.28039724066163e-08,0.002
2095,3.2635417257275866e-08,0.002
2096,3.246781999011439e-08,0.002
2097,3.230117513820038e-08,0.002
2098,3.213547724271756e-08,0.002
2099,3.197072116563558e-08,0.002
2100,3.1806901652502004e-08,0.002
2101,3.1644013514753525e-08,0.002
2102,3.1482047874160106e-08,0.002
2103,3.132099123995253e-08,0.002
2104,3.116083745443188e-08,0.002
2105,3.1001580838544036e-08,0.002
2106,3.0843215805138836e-08,0.002
2107,3.068573697063065e-08,0.002
2108,3.052913913399964e-08,0.002
2109,3.037341711593829e-08,0.002
2110,3.02185658781676e-08,0.002
2111,3.006458049312033e-08,0.002
2112,2.99114560868261e-08,0.002
2113,2.975918793148524e-08,0.002
2114,2.9607771364090018e-08,0.002
2115,2.9457201682318674e-08,0.002
2116,2.9307467186032972e-08,0.002
2117,2.9158556816489635e-08,0.002
2118,2.901046355497448e-08,0.002
2119,2.886318061339879e-08,0.002
2120,2.8716702179222887e-08,0.002
2121,2.8571020634506092e-08,0.002
2122,2.8426124836831106e-08,0.002
2123,2.8282009826734657e-08,0.002
2124,2.8138670742619383e-08,0.002
2125,2.7996101902975795e-08,0.002
2126,2.785429759860486e-08,0.002
2127,2.771325257483203e-08,0.002
2128,2.757296190230917e-08,0.002
2129,2.743342138280478e-08,0.002
2130,2.7294627182667027e-08,0.002
2131,2.7156575305110035e-08,0.002
2132,2.7019261711360546e-08,0.002
2133,2.6882682135409785e-08,0.002
2134,2.674683217210938e-08,0.002
2135,2.661170769378115e-08,0.002
2136,2.647730478651613e-08,0.002
2137,2.6343619762525256e-08,0.002
2138,2.621064916808619e-08,0.002
2139,2.607838948649838e-08,0.002
2140,2.594683711722444e-08,0.002
2141,2.581598842668645e-08,0.002
2142,2.5685839707970725e-08,0.002
2143,2.5556387349840325e-08,0.002
2144,2.5427627891660782e-08,0.002
2145,2.529955795081979e-08,0.002
2146,2.517217424408387e-08,0.002
2147,2.5045473500195758e-08,0.002
2148,2.4919452390699467e-08,0.002
2149,2.479410758543063e-08,0.002
2150,2.466943574787561e-08,0.002
2151,2.454543356721682e-08,0.002
2152,2.4422097814647463e-08,0.002
2153,2.42994253058953e-08,0.002
2154,2.4177412888169672e-08,0.002
2155,2.4056057431134558e-08,0.002
2156,2.393535578526258e-08,0.002
2157,2.3815304799341382e-08,0.002
2158,2.3695901338556664e-08,0.002
2159,2.3577142283126568e-08,0.002
2160,2.345902455240875e-08,0.002
2161,2.334154509837769e-08,0.002
2162,2.3224700886124952e-08,0.002
2163,2.3108488895414286e-08,0.002
2164,2.2992906107633862e-08,0.002
2165,2.2877949505111305e-08,0.002
2166,2.276361608642867e-08,0.002
2167,2.2649902865753232e-08,0.002
2168,2.2536806877744307e-08,0.002
2169,2.2424325180113768e-08,0.002
2170,2.2312454842354e-08,0.002
2171,2.2201192944291543e-08,0.002
2172,2.209053657474536e-08,0.002
2173,2.1980482828427303e-08,0.002
2174,2.1871025776745256e-08,0.002
2175,2.1762157404084817e-08,0.002
2176,2.165387411002674e-08,0.002
2177,2.1546172621358398e-08,0.002
2178,2.143904942371099e-08,0.002
2179,2.1332501308338812e-08,0.002
2180,2.1226525208796222e-08,0.002
2181,2.1121117903241414e-08,0.002
2182,2.1016276425997734e-08,0.002
2183,2.0911997811468924e-08,0.002
2184,2.0808279014887858e-08,0.002
2185,2.0705116580625114e-08,0.002
2186,2.0602501004082258e-08,0.002
2187,2.0500426938785642e-08,0.002
2188,2.039889089844293e-08,0.002
2189,2.029788950913833e-08,0.002
2190,2.0197419427709714e-08,0.002
2191,2.009747752907206e-08,0.002
2192,1.9998060796171836e-08,0.002
2193,1.9899166258439624e-08,0.002
2194,1.980079107998561e-08,0.002
2195,1.970293243850988e-08,0.002
2196,1.9605587526964218e-08,0.002
2197,1.9508753628671827e-08,0.002
2198,1.941242804366513e-08,0.002
2199,1.9316608126035023e-08,0.002
2200,1.9221291314970086e-08,0.002
2201,1.9126475064696063e-08,0.002
2202,1.9032156873386225e-08,0.002
2203,1.8938334283196725e-08,0.002
2204,1.8845004837417875e-08,0.002
2205,1.8752166118656254e-08,0.002
2206,1.8659815743148145e-08,0.002
2207,1.8567951338927845e-08,0.002
2208,1.8476570572892662e-08,0.002
2209,1.8385671131903214e-08,0.002
2210,1.8295250710333e-08,0.002
2211,1.8205307029068965e-08,0.002
2212,1.811583781999333e-08,0.002
2213,1.8026840827800507e-08,0.002
2214,1.7938313823891887e-08,0.002
2215,1.7850254592059542e-08,0.002
2216,1.7762660931608964e-08,0.002
2217,1.767553066058563e-08,0.002
2218,1.7588861602954056e-08,0.002
2219,1.7502651594299332e-08,0.002
2220,1.7416898483174063e-08,0.002
2221,1.733160012034794e-08,0.002
2222,1.7246753341787644e-08,0.002
2223,1.7162355039332586e-08,0.002
2224,1.7078402934068688e-08,0.002
2225,1.6994894813328696e-08,0.002
2226,1.691182842797385e-08,0.002
2227,1.6829201598556976e-08,0.002
2228,1.6747012179955625e-08,0.002
2229,1.666525800451931e-08,0.002
2230,1.6583936962327705e-08,0.002
2231,1.6503046952250308e-08,0.002
2232,1.6422585864375597e-08,0.002
2233,1.6342551635624772e-08,0.002
2234,1.6262942201845866e-08,0.002
2235,1.618375550349558e-08,0.002
2236,1.6104989517595583e-08,0.002
2237,1.602664221809784e-08,0.002
2238,1.5948711593401544e-08,0.002
2239,1.587119565972406e-08,0.002
2240,1.579409243207178e-08,0.002
2241,1.5717399943634824e-08,0.002
2242,1.5641116245493903e-08,0.002
2243,1.5565236562614917e-08,0.002
2244,1.548975526484909e-08,0.002
2245,1.5414670034451027e-08,0.002
2246,1.5339978679263044e-08,0.002
2247,1.5265678735296393e-08,0.002
2248,1.5191768109627504e-08,0.002
2249,1.5118244711446413e-08,0.002
2250,1.504510630114231e-08,0.002
2251,1.497235092907361e-08,0.002
2252,1.4899976576703127e-08,0.002
2253,1.482798116876246e-08,0.002
2254,1.4756360356278282e-08,0.002
2255,1.4685109288731281e-08,0.002
2256,1.4614225672809189e-08,0.002
2257,1.4543707232393536e-08,0.002
2258,1.4473551756705212e-08,0.002
2259,1.4403757146887434e-08,0.002
2260,1.4334321355715757e-08,0.002
2261,1.4265242412884237e-08,0.002
2262,1.4196518422488262e-08,0.002
2263,1.4128147503922121e-08,0.002
2264,1.4060127812717378e-08,0.002
2265,1.3992457535611163e-08,0.002
2266,1.3925134863204418e-08,0.002
2267,1.3858158020413517e-08,0.002
2268,1.3791525262724821e-08,0.002
2269,1.3725234862093387e-08,0.002
2270,1.365928512834369e-08,0.002
2271,1.3593674397908277e-08,0.002
2272,1.3528401024359876e-08,0.002
2273,1.3463463391377888e-08,0.002
2274,1.339885989958968e-08,0.002
2275,1.3334588961625713e-08,0.002
2276,1.3270649009776202e-08,0.002
2277,1.3207038484693992e-08,0.002
2278,1.3143755835937732e-08,0.002
2279,1.3080799528473997e-08,0.002
2280,1.301816803623413e-08,0.002
2281,1.295585984609737e-08,0.002
2282,1.2893873461308928e-08,0.002
2283,1.2832207395337357e-08,0.002
2284,1.2770860173756134e-08,0.002
2285,1.2709830333387006e-08,0.002
2286,1.264911641691084e-08,0.002
2287,1.2588716975130008e-08,0.002
2288,1.252863056638391e-08,0.002
2289,1.2468855754624046e-08,0.002
2290,1.240939111247681e-08,0.002
2291,1.2350235220559839e-08,0.002
2292,1.2291386666351106e-08,0.002
2293,1.2232844045891636e-08,0.002
2294,1.2174605962137177e-08,0.002
2295,1.2116671024173933e-08,0.002
2296,1.2059037848193373e-08,0.002
2297,1.2001705056042283e-08,0.002
2298,1.1944671275170604e-08,0.002
2299,1.1887935139277809e-08,0.002
2300,1.1831495287308742e-08,0.002
2301,1.1775350363784352e-08,0.002
2302,1.1719498565059605e-08,0.002
2303,1.166393442929235e-08,0.002
2304,1.1608655101784486e-08,0.002
2305,1.155365895874578e-08,0.002
2306,1.149894430981767e-08,0.002
2307,1.144450941156191e-08,0.002
2308,1.1390352805018786e-08,0.002
2309,1.1336472940082752e-08,0.002
2310,1.1282868255268869e-08,0.002
2311,1.1229537368069942e-08,0.002
2312,1.1176478794818163e-08,0.002
2313,1.112369108264803e-08,0.002
2314,1.1071172907831307e-08,0.002
2315,1.1018922873569734e-08,0.002
2316,1.0966939637493743e-08,0.002
2317,1.0915221932329865e-08,0.002
2318,1.0863768425334879e-08,0.002
2319,1.0812577834587424e-08,0.002
2320,1.0761648916652641e-08,0.002
2321,1.0710980386274893e-08,0.002
2322,1.0660571014024206e-08,0.002
2323,1.0610419591871773e-08,0.002
2324,1.0560524887394416e-08,0.002
2325,1.0510885713225111e-08,0.002
2326,1.0461500884353825e-08,0.002
2327,1.0412369201351166e-08,0.002
2328,1.036348950102159e-08,0.002
2329,1.0314860618189535e-08,0.002
2330,1.0266481386511006e-08,0.002
2331,1.021835066916947e-08,0.002
2332,1.017046732427351e-08,0.002
2333,1.0122830213256518e-08,0.002
2334,1.0075438217015787e-08,0.002
2335,1.002829021029285e-08,0.002
2336,9.981385075374716e-09,0.002
2337,9.934721709118348e-09,0.002
2338,9.888299005003948e-09,0.002
2339,9.842115866186976e-09,0.002
2340,9.796171205164795e-09,0.002
2341,9.750463932078738e-09,0.002
2342,9.704992966223748e-09,0.002
2343,9.659757232836887e-09,0.002
2344,9.614755172349025e-09,0.002
2345,9.569983081164254e-09,0.002
2346,9.525439175617586e-09,0.002
2347,9.481122185103478e-09,0.002
2348,9.437030811544791e-09,0.002
2349,9.393163737024633e-09,0.002
2350,9.34951979938045e-09,0.002
2351,9.306097808194826e-09,0.002
2352,9.262896580528941e-09,0.002
2353,9.219915032378974e-09,0.002
2354,9.177152033407574e-09,0.002
2355,9.134606467194621e-09,0.002
2356,9.092277278736393e-09,0.002
2357,9.050163374649142e-09,0.002
2358,9.008263689788928e-09,0.002
2359,8.96657720071724e-09,0.002
2360,8.925102858331081e-09,0.002
2361,8.883839646759915e-09,0.002
2362,8.842786575714053e-09,0.002
2363,8.801942639213294e-09,0.002
2364,8.761306862486279e-09,0.002
2365,8.720878282727365e-09,0.002
2366,8.680655926346819e-09,0.002
2367,8.640638843590231e-09,0.002
2368,8.600826087030157e-09,0.002
2369,8.561216704576275e-09,0.002
2370,8.521809764912596e-09,0.002
2371,8.4826043383035e-09,0.002
2372,8.443599353799068e-09,0.002
2373,8.40479299689505e-09,0.002
2374,8.366184083009536e-09,0.002
2375,8.327771633762265e-09,0.002
2376,8.289554683171077e-09,0.002
2377,8.251532244778238e-09,0.002
2378,8.213703393933646e-09,0.002
2379,8.17606720695816e-09,0.002
2380,8.138622749979162e-09,0.002
2381,8.101369130483827e-09,0.002
2382,8.064305444809237e-09,0.002
2383,8.027430786100598e-09,0.002
2384,7.990744277871764e-09,0.002
2385,7.954245034382106e-09,0.002
2386,7.917931721391226e-09,0.002
2387,7.881801075504547e-09,0.002
2388,7.845851533897925e-09,0.002
2389,7.810082101318608e-09,0.002
2390,7.774491735578928e-09,0.002
2391,7.739079320402533e-09,0.002
2392,7.703843961623105e-09,0.002
2393,7.668784706286348e-09,0.002
2394,7.633900564332158e-09,0.002
2395,7.599190694164593e-09,0.002
2396,7.564654183657003e-09,0.002
2397,7.530290111076268e-09,0.002
2398,7.496097661979423e-09,0.002
2399,7.462075965890377e-09,0.002
2400,7.428224167040256e-09,0.002
2401,7.394541484174214e-09,0.002
2402,7.3610270882963754e-09,0.002
2403,7.3276801716004305e-09,0.002
2404,7.2944999731328325e-09,0.002
2405,7.261485694677173e-09,0.002
2406,7.2286365636862075e-09,0.002
2407,7.195951836683997e-09,0.002
2408,7.163430742614845e-09,0.002
2409,7.131072534531211e-09,0.002
2410,7.098876480686878e-09,0.002
2411,7.0668418301628934e-09,0.002
2412,7.034967854929949e-09,0.002
2413,7.003253835737686e-09,0.002
2414,6.971699042861243e-09,0.002
2415,6.9403027667338424e-09,0.002
2416,6.9090643008910016e-09,0.002
2417,6.8779829324306465e-09,0.002
2418,6.847057963749913e-09,0.002
2419,6.816288697016007e-09,0.002
2420,6.785673687493154e-09,0.002
2421,6.755209547843688e-09,0.002
2422,6.724894591238376e-09,0.002
2423,6.6947271325051594e-09,0.002
2424,6.664705650596515e-09,0.002
2425,6.634829018526779e-09,0.002
2426,6.605096506236996e-09,0.002
2427,6.575507635724502e-09,0.002
2428,6.546061971136239e-09,0.002
2429,6.516758926316679e-09,0.002
2430,6.48759770186857e-09,0.002
2431,6.458577341330654e-09,0.002
2432,6.429696845711388e-09,0.002
2433,6.400955305088399e-09,0.002
2434,6.3723519700661555e-09,0.002
2435,6.343886237665129e-09,0.002
2436,6.315557589120444e-09,0.002
2437,6.287365503746644e-09,0.002
2438,6.25930939283068e-09,0.002
2439,6.2313885887231736e-09,0.002
2440,6.203601284053005e-09,0.002
2441,6.175944905265461e-09,0.002
2442,6.148418598413981e-09,0.002
2443,6.121021706003054e-09,0.002
2444,6.0937534027779924e-09,0.002
2445,6.066612979543125e-09,0.002
2446,6.039599796754177e-09,0.002
2447,6.012712550659921e-09,0.002
2448,5.98594930270201e-09,0.002
2449,5.959309103667627e-09,0.002
2450,5.932791133266591e-09,0.002
2451,5.906394713479391e-09,0.002
2452,5.880119082571813e-09,0.002
2453,5.853963565344563e-09,0.002
2454,5.8279275716506214e-09,0.002
2455,5.802010429319668e-09,0.002
2456,5.776211520445103e-09,0.002
2457,5.750530274390622e-09,0.002
2458,5.7249660649839036e-09,0.002
2459,5.699518322855034e-09,0.002
2460,5.674186517340884e-09,0.002
2461,5.648970082650475e-09,0.002
2462,5.623868496396888e-09,0.002
2463,5.598881252560158e-09,0.002
2464,5.574007814028699e-09,0.002
2465,5.549247675752168e-09,0.002
2466,5.524600343392849e-09,0.002
2467,5.500065307740968e-09,0.002
2468,5.475642091805642e-09,0.002
2469,5.45133022747431e-09,0.002
2470,5.427129237060316e-09,0.002
2471,5.403038663905228e-09,0.002
2472,5.3790580504463e-09,0.002
2473,5.355186929675862e-09,0.002
2474,5.331424849715413e-09,0.002
2475,5.3077713585705335e-09,0.002
2476,5.284226002668844e-09,0.002
2477,5.260788343920593e-09,0.002
2478,5.237457945482759e-09,0.002
2479,5.2142343706992906e-09,0.002
2480,5.191117192699391e-09,0.002
2481,5.1681059823237684e-09,0.002
2482,5.145200309589794e-09,0.002
2483,5.122399751006386e-09,0.002
2484,5.099703881726025e-09,0.002
2485,5.077112278791691e-09,0.002
2486,5.054624525767954e-09,0.002
2487,5.032240206234643e-09,0.002
2488,5.009958906226777e-09,0.002
2489,4.987780216059594e-09,0.002
2490,4.965703725296236e-09,0.002
2491,4.9437290252230935e-09,0.002
2492,4.921855710026636e-09,0.002
2493,4.900083373643416e-09,0.002
2494,4.878411612342917e-09,0.002
2495,4.856840025079645e-09,0.002
2496,4.835368211225498e-09,0.002
2497,4.813995772450996e-09,0.002
2498,4.792722312370338e-09,0.002
2499,4.77154743502257e-09,0.002
2500,4.750470746408208e-09,0.002
2501,4.729491854080604e-09,0.002
2502,4.7086103663388785e-09,0.002
2503,4.687825893440033e-09,0.002
2504,4.667138047089201e-09,0.002
2505,4.646546439914199e-09,0.002
2506,4.6260506863026525e-09,0.002
2507,4.605650401853034e-09,0.002
2508,4.58534520314661e-09,0.002
2509,4.565134708397953e-09,0.002
2510,4.5450185369852855e-09,0.002
2511,4.524996309465119e-09,0.002
2512,4.5050676479480285e-09,0.002
2513,4.485232175705614e-09,0.002
2514,4.465489517187782e-09,0.002
2515,4.4458392982518016e-09,0.002
2516,4.4262811458256915e-09,0.002
2517,4.4068146880346255e-09,0.002
2518,4.3874395543320484e-09,0.002
2519,4.368155375289435e-09,0.002
2520,4.348961782734098e-09,0.002
2521,4.329858409795566e-09,0.002
2522,4.310844890747675e-09,0.002
2523,4.291920861084267e-09,0.002
2524,4.273085957530557e-09,0.002
2525,4.2543398179278555e-09,0.002
2526,4.2356820813158696e-09,0.002
2527,4.217112387936995e-09,0.002
2528,4.198630379167168e-09,0.002
2529,4.180235697609583e-09,0.002
2530,4.1619279870474126e-09,0.002
2531,4.143706892407071e-09,0.002
2532,4.125572059831808e-09,0.002
2533,4.107523136594704e-09,0.002
2534,4.089559771134246e-09,0.002
2535,4.071681613044063e-09,0.002
2536,4.053888313073181e-09,0.002
2537,4.036179523116874e-09,0.002
2538,4.018554896227483e-09,0.002
2539,4.00101408661171e-09,0.002
2540,3.983556749610837e-09,0.002
2541,3.966182541711529e-09,0.002
2542,3.948891120543421e-09,0.002
2543,3.931682144862266e-09,0.002
2544,3.91455527456896e-09,0.002
2545,3.897510170679755e-09,0.002
2546,3.880546495353581e-09,0.002
2547,3.863663911868152e-09,0.002
2548,3.8468620846256675e-09,0.002
2549,3.830140679146568e-09,0.002
2550,3.813499362076677e-09,0.002
2551,3.796937801166605e-09,0.002
2552,3.780455611713305e-09,0.002
2553,3.764052034831009e-09,0.002
2554,3.747726597664684e-09,0.002
2555,3.731478931948376e-09,0.002
2556,3.7153086667381937e-09,0.002
2557,3.699215431213095e-09,0.002
2558,3.683198875205373e-09,0.002
2559,3.667258646979533e-09,0.002
2560,3.6513943984047184e-09,0.002
2561,3.6356057948699395e-09,0.002
2562,3.6198924972846737e-09,0.002
2563,3.604254169384609e-09,0.002
2564,3.5886904488994677e-09,0.002
2565,3.5732000524881717e-09,0.002
2566,3.5577820689585283e-09,0.002
2567,3.542436054188847e-09,0.002
2568,3.5271616063962437e-09,0.002
2569,3.5119582849856083e-09,0.002
2570,3.4968256719266494e-09,0.002
2571,3.4817626157186623e-09,0.002
2572,3.4667683213592165e-09,0.002
2573,3.4518423465343468e-09,0.002
2574,3.4369842574175047e-09,0.002
2575,3.4221936300800198e-09,0.002
2576,3.4074700578729777e-09,0.002
2577,3.3928131521321848e-09,0.002
2578,3.3782225432506416e-09,0.002
2579,3.363697882458872e-09,0.002
2580,3.349238836840927e-09,0.002
2581,3.334845084916354e-09,0.002
2582,3.320516314026669e-09,0.002
2583,3.3062522153135224e-09,0.002
2584,3.2920524820385613e-09,0.002
2585,3.2779168108180968e-09,0.002
2586,3.2638449017244822e-09,0.002
2587,3.2498364602328224e-09,0.002
2588,3.235891199503375e-09,0.002
2589,3.2220088399444324e-09,0.002
2590,3.2081891089121957e-09,0.002
2591,3.1944317398598078e-09,0.002
2592,3.1807364699379715e-09,0.002
2593,3.167103038683476e-09,0.002
2594,3.1535311874393153e-09,0.002
2595,3.1400206585343606e-09,0.002
2596,3.1265711958268766e-09,0.002
2597,3.1131825454541386e-09,0.002
2598,3.0998544560122345e-09,0.002
2599,3.0865866790631368e-09,0.002
2600,3.0733789692104166e-09,0.002
2601,3.0602310835001467e-09,0.002
2602,3.0471427811278346e-09,0.002
2603,3.034113822989586e-09,0.002
2604,3.021143971122404e-09,0.002
2605,3.0082329886410353e-09,0.002
2606,2.9953806397249753e-09,0.002
2607,2.982586689552546e-09,0.002
2608,2.9698509045549957e-09,0.002
2609,2.95717305251644e-09,0.002
2610,2.9445529025478476e-09,0.002
2611,2.93199022517038e-09,0.002
2612,2.9194847922028258e-09,0.002
2613,2.907036321810463e-09,0.002
2614,2.8946436140820776e-09,0.002
2615,2.8823059281204174e-09,0.002
2616,2.870022949013612e-09,0.002
2617,2.857794378483501e-09,0.002
2618,2.845619864126316e-09,0.002
2619,2.8334991325624486e-09,0.002
2620,2.82143192305704e-09,0.002
2621,2.8094179350633108e-09,0.002
2622,2.797456921793325e-09,0.002
2623,2.7855486373589665e-09,0.002
2624,2.773692804988883e-09,0.002
2625,2.761889188664105e-09,0.002
2626,2.7501375541333485e-09,0.002
2627,2.738437649747383e-09,0.002
2628,2.7267892571269203e-09,0.002
2629,2.715192158030775e-09,0.002
2630,2.703646121084505e-09,0.002
2631,2.6921509374010983e-09,0.002
2632,2.6807063950839577e-09,0.002
2633,2.66931227304831e-09,0.002
2634,2.6579683678272787e-09,0.002
2635,2.646674474347314e-09,0.002
2636,2.6354303830821493e-09,0.002
2637,2.624235898265135e-09,0.002
2638,2.613090822012616e-09,0.002
2639,2.601994953051385e-09,0.002
2640,2.590948099458697e-09,0.002
2641,2.5799500668210995e-09,0.002
2642,2.569000659015292e-09,0.002
2643,2.558099687415969e-09,0.002
2644,2.5472469619068382e-09,0.002
2645,2.5364422920930805e-09,0.002
2646,2.525685493133767e-09,0.002
2647,2.5149763786431433e-09,0.002
2648,2.5043147620969232e-09,0.002
2649,2.493700460804727e-09,0.002
2650,2.4831332908221276e-09,0.002
2651,2.4726130686810237e-09,0.002
2652,2.4621396140524708e-09,0.002
2653,2.4517127459036002e-09,0.002
2654,2.4413322839674433e-09,0.002
2655,2.430998050256788e-09,0.002
2656,2.4207098661398534e-09,0.002
2657,2.4104675536811e-09,0.002
2658,2.400270936607306e-09,0.002
2659,2.3901198382798785e-09,0.002
2660,2.3800140829526852e-09,0.002
2661,2.369953496265532e-09,0.002
2662,2.3599379037672342e-09,0.002
2663,2.3499671318724657e-09,0.002
2664,2.340041008034533e-09,0.002
2665,2.330159359682505e-09,0.002
2666,2.320322015037629e-09,0.002
2667,2.31052880315751e-09,0.002
2668,2.300779553252222e-09,0.002
2669,2.2910740953493095e-09,0.002
2670,2.2814122601966874e-09,0.002
2671,2.271793878823035e-09,0.002
2672,2.2622187829981257e-09,0.002
2673,2.252686805102868e-09,0.002
2674,2.2431977778180385e-09,0.002
2675,2.233751534537509e-09,0.002
2676,2.224347909203026e-09,0.002
2677,2.214986736154539e-09,0.002
2678,2.205667850397277e-09,0.002
2679,2.1963910874795883e-09,0.002
2680,2.187156283362373e-09,0.002
2681,2.177963274645437e-09,0.002
2682,2.1688118984122565e-09,0.002
2683,2.159701992198891e-09,0.002
2684,2.150633394142647e-09,0.002
2685,2.1416059428554214e-09,0.002
2686,2.1326194774403e-09,0.002
2687,2.1236738375721845e-09,0.002
2688,2.114768863400738e-09,0.002
2689,2.1059043955660357e-09,0.002
2690,2.0970802752534403e-09,0.002
2691,2.0882963441209226e-09,0.002
2692,2.0795524443185772e-09,0.002
2693,2.0708484185279057e-09,0.002
2694,2.0621841099036127e-09,0.002
2695,2.0535593621075418e-09,0.002
2696,2.044974019308558e-09,0.002
2697,2.036427926155124e-09,0.002
2698,2.027920927792423e-09,0.002
2699,2.019452869860646e-09,0.002
2700,2.011023598496259e-09,0.002
2701,2.0026329602995412e-09,0.002
2702,1.9942808023915964e-09,0.002
2703,1.9859669723559827e-09,0.002
2704,1.9776913182798098e-09,0.002
2705,1.969453688727813e-09,0.002
2706,1.961253932740729e-09,0.002
2707,1.9530918998582917e-09,0.002
2708,1.9449674400903032e-09,0.002
2709,1.93688040392355e-09,0.002
2710,1.928830642335495e-09,0.002
2711,1.920818006771317e-09,0.002
2712,1.9128423491600842e-09,0.002
2713,1.9049035219046577e-09,0.002
2714,1.89700137788392e-09,0.002
2715,1.889135770446432e-09,0.002
2716,1.8813063436280256e-09,0.002
2717,1.8735124862025327e-09,0.002
2718,1.8657539766403435e-09,0.002
2719,1.8580306322501275e-09,0.002
2720,1.8503422474736673e-09,0.002
2721,1.8426886339034054e-09,0.002
2722,1.8350696278231245e-09,0.002
2723,1.8274850510940904e-09,0.002
2724,1.8199347406865628e-09,0.002
2725,1.8124185463122905e-09,0.002
2726,1.8049363032726431e-09,0.002
2727,1.7974878567690012e-09,0.002
2728,1.7900730575648522e-09,0.002
2729,1.7826917462206903e-09,0.002
2730,1.7753437732920635e-09,0.002
2731,1.768028993825815e-09,0.002
2732,1.7607472578409163e-09,0.002
2733,1.75349842491739e-09,0.002
2734,1.7462823571996295e-09,0.002
2735,1.73909891351021e-09,0.002
2736,1.7319479594712178e-09,0.002
2737,1.7248293607458011e-09,0.002
2738,1.7177429803955312e-09,0.002
2739,1.7106886862954737e-09,0.002
2740,1.703666345710458e-09,0.002
2741,1.6966758249482771e-09,0.002
2742,1.6897169945891838e-09,0.002
2743,1.6827897250160531e-09,0.002
2744,1.6758938868968537e-09,0.002
2745,1.6690293542954796e-09,0.002
2746,1.6621960007938815e-09,0.002
2747,1.655393700340692e-09,0.002
2748,1.6486223289595225e-09,0.002
2749,1.6418817619143938e-09,0.002
2750,1.6351718749540166e-09,0.002
2751,1.6284925453926036e-09,0.002
2752,1.6218436501742131e-09,0.002
2753,1.6152250671918554e-09,0.002
2754,1.6086366756783401e-09,0.002
2755,1.6020783547830013e-09,0.002
2756,1.5955499845804103e-09,0.002
2757,1.589051446010635e-09,0.002
2758,1.5825826198911315e-09,0.002
2759,1.5761433878054397e-09,0.002
2760,1.5697336318934854e-09,0.002
2761,1.5633531796125383e-09,0.002
2762,1.5570016862074437e-09,0.002
2763,1.5506789814268128e-09,0.002
2764,1.5443849286167892e-09,0.002
2765,1.5381193891631974e-09,0.002
2766,1.531882224801311e-09,0.002
2767,1.5256733102356967e-09,0.002
2768,1.519492519266775e-09,0.002
2769,1.5133397269376484e-09,0.002
2770,1.5072148160504024e-09,0.002
2771,1.5011176660245148e-09,0.002
2772,1.4950481563217367e-09,0.002
2773,1.4890061707950261e-09,0.002
2774,1.482991590417669e-09,0.002
2775,1.4770042976675859e-09,0.002
2776,1.4710441790653501e-09,0.002
2777,1.4651111199443235e-09,0.002
2778,1.4592050080453088e-09,0.002
2779,1.4533257340191883e-09,0.002
2780,1.4474731874335478e-09,0.002
2781,1.441647259560455e-09,0.002
2782,1.4358478430133049e-09,0.002
2783,1.4300748292414866e-09,0.002
2784,1.424328111025675e-09,0.002
2785,1.4186075819908845e-09,0.002
2786,1.4129130119872582e-09,0.002
2787,1.407243831508715e-09,0.002
2788,1.401599828219675e-09,0.002
2789,1.3959808716086776e-09,0.002
2790,1.3903868150221674e-09,0.002
2791,1.3848175041606083e-09,0.002
2792,1.3792728222197084e-09,0.002
2793,1.3737526395206008e-09,0.002
2794,1.3682568226417587e-09,0.002
2795,1.3627852638645816e-09,0.002
2796,1.357337843330278e-09,0.002
2797,1.351914439805072e-09,0.002
2798,1.3465149505869736e-09,0.002
2799,1.3411392636643075e-09,0.002
2800,1.3357872680068525e-09,0.002
2801,1.330458865766446e-09,0.002
2802,1.3251539513822334e-09,0.002
2803,1.319872420871775e-09,0.002
2804,1.3146141792957292e-09,0.002
2805,1.3093791258185449e-09,0.002
2806,1.3041671620612872e-09,0.002
2807,1.2989781962030675e-09,0.002
2808,1.2938121320570409e-09,0.002
2809,1.2886688758149767e-09,0.002
2810,1.2835483377683523e-09,0.002
2811,1.2784504245850686e-09,0.002
2812,1.2733750450377556e-09,0.002
2813,1.2683221106479696e-09,0.002
2814,1.2632915305536925e-09,0.002
2815,1.258283216152982e-09,0.002
2816,1.2532970808293441e-09,0.002
2817,1.248333036327479e-09,0.002
2818,1.2433909962318227e-09,0.002
2819,1.2384708751976544e-09,0.002
2820,1.2335725866134618e-09,0.002
2821,1.228696045383678e-09,0.002
2822,1.2238411670990561e-09,0.002
2823,1.2190078666650592e-09,0.002
2824,1.2141960603793984e-09,0.002
2825,1.2094053791009924e-09,0.002
2826,1.2046353226952186e-09,0.002
2827,1.1998857445501155e-09,0.002
2828,1.1951565352848392e-09,0.002
2829,1.1904475526449532e-09,0.002
2830,1.1857586752580616e-09,0.002
2831,1.181089810095883e-09,0.002
2832,1.1764408389481531e-09,0.002
2833,1.1718116568264429e-09,0.002
2834,1.1672021757939264e-09,0.002
2835,1.1626122879456207e-09,0.002
2836,1.1580418962776257e-09,0.002
2837,1.1534909173572004e-09,0.002
2838,1.148959254854305e-09,0.002
2839,1.1444468218857716e-09,0.002
2840,1.1399535406958351e-09,0.002
2841,1.1354793230858e-09,0.002
2842,1.131024087287776e-09,0.002
2843,1.1265877573998035e-09,0.002
2844,1.1221702502562365e-09,0.002
2845,1.117771488559552e-09,0.002
2846,1.113391399661995e-09,0.002
2847,1.1090299058981855e-09,0.002
2848,1.104686933959176e-09,0.002
2849,1.100362413114985e-09,0.002
2850,1.0960562685456955e-09,0.002
2851,1.0917684287224953e-09,0.002
2852,1.0874988239943484e-09,0.002
2853,1.0832473822542575e-09,0.002
2854,1.0790140343958575e-09,0.002
2855,1.0747987127076063e-09,0.002
2856,1.0706013476643087e-09,0.002
2857,1.066421871819199e-09,0.002
2858,1.0622602183415448e-09,0.002
2859,1.0581163190331866e-09,0.002
2860,1.0539901073980356e-09,0.002
2861,1.0498815174873713e-09,0.002
2862,1.045790482643276e-09,0.002
2863,1.0417169376742597e-09,0.002
2864,1.037660817731058e-09,0.002
2865,1.0336220574422174e-09,0.002
2866,1.0296005924751535e-09,0.002
2867,1.0255963586439445e-09,0.002
2868,1.0216092914693312e-09,0.002
2869,1.0176393273575851e-09,0.002
2870,1.0136864028756034e-09,0.002
2871,1.0097504545092693e-09,0.002
2872,1.0058314194589411e-09,0.002
2873,1.0019292350124047e-09,0.002
2874,9.980438384392524e-10,0.002
2875,9.941751675563688e-10,0.002
2876,9.903231602712062e-10,0.002
2877,9.864877545645421e-10,0.002
2878,9.826688888984658e-10,0.002
2879,9.788665018348544e-10,0.002
2880,9.750805320561326e-10,0.002
2881,9.713109186203053e-10,0.002
2882,9.67557600676805e-10,0.002
2883,9.63820517512875e-10,0.002
2884,9.600996087500029e-10,0.002
2885,9.563948141139087e-10,0.002
2886,9.527060318922919e-10,0.002
2887,9.490329547480983e-10,0.002
2888,9.45375448556877e-10,0.002
2889,9.417334323155509e-10,0.002
2890,9.381068212107838e-10,0.002
2891,9.344955266302153e-10,0.002
2892,9.308994777236102e-10,0.002
2893,9.273186026355559e-10,0.002
2894,9.237528274932237e-10,0.002
2895,9.202020899899369e-10,0.002
2896,9.166663244239193e-10,0.002
2897,9.131454618475709e-10,0.002
2898,9.096394404328913e-10,0.002
2899,9.061481952556484e-10,0.002
2900,9.026716599789539e-10,0.002
2901,8.992097745974932e-10,0.002
2902,8.957624777941591e-10,0.002
2903,8.923297083982946e-10,0.002
2904,8.889114102452411e-10,0.002
2905,8.855075259556143e-10,0.002
2906,8.821179980576707e-10,0.002
2907,8.787427721134347e-10,0.002
2908,8.753817921440224e-10,0.002
2909,8.720350019476107e-10,0.002
2910,8.6870234745378e-10,0.002
2911,8.653837735909051e-10,0.002
2912,8.620792256578855e-10,0.002
2913,8.587886508935051e-10,0.002
2914,8.555119960814532e-10,0.002
2915,8.522492085456016e-10,0.002
2916,8.490002369619754e-10,0.002
2917,8.457650294460753e-10,0.002
2918,8.425435343917197e-10,0.002
2919,8.393357009585313e-10,0.002
2920,8.361414778228426e-10,0.002
2921,8.329608139897101e-10,0.002
2922,8.297936591633069e-10,0.002
2923,8.266399628722629e-10,0.002
2924,8.234996751151437e-10,0.002
2925,8.20372746462937e-10,0.002
2926,8.172591273861009e-10,0.002
2927,8.141587686947535e-10,0.002
2928,8.110716215520521e-10,0.002
2929,8.07997559686681e-10,0.002
2930,8.049361475491125e-10,0.002
2931,8.018871492921798e-10,0.002
2932,7.988503185443096e-10,0.002
2933,7.958254111334752e-10,0.002
2934,7.928122326870249e-10,0.002
2935,7.898106615154087e-10,0.002
2936,7.868206431668327e-10,0.002
2937,7.838421696714187e-10,0.002
2938,7.808752482819101e-10,0.002
2939,7.779198717540791e-10,0.002
2940,7.7497600321498e-10,0.002
2941,7.720435735495533e-10,0.002
2942,7.691224897994725e-10,0.002
2943,7.662126520244132e-10,0.002
2944,7.633139683508524e-10,0.002
2945,7.604263643784043e-10,0.002
2946,7.575497868061344e-10,0.002
2947,7.546841991828462e-10,0.002
2948,7.518295736964843e-10,0.002
2949,7.48985883540275e-10,0.002
2950,7.461530965137133e-10,0.002
2951,7.433311723222426e-10,0.002
2952,7.405200640426714e-10,0.002
2953,7.377197210533085e-10,0.002
2954,7.349300927174703e-10,0.002
2955,7.32151131738668e-10,0.002
2956,7.293827953296109e-10,0.002
2957,7.266250449860974e-10,0.002
2958,7.23877845433514e-10,0.002
2959,7.211411627397611e-10,0.002
2960,7.184149628913837e-10,0.002
2961,7.156992111339582e-10,0.002
2962,7.129938716482237e-10,0.002
2963,7.102989078952682e-10,0.002
2964,7.076142832127261e-10,0.002
2965,7.049399611352129e-10,0.002
2966,7.022759057105815e-10,0.002
2967,6.996220816443172e-10,0.002
2968,6.969784541692113e-10,0.002
2969,6.94344989007349e-10,0.002
2970,6.917216523471602e-10,0.002
2971,6.891084107254782e-10,0.002
2972,6.865052310218916e-10,0.002
2973,6.839120803929767e-10,0.002
2974,6.813289261093597e-10,0.002
2975,6.7875573546962e-10,0.002
2976,6.7619247570112e-10,0.002
2977,6.736391138925491e-10,0.002
2978,6.710956170854333e-10,0.002
2979,6.685619523874634e-10,0.002
2980,6.660380870980159e-10,0.002
2981,6.635239888551807e-10,0.002
2982,6.610196256724326e-10,0.002
2983,6.585249658888082e-10,0.002
2984,6.560399780802272e-10,0.002
2985,6.535646309097091e-10,0.002
2986,6.510988930032378e-10,0.002
2987,6.486427329042519e-10,0.002
2988,6.461961190626952e-10,0.002
2989,6.43759019915732e-10,0.002
2990,6.413314039877722e-10,0.002
2991,6.389132399767111e-10,0.002
2992,6.365044968049624e-10,0.002
2993,6.341051436223627e-10,0.002
2994,6.317151497647931e-10,0.002
2995,6.293344846735302e-10,0.002
2996,6.26963117833251e-10,0.002
2997,6.246010187341488e-10,0.002
2998,6.222481568532164e-10,0.002
2999,6.199045016822139e-10,0.002
3000,6.175700227744516e-10,0.002
3001,6.152446897800905e-10,0.002
3002,6.129284724866472e-10,0.002
3003,6.106213408168875e-10,0.002
3004,6.08323264823493e-10,0.002
3005,6.060342146565932e-10,0.002
3006,6.037541605402218e-10,0.002
3007,6.014830727493319e-10,0.002
3008,5.992209215975219e-10,0.002
3009,5.969676774492284e-10,0.002
3010,5.947233107278855e-10,0.002
3011,5.924877919391981e-10,0.002
3012,5.902610916766627e-10,0.002
3013,5.880431806343912e-10,0.002
3014,5.858340295967341e-10,0.002
3015,5.836336094385113e-10,0.002
3016,5.814418911098407e-10,0.002
3017,5.792588456254681e-10,0.002
3018,5.770844440682802e-10,0.002
3019,5.749186575849274e-10,0.002
3020,5.727614573872045e-10,0.002
3021,5.706128147620921e-10,0.002
3022,5.684727010768568e-10,0.002
3023,5.663410877730608e-10,0.002
3024,5.642179463786315e-10,0.002
3025,5.621032484947124e-10,0.002
3026,5.599969218774552e-10,0.002
3027,5.578988791731758e-10,0.002
3028,5.558090829510988e-10,0.002
3029,5.53727498551608e-10,0.002
3030,5.516540877310674e-10,0.002
3031,5.495888162935045e-10,0.002
3032,5.47531652430773e-10,0.002
3033,5.4548256254509e-10,0.002
3034,5.434415165275832e-10,0.002
3035,5.414084849743648e-10,0.002
3036,5.393834367510727e-10,0.002
3037,5.373663428417682e-10,0.002
3038,5.353571738264437e-10,0.002
3039,5.333558991366895e-10,0.002
3040,5.313624900177037e-10,0.002
3041,5.293769174283331e-10,0.002
3042,5.273991521616383e-10,0.002
3043,5.254291666744715e-10,0.002
3044,5.234669331888235e-10,0.002
3045,5.215124240463255e-10,0.002
3046,5.195656126505771e-10,0.002
3047,5.176264719165362e-10,0.002
3048,5.156949748600916e-10,0.002
3049,5.137710950826129e-10,0.002
3050,5.118548057361642e-10,0.002
3051,5.099460802276367e-10,0.002
3052,5.080448924199332e-10,0.002
3053,5.061512159433293e-10,0.002
3054,5.042650248140414e-10,0.002
3055,5.023862933741697e-10,0.002
3056,5.005149958236455e-10,0.002
3057,4.986511066960185e-10,0.002
3058,4.967946006656608e-10,0.002
3059,4.949454522907292e-10,0.002
3060,4.93103636382971e-10,0.002
3061,4.912691278043709e-10,0.002
3062,4.894419013853809e-10,0.002
3063,4.876219321880576e-10,0.002
3064,4.858091953265978e-10,0.002
3065,4.840036659577268e-10,0.002
3066,4.822053194540734e-10,0.002
3067,4.804141312213315e-10,0.002
3068,4.786300767373378e-10,0.002
3069,4.768531316350815e-10,0.002
3070,4.750832715603775e-10,0.002
3071,4.733204722328638e-10,0.002
3072,4.71564709487481e-10,0.002
3073,4.698159591775378e-10,0.002
3074,4.680741972466372e-10,0.002
3075,4.663393997391895e-10,0.002
3076,4.6461154274137746e-10,0.002
3077,4.628906024396764e-10,0.002
3078,4.611765551047611e-10,0.002
3079,4.594693770583016e-10,0.002
3080,4.5776904471050953e-10,0.002
3081,4.5607553454216774e-10,0.002
3082,4.543888230783552e-10,0.002
3083,4.527088454522552e-10,0.002
3084,4.510354362068008e-10,0.002
3085,4.493685417807075e-10,0.002
3086,4.4770813024366905e-10,0.002
3087,4.4605416095634554e-10,0.002
3088,4.444065965597073e-10,0.002
3089,4.4276541010615487e-10,0.002
3090,4.4113056829447994e-10,0.002
3091,4.395020413754763e-10,0.002
3092,4.3787980516668124e-10,0.002
3093,4.362638292999127e-10,0.002
3094,4.346540861894703e-10,0.002
3095,4.33050551196591e-10,0.002
3096,4.3145319548128466e-10,0.002
3097,4.298619937069743e-10,0.002
3098,4.282769227239211e-10,0.002
3099,4.266979569292994e-10,0.002
3100,4.251250738542754e-10,0.002
3101,4.2355825178355127e-10,0.002
3102,4.2199746696767363e-10,0.002
3103,4.204426978059011e-10,0.002
3104,4.1889392257010577e-10,0.002
3105,4.173511182874241e-10,0.002
3106,4.1581426390542815e-10,0.002
3107,4.1428333824740537e-10,0.002
3108,4.1275831970589634e-10,0.002
3109,4.1123918697117244e-10,0.002
3110,4.097258442391897e-10,0.002
3111,4.0821820932617624e-10,0.002
3112,4.0671625335655113e-10,0.002
3113,4.0521994742348527e-10,0.002
3114,4.037291497539987e-10,0.002
3115,4.02243719890647e-10,0.002
3116,4.0076363246609647e-10,0.002
3117,3.992888481215721e-10,0.002
3118,3.978193155871386e-10,0.002
3119,3.9635501290000575e-10,0.002
3120,3.948959089668072e-10,0.002
3121,3.9344196403155173e-10,0.002
3122,3.9199315939383685e-10,0.002
3123,3.905494689523804e-10,0.002
3124,3.891108592894013e-10,0.002
3125,3.8767731175348565e-10,0.002
3126,3.862488021915503e-10,0.002
3127,3.848253014839091e-10,0.002
3128,3.834067920204856e-10,0.002
3129,3.819932528700733e-10,0.002
3130,3.8058465999503673e-10,0.002
3131,3.791809978702449e-10,0.002
3132,3.7778224820826094e-10,0.002
3133,3.763883899942545e-10,0.002
3134,3.749994079204213e-10,0.002
3135,3.7361528425442146e-10,0.002
3136,3.722359992699063e-10,0.002
3137,3.708615376153444e-10,0.002
3138,3.6949188246666854e-10,0.002
3139,3.681270159719444e-10,0.002
3140,3.667669237206615e-10,0.002
3141,3.6541159023790855e-10,0.002
3142,3.640609992453248e-10,0.002
3143,3.6271513676009383e-10,0.002
3144,3.613739877492123e-10,0.002
3145,3.6003753648486055e-10,0.002
3146,3.5870576888425347e-10,0.002
3147,3.5737867012287316e-10,0.002
3148,3.560562250658915e-10,0.002
3149,3.5473841991923667e-10,0.002
3150,3.534252404306389e-10,0.002
3151,3.521166721906352e-10,0.002
3152,3.508127017413919e-10,0.002
3153,3.4951331518539754e-10,0.002
3154,3.482184984693536e-10,0.002
3155,3.469282381721675e-10,0.002
3156,3.456425205190114e-10,0.002
3157,3.443613316758305e-10,0.002
3158,3.4308465831357006e-10,0.002
3159,3.418124868880663e-10,0.002
3160,3.4054480387141214e-10,0.002
3161,3.392815961230545e-10,0.002
3162,3.3802285032953916e-10,0.002
3163,3.36768553188281e-10,0.002
3164,3.355186916587215e-10,0.002
3165,3.34273252552704e-10,0.002
3166,3.33032222705252e-10,0.002
3167,3.317955891486948e-10,0.002
3168,3.305633388199046e-10,0.002
3169,3.2933545871010765e-10,0.002
3170,3.281119359607184e-10,0.002
3171,3.268927576548924e-10,0.002
3172,3.2567791092384034e-10,0.002
3173,3.244673830096963e-10,0.002
3174,3.232611611122114e-10,0.002
3175,3.2205923246924585e-10,0.002
3176,3.208615844102213e-10,0.002
3177,3.196682042327515e-10,0.002
3178,3.1847907928565774e-10,0.002
3179,3.1729419698570085e-10,0.002
3180,3.1611354473653225e-10,0.002
3181,3.1493710999098714e-10,0.002
3182,3.13764880254726e-10,0.002
3183,3.1259684303135966e-10,0.002
3184,3.1143298586782236e-10,0.002
3185,3.10273296355329e-10,0.002
3186,3.091177620897065e-10,0.002
3187,3.0796637071178833e-10,0.002
3188,3.0681910989712267e-10,0.002
3189,3.0567596733455566e-10,0.002
3190,3.045369307546371e-10,0.002
3191,3.0340198791660204e-10,0.002
3192,3.0227112659966073e-10,0.002
3193,3.011443346176904e-10,0.002
3194,3.000215998166356e-10,0.002
3195,2.989029100611336e-10,0.002
3196,2.9778825325083974e-10,0.002
3197,2.9667761731580315e-10,0.002
3198,2.95570990208542e-10,0.002
3199,2.944683599124605e-10,0.002
3200,2.9336971443980776e-10,0.002
3201,2.9227504182666996e-10,0.002
3202,2.91184330140446e-10,0.002
3203,2.900975674751173e-10,0.002
3204,2.8901474194831277e-10,0.002
3205,2.8793584171189626e-10,0.002
3206,2.868608549387676e-10,0.002
3207,2.8578976983352795e-10,0.002
3208,2.847225746274444e-10,0.002
3209,2.836592575750945e-10,0.002
3210,2.825998069626388e-10,0.002
3211,2.815442111034304e-10,0.002
3212,2.804924583319668e-10,0.002
3213,2.7944453701499973e-10,0.002
3214,2.7840043554484977e-10,0.002
3215,2.7736014233933245e-10,0.002
3216,2.763236458424837e-10,0.002
3217,2.7529093452943284e-10,0.002
3218,2.7426199689742725e-10,0.002
3219,2.7323682147109717e-10,0.002
3220,2.7221539680309836e-10,0.002
3221,2.7119771146990387e-10,0.002
3222,2.7018375407916607e-10,0.002
3223,2.691735132591552e-10,0.002
3224,2.681669776684259e-10,0.002
3225,2.6716413598983565e-10,0.002
3226,2.6616497693251934e-10,0.002
3227,2.6516948923344204e-10,0.002
3228,2.64177661653869e-10,0.002
3229,2.631894829824552e-10,0.002
3230,2.6220494203342927e-10,0.002
3231,2.612240276453963e-10,0.002
3232,2.6024672868717293e-10,0.002
3233,2.592730340485449e-10,0.002
3234,2.583029326485078e-10,0.002
3235,2.573364134297936e-10,0.002
3236,2.563734653629645e-10,0.002
3237,2.5541407744365697e-10,0.002
3238,2.5445823869117924e-10,0.002
3239,2.5350593815421486e-10,0.002
3240,2.525571649034619e-10,0.002
3241,2.516119080387731e-10,0.002
3242,2.506701566817033e-10,0.002
3243,2.49731899982104e-10,0.002
3244,2.4879712711494927e-10,0.002
3245,2.478658272789795e-10,0.002
3246,2.469379897009971e-10,0.002
3247,2.460136036300018e-10,0.002
3248,2.4509265834565034e-10,0.002
3249,2.441751431452145e-10,0.002
3250,2.432610473577566e-10,0.002
3251,2.42350360334642e-10,0.002
3252,2.4144307145263594e-10,0.002
3253,2.40539170114003e-10,0.002
3254,2.396386457461683e-10,0.002
3255,2.3874148780154585e-10,0.002
3256,2.378476857574833e-10,0.002
3257,2.369572291162508e-10,0.002
3258,2.3607010740735996e-10,0.002
3259,2.3518631017986566e-10,0.002
3260,2.343058270124035e-10,0.002
3261,2.334286475080521e-10,0.002
3262,2.3255476129262268e-10,0.002
3263,2.3168415801874834e-10,0.002
3264,2.3081682736145075e-10,0.002
3265,2.299527590235224e-10,0.002
3266,2.2909194272984775e-10,0.002
3267,2.2823436823099992e-10,0.002
3268,2.2738002530288077e-10,0.002
3269,2.2652890374429674e-10,0.002
3270,2.2568099338011523e-10,0.002
3271,2.2483628405952156e-10,0.002
3272,2.2399476565484448e-10,0.002
3273,2.2315642806307628e-10,0.002
3274,2.2232126120854625e-10,0.002
3275,2.2148925503593223e-10,0.002
3276,2.2066039951702825e-10,0.002
3277,2.1983468464608482e-10,0.002
3278,2.1901210044225736e-10,0.002
3279,2.1819263695076103e-10,0.002
3280,2.173762842366056e-10,0.002
3281,2.1656303239414553e-10,0.002
3282,2.157528715388975e-10,0.002
3283,2.1494579181016212e-10,0.002
3284,2.1414178337214395e-10,0.002
3285,2.1334083641480089e-10,0.002
3286,2.1254294114835868e-10,0.002
3287,2.1174808780851376e-10,0.002
3288,2.10956266657254e-10,0.002
3289,2.1016746797763567e-10,0.002
3290,2.0938168207743412e-10,0.002
3291,2.085988992881499e-10,0.002
3292,2.078191099650886e-10,0.002
3293,2.070423044870995e-10,0.002
3294,2.062684732581927e-10,0.002
3295,2.0549760670315056e-10,0.002
3296,2.0472969527318559e-10,0.002
3297,2.0396472944150131e-10,0.002
3298,2.032026997061812e-10,0.002
3299,2.0244359658759686e-10,0.002
3300,2.0168741062988262e-10,0.002
3301,2.009341324012533e-10,0.002
3302,2.0018375249306486e-10,0.002
3303,1.994362615190237e-10,0.002
3304,1.9869165011777108e-10,0.002
3305,1.9794990895060307e-10,0.002
3306,1.9721102870311384e-10,0.002
3307,1.96475000080647e-10,0.002
3308,1.9574181381734013e-10,0.002
3309,1.950114606664296e-10,0.002
3310,1.9428393140443952e-10,0.002
3311,1.9355921683277754e-10,0.002
3312,1.9283730777475551e-10,0.002
3313,1.9211819507784688e-10,0.002
3314,1.9140186961203152e-10,0.002
3315,1.9068832226903301e-10,0.002
3316,1.899775439648867e-10,0.002
3317,1.89269525638754e-10,0.002
3318,1.885642582515602e-10,0.002
3319,1.878617327879901e-10,0.002
3320,1.8716194025611475e-10,0.002
3321,1.8646487168459124e-10,0.002
3322,1.857705181265237e-10,0.002
3323,1.8507887065773859e-10,0.002
3324,1.843899203761323e-10,0.002
3325,1.837036584022332e-10,0.002
3326,1.8302007588032658e-10,0.002
3327,1.8233916397585876e-10,0.002
3328,1.8166091387719374e-10,0.002
3329,1.8098531679514473e-10,0.002
3330,1.8031236396372398e-10,0.002
3331,1.7964204663855253e-10,0.002
3332,1.789743560991244e-10,0.002
3333,1.783092836447128e-10,0.002
3334,1.776468205990992e-10,0.002
3335,1.7698695830705698e-10,0.002
3336,1.7632968813731175e-10,0.002
3337,1.756750014785264e-10,0.002
3338,1.7502288974340535e-10,0.002
3339,1.7437334436608037e-10,0.002
3340,1.73726356803383e-10,0.002
3341,1.7308191853341956e-10,0.002
3342,1.7244002105650784e-10,0.002
3343,1.718006558953307e-10,0.002
3344,1.7116381459484618e-10,0.002
3345,1.7052948872131007e-10,0.002
3346,1.698976698627557e-10,0.002
3347,1.6926834963015979e-10,0.002
3348,1.686415196556033e-10,0.002
3349,1.6801717159301533e-10,0.002
3350,1.673952971174762e-10,0.002
3351,1.6677588792793465e-10,0.002
3352,1.661589357423103e-10,0.002
3353,1.6554443230268842e-10,0.002
3354,1.649323693703708e-10,0.002
3355,1.6432273873149988e-10,0.002
3356,1.6371553219033197e-10,0.002
3357,1.6311074157451566e-10,0.002
3358,1.6250835873321017e-10,0.002
3359,1.619083755371884e-10,0.002
3360,1.613107838767305e-10,0.002
3361,1.6071557566698003e-10,0.002
3362,1.6012274284027913e-10,0.002
3363,1.5953227735396716e-10,0.002
3364,1.58944171185606e-10,0.002
3365,1.5835841633298117e-10,0.002
3366,1.5777500481552702e-10,0.002
3367,1.5719392867449356e-10,0.002
3368,1.566151799716938e-10,0.002
3369,1.560387507912669e-10,0.002
3370,1.5546463323620218e-10,0.002
3371,1.5489281943293015e-10,0.002
3372,1.5432330152709262e-10,0.002
3373,1.5375607168686646e-10,0.002
3374,1.5319112209862886e-10,0.002
3375,1.5262843254466076e-10,0.002
3376,1.52067968980912e-10,0.002
3377,1.5150971922411363e-10,0.002
3378,1.509536728830459e-10,0.002
3379,1.5039981814765407e-10,0.002
3380,1.4984814480151255e-10,0.002
3381,1.4929864368932033e-10,0.002
3382,1.487513050096253e-10,0.002
3383,1.4820612040403726e-10,0.002
3384,1.4766308159726338e-10,0.002
3385,1.471221796677622e-10,0.002
3386,1.4658340652150397e-10,0.002
3387,1.4604675363330711e-10,0.002
3388,1.4551221222084761e-10,0.002
3389,1.4497977422767778e-10,0.002
3390,1.4444943132244947e-10,0.002
3391,1.4392117539935018e-10,0.002
3392,1.4339499894022747e-10,0.002
3393,1.4287089419192633e-10,0.002
3394,1.4234885367207376e-10,0.002
3395,1.4182887011505348e-10,0.002
3396,1.413109359727476e-10,0.002
3397,1.4079504390193022e-10,0.002
3398,1.4028118659279615e-10,0.002
3399,1.3976935657960834e-10,0.002
3400,1.3925954664727276e-10,0.002
3401,1.3875174959885964e-10,0.002
3402,1.382459582311299e-10,0.002
3403,1.37742159838293e-10,0.002
3404,1.3724030272629466e-10,0.002
3405,1.3674036351665235e-10,0.002
3406,1.362423316597228e-10,0.002
3407,1.3574619466867064e-10,0.002
3408,1.3525194004580312e-10,0.002
3409,1.3475955956464276e-10,0.002
3410,1.3426904340651152e-10,0.002
3411,1.3378038262772897e-10,0.002
3412,1.332935705875489e-10,0.002
3413,1.328085985758013e-10,0.002
3414,1.3232545860362412e-10,0.002
3415,1.3184414353003175e-10,0.002
3416,1.313646445744476e-10,0.002
3417,1.3088695407224933e-10,0.002
3418,1.3041106488184134e-10,0.002
3419,1.2993696911685583e-10,0.002
3420,1.2946466019991863e-10,0.002
3421,1.2899413171019442e-10,0.002
3422,1.2852537682179328e-10,0.002
3423,1.280583895975334e-10,0.002
3424,1.275931637934556e-10,0.002
3425,1.2712969288994341e-10,0.002
3426,1.2666797091954326e-10,0.002
3427,1.262079915429691e-10,0.002
3428,1.2574974844575206e-10,0.002
3429,1.252932357669047e-10,0.002
3430,1.2483844740348588e-10,0.002
3431,1.2438537747353927e-10,0.002
3432,1.2393402037339507e-10,0.002
3433,1.2348437029105996e-10,0.002
3434,1.2303642161317538e-10,0.002
3435,1.2259016879815382e-10,0.002
3436,1.2214560612494684e-10,0.002
3437,1.217027280382953e-10,0.002
3438,1.2126152897806508e-10,0.002
3439,1.208220033083295e-10,0.002
3440,1.2038414556509623e-10,0.002
3441,1.1994795027408656e-10,0.002
3442,1.19513411964154e-10,0.002
3443,1.190805252974581e-10,0.002
3444,1.186492848991126e-10,0.002
3445,1.1821968541270302e-10,0.002
3446,1.1779172155242484e-10,0.002
3447,1.1736538798121789e-10,0.002
3448,1.169406793943398e-10,0.002
3449,1.1651759052730843e-10,0.002
3450,1.160961160887807e-10,0.002
3451,1.1567625083962658e-10,0.002
3452,1.1525798957102066e-10,0.002
3453,1.148413270654148e-10,0.002
3454,1.1442625815831032e-10,0.002
3455,1.1401277769421487e-10,0.002
3456,1.1360088051593535e-10,0.002
3457,1.1319056150280676e-10,0.002
3458,1.1278181553081864e-10,0.002
3459,1.1237463748722926e-10,0.002
3460,1.1196902228351718e-10,0.002
3461,1.1156496483637532e-10,0.002
3462,1.1116246008088257e-10,0.002
3463,1.1076150297669021e-10,0.002
3464,1.1036208848754068e-10,0.002
3465,1.0996421159816705e-10,0.002
3466,1.0956786731086319e-10,0.002
3467,1.0917305063116226e-10,0.002
3468,1.087797565848284e-10,0.002
3469,1.0838798020761411e-10,0.002
3470,1.0799771654618032e-10,0.002
3471,1.0760896066061611e-10,0.002
3472,1.0722170762721574e-10,0.002
3473,1.0683595253191529e-10,0.002
3474,1.0645169047900521e-10,0.002
3475,1.0606891658091565e-10,0.002
3476,1.0568762596726323e-10,0.002
3477,1.0530781377898366e-10,0.002
3478,1.049294751688255e-10,0.002
3479,1.0455260530098916e-10,0.002
3480,1.0417719935615104e-10,0.002
3481,1.0380325252152082e-10,0.002
3482,1.0343076000103857e-10,0.002
3483,1.0305971700959663e-10,0.002
3484,1.0269011877471902e-10,0.002
3485,1.023219605371959e-10,0.002
3486,1.0195523755113527e-10,0.002
3487,1.0158994508006692e-10,0.002
3488,1.0122607840286002e-10,0.002
3489,1.0086363280931058e-10,0.002
3490,1.0050260359985667e-10,0.002
3491,1.0014298608975376e-10,0.002
3492,9.978477560482394e-11,0.002
3493,9.942796748358486e-11,0.002
3494,9.907255707639506e-11,0.002
3495,9.871853974541431e-11,0.002
3496,9.836591086638609e-11,0.002
3497,9.801466582436224e-11,0.002
3498,9.766479793137805e-11,0.002
3499,9.731626770143325e-11,0.002
3500,9.69690515724466e-11,0.002
3501,9.662314167665452e-11,0.002
3502,9.627852960766252e-11,0.002
3503,9.593520530005541e-11,0.002
3504,9.559316308348899e-11,0.002
3505,9.52523963764637e-11,0.002
3506,9.491289806800556e-11,0.002
3507,9.457466365244072e-11,0.002
3508,9.423768677129176e-11,0.002
3509,9.390196093502134e-11,0.002
3510,9.356748119504415e-11,0.002
3511,9.323424119512204e-11,0.002
3512,9.290223536930127e-11,0.002
3513,9.257145917704884e-11,0.002
3514,9.224187618291677e-11,0.002
3515,9.191344970006132e-11,0.002
3516,9.158616712856684e-11,0.002
3517,9.1260020448496e-11,0.002
3518,9.093499799662062e-11,0.002
3519,9.061108981101938e-11,0.002
3520,9.028829065708365e-11,0.002
3521,8.996659320240737e-11,0.002
3522,8.9645991669091e-11,0.002
3523,8.932648232391311e-11,0.002
3524,8.900805856115535e-11,0.002
3525,8.869071446361149e-11,0.002
3526,8.837444509227345e-11,0.002
3527,8.805924381008402e-11,0.002
3528,8.774510551235944e-11,0.002
3529,8.743202622538306e-11,0.002
3530,8.712000112599783e-11,0.002
3531,8.680902662950258e-11,0.002
3532,8.649909937494402e-11,0.002
3533,8.619021498647489e-11,0.002
3534,8.588236976073071e-11,0.002
3535,8.557555990150086e-11,0.002
3536,8.526978109978108e-11,0.002
3537,8.496502988219866e-11,0.002
3538,8.466130284610225e-11,0.002
3539,8.435859643748632e-11,0.002
3540,8.405690771531312e-11,0.002
3541,8.375623355710337e-11,0.002
3542,8.345657062340029e-11,0.002
3543,8.315791588770432e-11,0.002
3544,8.286026609881737e-11,0.002
3545,8.256361796370325e-11,0.002
3546,8.226796851985161e-11,0.002
3547,8.197331470662079e-11,0.002
3548,8.167965353910594e-11,0.002
3549,8.13869822466688e-11,0.002
3550,8.109529791378216e-11,0.002
3551,8.080459764450379e-11,0.002
3552,8.05148786265673e-11,0.002
3553,8.022613791974405e-11,0.002
3554,7.993837264985394e-11,0.002
3555,7.965158002846403e-11,0.002
3556,7.936575721554407e-11,0.002
3557,7.908090146241242e-11,0.002
3558,7.879701006225892e-11,0.002
3559,7.851408025272167e-11,0.002
3560,7.823210932079547e-11,0.002
3561,7.795109455159116e-11,0.002
3562,7.767103319022213e-11,0.002
3563,7.739192253274242e-11,0.002
3564,7.711375988352621e-11,0.002
3565,7.683654254290645e-11,0.002
3566,7.65602678597191e-11,0.002
3567,7.628493318220189e-11,0.002
3568,7.601053585420301e-11,0.002
3569,7.573707324441305e-11,0.002
3570,7.546454270950522e-11,0.002
3571,7.519294160555872e-11,0.002
3572,7.492226731263993e-11,0.002
3573,7.465251720601965e-11,0.002
3574,7.43836886736995e-11,0.002
3575,7.41157791224986e-11,0.002
3576,7.384878595792138e-11,0.002
3577,7.358270659307228e-11,0.002
3578,7.331753845258938e-11,0.002
3579,7.305327895511754e-11,0.002
3580,7.278992552846997e-11,0.002
3581,7.252747560955694e-11,0.002
3582,7.22659266360951e-11,0.002
3583,7.20052760562946e-11,0.002
3584,7.174552132771029e-11,0.002
3585,7.148665990904357e-11,0.002
3586,7.122868926896961e-11,0.002
3587,7.097160687936386e-11,0.002
3588,7.07154102159596e-11,0.002
3589,7.046009676051849e-11,0.002
3590,7.020566400071129e-11,0.002
3591,6.99521094287708e-11,0.002
3592,6.969943054467182e-11,0.002
3593,6.944762485260241e-11,0.002
3594,6.919668986271623e-11,0.002
3595,6.894662309207426e-11,0.002
3596,6.869742206040617e-11,0.002
3597,6.844908429439236e-11,0.002
3598,6.820160732439875e-11,0.002
3599,6.795498868718895e-11,0.002
3600,6.770922592363321e-11,0.002
3601,6.746431658229046e-11,0.002
3602,6.722025821470182e-11,0.002
3603,6.697704837889728e-11,0.002
3604,6.67346846389098e-11,0.002
3605,6.649316456165716e-11,0.002
3606,6.625248572083407e-11,0.002
3607,6.601264569552808e-11,0.002
3608,6.577364206824711e-11,0.002
3609,6.553547242849307e-11,0.002
3610,6.52981343702505e-11,0.002
3611,6.506162549226985e-11,0.002
3612,6.482594339996532e-11,0.002
3613,6.459108570216899e-11,0.002
3614,6.435705001337192e-11,0.002
3615,6.412383395380102e-11,0.002
3616,6.389143514772834e-11,0.002
3617,6.365985122548677e-11,0.002
3618,6.342907982208562e-11,0.002
3619,6.319911857664045e-11,0.002
3620,6.296996513594061e-11,0.002
3621,6.274161714966652e-11,0.002
3622,6.251407227254174e-11,0.002
3623,6.228732816577942e-11,0.002
3624,6.206138249489495e-11,0.002
3625,6.183623292978892e-11,0.002
3626,6.161187714683685e-11,0.002
3627,6.138831282564874e-11,0.002
3628,6.11655376524717e-11,0.002
3629,6.094354931813941e-11,0.002
3630,6.072234551834689e-11,0.002
3631,6.050192395345392e-11,0.002
3632,6.028228232906282e-11,0.002
3633,6.006341835641322e-11,0.002
3634,5.984532975107524e-11,0.002
3635,5.96280142341715e-11,0.002
3636,5.941146953011192e-11,0.002
3637,5.919569337094955e-11,0.002
3638,5.898068349192428e-11,0.002
3639,5.876643763315885e-11,0.002
3640,5.855295354108928e-11,0.002
3641,5.8340228965434e-11,0.002
3642,5.8128261662582917e-11,0.002
3643,5.791704939234326e-11,0.002
3644,5.770658992035854e-11,0.002
3645,5.7496881017134385e-11,0.002
3646,5.728792045770695e-11,0.002
3647,5.707970602242143e-11,0.002
3648,5.687223549615347e-11,0.002
3649,5.666550666918343e-11,0.002
3650,5.6459517336558753e-11,0.002
3651,5.625426529771714e-11,0.002
3652,5.604974835756652e-11,0.002
3653,5.584596432660888e-11,0.002
3654,5.564291101736044e-11,0.002
3655,5.544058625123083e-11,0.002
3656,5.523898785129763e-11,0.002
3657,5.503811364731687e-11,0.002
3658,5.4837961473290846e-11,0.002
3659,5.463852916770895e-11,0.002
3660,5.443981457493383e-11,0.002
3661,5.424181554245487e-11,0.002
3662,5.40445299245888e-11,0.002
3663,5.384795557956193e-11,0.002
3664,5.365209036976206e-11,0.002
3665,5.3456932164055676e-11,0.002
3666,5.3262478834659167e-11,0.002
3667,5.306872825881457e-11,0.002
3668,5.287567831980337e-11,0.002
3669,5.268332690332035e-11,0.002
3670,5.2491671902632396e-11,0.002
3671,5.230071121395575e-11,0.002
3672,5.211044273903866e-11,0.002
3673,5.1920864383648075e-11,0.002
3674,5.1731974059215677e-11,0.002
3675,5.154376968169886e-11,0.002
3676,5.1356249171676364e-11,0.002
3677,5.116941045415548e-11,0.002
3678,5.0983251459647216e-11,0.002
3679,5.079777012290021e-11,0.002
3680,5.061296438339777e-11,0.002
3681,5.042883218524049e-11,0.002
3682,5.0245371478087625e-11,0.002
3683,5.0062580215210116e-11,0.002
3684,4.9880456355562234e-11,0.002
3685,4.969899786151436e-11,0.002
3686,4.9518202701968535e-11,0.002
3687,4.9338068848888556e-11,0.002
3688,4.915859427948712e-11,0.002
3689,4.8979776976710254e-11,0.002
3690,4.8801614926318206e-11,0.002
3691,4.862410611954107e-11,0.002
3692,4.8447248552512e-11,0.002
3693,4.827104022639925e-11,0.002
3694,4.809547914614583e-11,0.002
3695,4.792056332178737e-11,0.002
3696,4.774629076806594e-11,0.002
3697,4.757265950425034e-11,0.002
3698,4.739966755370639e-11,0.002
3699,4.722731294532854e-11,0.002
3700,4.705559371260588e-11,0.002
3701,4.6884507893142e-11,0.002
3702,4.6714053529035064e-11,0.002
3703,4.654422866719765e-11,0.002
3704,4.6375031359649645e-11,0.002
3705,4.6206459661949294e-11,0.002
3706,4.603851163538986e-11,0.002
3707,4.587118534503179e-11,0.002
3708,4.5704478861164786e-11,0.002
3709,4.5538390257685017e-11,0.002
3710,4.537291761412433e-11,0.002
3711,4.5208059013628766e-11,0.002
3712,4.504381254479404e-11,0.002
3713,4.488017630000069e-11,0.002
3714,4.4717148376389225e-11,0.002
3715,4.455472687616925e-11,0.002
3716,4.43929099052671e-11,0.002
3717,4.423169557448183e-11,0.002
3718,4.407108199928908e-11,0.002
3719,4.391106729932668e-11,0.002
3720,4.375164959940191e-11,0.002
3721,4.3592827027616664e-11,0.002
3722,4.343459771762184e-11,0.002
3723,4.32769598075582e-11,0.002
3724,4.311991143916753e-11,0.002
3725,4.296345075916906e-11,0.002
3726,4.280757591942752e-11,0.002
3727,4.2652285075223685e-11,0.002
3728,4.249757638656464e-11,0.002
3729,4.234344801781742e-11,0.002
3730,4.218989813827928e-11,0.002
3731,4.2036924921854005e-11,0.002
3732,4.1884526545856445e-11,0.002
3733,4.17327011926861e-11,0.002
3734,4.1581447048969585e-11,0.002
3735,4.143076230614568e-11,0.002
3736,4.128064515956596e-11,0.002
3737,4.113109380884161e-11,0.002
3738,4.0982106458889286e-11,0.002
3739,4.0833681317707964e-11,0.002
3740,4.0685816599563274e-11,0.002
3741,4.053851052041081e-11,0.002
3742,4.039176130296638e-11,0.002
3743,4.0245567173309354e-11,0.002
3744,4.009992636211363e-11,0.002
3745,3.99548371040626e-11,0.002
3746,3.9810297638069314e-11,0.002
3747,3.966630620835103e-11,0.002
3748,3.95228610622552e-11,0.002
3749,3.937996045240418e-11,0.002
3750,3.923760263515619e-11,0.002
3751,3.909578587170127e-11,0.002
3752,3.895450842627235e-11,0.002
3753,3.881376856940041e-11,0.002
3754,3.867356457414611e-11,0.002
3755,3.853389471875963e-11,0.002
3756,3.839475728582082e-11,0.002
3757,3.825615056164446e-11,0.002
3758,3.811807283669349e-11,0.002
3759,3.7980522407076535e-11,0.002
3760,3.784349757095095e-11,0.002
3761,3.7706996633060047e-11,0.002
3762,3.757101790053211e-11,0.002
3763,3.743555968577215e-11,0.002
3764,3.7300620304904654e-11,0.002
3765,3.716619807871809e-11,0.002
3766,3.703229133203496e-11,0.002
3767,3.6898898393429433e-11,0.002
3768,3.676601759638181e-11,0.002
3769,3.663364727822389e-11,0.002
3770,3.650178578079269e-11,0.002
3771,3.637043144893854e-11,0.002
3772,3.623958263378307e-11,0.002
3773,3.610923768867122e-11,0.002
3774,3.597939497243019e-11,0.002
3775,3.5850052846567595e-11,0.002
3776,3.572120967903617e-11,0.002
3777,3.559286383915893e-11,0.002
3778,3.5465013702874034e-11,0.002
3779,3.533765764861791e-11,0.002
3780,3.52107940597858e-11,0.002
3781,3.5084421323785165e-11,0.002
3782,3.495853783147238e-11,0.002
3783,3.4833141978936933e-11,0.002
3784,3.4708232165346046e-11,0.002
3785,3.4583806794646563e-11,0.002
3786,3.445986427464634e-11,0.002
3787,3.433640301666573e-11,0.002
3788,3.42134214376815e-11,0.002
3789,3.4090917956409665e-11,0.002
3790,3.396889099813477e-11,0.002
3791,3.384733899046642e-11,0.002
3792,3.3726260365488276e-11,0.002
3793,3.360565081790621e-11,0.002
3794,3.34854976211658e-11,0.002
3795,3.336579643085839e-11,0.002
3796,3.324654453464763e-11,0.002
3797,3.312773858027508e-11,0.002
3798,3.300937582098258e-11,0.002
3799,3.289145415127582e-11,0.002
3800,3.277397120182279e-11,0.002
3801,3.265692527165924e-11,0.002
3802,3.2540314660172244e-11,0.002
3803,3.242413735784436e-11,0.002
3804,3.230839167913511e-11,0.002
3805,3.219307562338442e-11,0.002
3806,3.20781871429437e-11,0.002
3807,3.196372447458109e-11,0.002
3808,3.184968569652668e-11,0.002
3809,3.1736069124854116e-11,0.002
3810,3.162287325801856e-11,0.002
3811,3.151009649506747e-11,0.002
3812,3.1397737427482205e-11,0.002
3813,3.128579460144206e-11,0.002
3814,3.1174266469367006e-11,0.002
3815,3.106315158779443e-11,0.002
3816,3.095244841657488e-11,0.002
3817,3.084215543623611e-11,0.002
3818,3.0732271226346794e-11,0.002
3819,3.062279432313921e-11,0.002
3820,3.0513723354961596e-11,0.002
3821,3.040505698980873e-11,0.002
3822,3.029679386347967e-11,0.002
3823,3.018893266928863e-11,0.002
3824,3.0081472072833903e-11,0.002
3825,2.99744107197423e-11,0.002
3826,2.9867747291256014e-11,0.002
3827,2.976147785531363e-11,0.002
3828,2.965559148966912e-11,0.002
3829,2.955008494823228e-11,0.002
3830,2.9444956037656876e-11,0.002
3831,2.934020189365655e-11,0.002
3832,2.923582029588006e-11,0.002
3833,2.913180932810593e-11,0.002
3834,2.9028166905391822e-11,0.002
3835,2.8924891622517105e-11,0.002
3836,2.8821982009787438e-11,0.002
3837,2.8719436487439776e-11,0.002
3838,2.8617253791991766e-11,0.002
3839,2.8515432346192908e-11,0.002
3840,2.8413970584287976e-11,0.002
3841,2.831286710635346e-11,0.002
3842,2.8212120324076214e-11,0.002
3843,2.811172885675211e-11,0.002
3844,2.801169143814108e-11,0.002
3845,2.7912006739047664e-11,0.002
3846,2.7812673634796484e-11,0.002
3847,2.7713690976231507e-11,0.002
3848,2.7615057569116327e-11,0.002
3849,2.7516772316702447e-11,0.002
3850,2.741883402716332e-11,0.002
3851,2.7321241514172048e-11,0.002
3852,2.7223993652037476e-11,0.002
3853,2.712708926169457e-11,0.002
3854,2.703052723534683e-11,0.002
3855,2.6934306504008613e-11,0.002
3856,2.68384259804077e-11,0.002
3857,2.6742884641718454e-11,0.002
3858,2.6647681452874857e-11,0.002
3859,2.6552815364963122e-11,0.002
3860,2.645828535743439e-11,0.002
3861,2.6364090380636822e-11,0.002
3862,2.627022939175486e-11,0.002
3863,2.6176701369333516e-11,0.002
3864,2.6083505279374684e-11,0.002
3865,2.5990640115199463e-11,0.002
3866,2.589810488212211e-11,0.002
3867,2.5805898581773508e-11,0.002
3868,2.571402023510135e-11,0.002
3869,2.562246885807717e-11,0.002
3870,2.5531243463794077e-11,0.002
3871,2.5440343074892463e-11,0.002
3872,2.5349766706607748e-11,0.002
3873,2.5259513380180238e-11,0.002
3874,2.516958212519295e-11,0.002
3875,2.5079971969204485e-11,0.002
3876,2.4990681951830887e-11,0.002
3877,2.4901711114658886e-11,0.002
3878,2.4813058501132847e-11,0.002
3879,2.4724723160585518e-11,0.002
3880,2.463670414172245e-11,0.002
3881,2.4549000494223827e-11,0.002
3882,2.4461611272330616e-11,0.002
3883,2.4374535529511933e-11,0.002
3884,2.4287772323459606e-11,0.002
3885,2.420132071529095e-11,0.002
3886,2.4115179767585363e-11,0.002
3887,2.402934854808233e-11,0.002
3888,2.3943826125920705e-11,0.002
3889,2.3858611572607806e-11,0.002
3890,2.3773703962191537e-11,0.002
3891,2.3689102370870957e-11,0.002
3892,2.3604805875715263e-11,0.002
3893,2.3520813557026582e-11,0.002
3894,2.3437124496466216e-11,0.002
3895,2.3353737778104195e-11,0.002
3896,2.327065248948325e-11,0.002
3897,2.3187867718727362e-11,0.002
3898,2.3105382558518532e-11,0.002
3899,2.3023196101753864e-11,0.002
3900,2.294130744465883e-11,0.002
3901,2.2859715685066023e-11,0.002
3902,2.277841992260821e-11,0.002
3903,2.269741925923291e-11,0.002
3904,2.2616712798943598e-11,0.002
3905,2.253629964791033e-11,0.002
3906,2.245617891420288e-11,0.002
3907,2.2376349708574135e-11,0.002
3908,2.2296811143181672e-11,0.002
3909,2.221756233279235e-11,0.002
3910,2.213860239474718e-11,0.002
3911,2.2059930447492075e-11,0.002
3912,2.1981545611473892e-11,0.002
3913,2.1903447010027855e-11,0.002
3914,2.1825633767655613e-11,0.002
3915,2.1748105011427992e-11,0.002
3916,2.1670859870448698e-11,0.002
3917,2.1593897475640062e-11,0.002
3918,2.1517216960110207e-11,0.002
3919,2.14408174591695e-11,0.002
3920,2.136469810998518e-11,0.002
3921,2.128885805172479e-11,0.002
3922,2.1213296425638932e-11,0.002
3923,2.113801237493162e-11,0.002
3924,2.106300504472732e-11,0.002
3925,2.098827358258035e-11,0.002
3926,2.0913817137312988e-11,0.002
3927,2.0839634860641514e-11,0.002
3928,2.0765725905518107e-11,0.002
3929,2.0692089427366598e-11,0.002
3930,2.061872458357572e-11,0.002
3931,2.0545630533377507e-11,0.002
3932,2.047280643794978e-11,0.002
3933,2.040025146076148e-11,0.002
3934,2.032796476686676e-11,0.002
3935,2.025594552343779e-11,0.002
3936,2.018419289974912e-11,0.002
3937,2.0112706066927933e-11,0.002
3938,2.004148419831208e-11,0.002
3939,1.9970526469011333e-11,0.002
3940,1.9899832055892397e-11,0.002
3941,1.9829400138265605e-11,0.002
3942,1.9759229897058316e-11,0.002
3943,1.9689320515210627e-11,0.002
3944,1.9619671177658046e-11,0.002
3945,1.9550281071360552e-11,0.002
3946,1.948114938531374e-11,0.002
3947,1.941227531010883e-11,0.002
3948,1.934365803824676e-11,0.002
3949,1.9275296765040817e-11,0.002
3950,1.920719068670239e-11,0.002
3951,1.9139339001959656e-11,0.002
3952,1.9071740911110075e-11,0.002
3953,1.9004395616695106e-11,0.002
3954,1.8937302323237725e-11,0.002
3955,1.8870460236816635e-11,0.002
3956,1.8803868565784462e-11,0.002
3957,1.873752652039908e-11,0.002
3958,1.867143331224084e-11,0.002
3959,1.860558815586072e-11,0.002
3960,1.8539990266769226e-11,0.002
3961,1.8474638863183607e-11,0.002
3962,1.8409533164061102e-11,0.002
3963,1.834467239190383e-11,0.002
3964,1.8280055769661426e-11,0.002
3965,1.821568252269978e-11,0.002
3966,1.8151551878798547e-11,0.002
3967,1.8087663066687547e-11,0.002
3968,1.8024015317863777e-11,0.002
3969,1.7960607865156562e-11,0.002
3970,1.7897439943130396e-11,0.002
3971,1.783451078912532e-11,0.002
3972,1.7771819641452803e-11,0.002
3973,1.7709365740820586e-11,0.002
3974,1.7647148329156414e-11,0.002
3975,1.758516665139946e-11,0.002
3976,1.7523419953100098e-11,0.002
3977,1.746190748249059e-11,0.002
3978,1.7400628489719454e-11,0.002
3979,1.733958222621281e-11,0.002
3980,1.727876794572716e-11,0.002
3981,1.721818490328795e-11,0.002
3982,1.7157832356706237e-11,0.002
3983,1.7097709564879094e-11,0.002
3984,1.7037815788969203e-11,0.002
3985,1.697815029151852e-11,0.002
3986,1.691871233775815e-11,0.002
3987,1.6859501193760076e-11,0.002
3988,1.6800516127852364e-11,0.002
3989,1.674175641049787e-11,0.002
3990,1.6683221313693923e-11,0.002
3991,1.6624910111109146e-11,0.002
3992,1.656682207874059e-11,0.002
3993,1.6508956493746435e-11,0.002
3994,1.645131263563556e-11,0.002
3995,1.63938897856189e-11,0.002
3996,1.6336687226676923e-11,0.002
3997,1.627970424317532e-11,0.002
3998,1.6222940122263066e-11,0.002
3999,1.6166394152321416e-11,0.002
4000,1.6110065622805436e-11,0.0016
4001,1.6065166362132083e-11,0.0016
4002,1.6020418421087082e-11,0.0016
4003,1.5975819619312202e-11,0.0016
4004,1.5931367962973297e-11,0.0016
4005,1.5887061626688843e-11,0.0016
4006,1.5842898935412374e-11,0.0016
4007,1.5798878351246377e-11,0.0016
4008,1.57549984581064e-11,0.0016
4009,1.571125795127701e-11,0.0016
4010,1.5667655625208587e-11,0.0016
4011,1.562419036410312e-11,0.0016
4012,1.5580861132725487e-11,0.0016
4013,1.5537666969389984e-11,0.0016
4014,1.5494606977568125e-11,0.0016
4015,1.545168031991306e-11,0.0016
4016,1.5408886212512155e-11,0.0016
4017,1.5366223919261265e-11,0.0016
4018,1.5323692747754475e-11,0.0016
4019,1.5281292044482174e-11,0.0016
4020,1.5239021190988033e-11,0.0016
4021,1.5196879600709816e-11,0.0016
4022,1.515486671586804e-11,0.0016
4023,1.5112982004106844e-11,0.0016
4024,1.5071224956999044e-11,0.0016
4025,1.502959508678221e-11,0.0016
4026,1.4988091924498897e-11,0.0016
4027,1.4946715018955042e-11,0.0016
4028,1.490546393385926e-11,0.0016
4029,1.486433824700206e-11,0.0016
4030,1.482333754949362e-11,0.0016
4031,1.478246144312263e-11,0.0016
4032,1.4741709540274597e-11,0.0016
4033,1.4701081462800456e-11,0.0016
4034,1.4660576840768596e-11,0.0016
4035,1.4620195312746507e-11,0.0016
4036,1.457993652279145e-11,0.0016
4037,1.4539800122845273e-11,0.0016
4038,1.4499785769616087e-11,0.0016
4039,1.4459893125575577e-11,0.0016
4040,1.4420121857360009e-11,0.0016
4041,1.4380471636539097e-11,0.0016
4042,1.4340942138254231e-11,0.0016
4043,1.4301533041320584e-11,0.0016
4044,1.4262244028086217e-11,0.0016
4045,1.4223074783500438e-11,0.0016
4046,1.4184024995366034e-11,0.0016
4047,1.414509435439418e-11,0.0016
4048,1.4106282552995807e-11,0.0016
4049,1.4067589286485663e-11,0.0016
4050,1.4029014251342372e-11,0.0016
4051,1.3990557146655988e-11,0.0016
4052,1.3952217672342943e-11,0.0016
4053,1.3913995530818481e-11,0.0016
4054,1.3875890425370422e-11,0.0016
4055,1.3837902060594817e-11,0.0016
4056,1.38000301426493e-11,0.0016
4057,1.3762274379133252e-11,0.0016
4058,1.3724634478083978e-11,0.0016
4059,1.3687110149004796e-11,0.0016
4060,1.364970110260526e-11,0.0016
4061,1.3612407050002923e-11,0.0016
4062,1.3575227703674239e-11,0.0016
4063,1.3538162776604768e-11,0.0016
4064,1.3501211983108413e-11,0.0016
4065,1.346437503781506e-11,0.0016
4066,1.3427651656245427e-11,0.0016
4067,1.3391041554757245e-11,0.0016
4068,1.3354544450232317e-11,0.0016
4069,1.331816006053255e-11,0.0016
4070,1.3281888103820863e-11,0.0016
4071,1.3245728299143379e-11,0.0016
4072,1.320968036596942e-11,0.0016
4073,1.3173744024703732e-11,0.0016
4074,1.313791899594196e-11,0.0016
4075,1.310220500124802e-11,0.0016
4076,1.3066601762367823e-11,0.0016
4077,1.3031109002245934e-11,0.0016
4078,1.2995726443521207e-11,0.0016
4079,1.2960453810000213e-11,0.0016
4080,1.2925290825901545e-11,0.0016
4081,1.2890237215862052e-11,0.0016
4082,1.2855292705102956e-11,0.0016
4083,1.2820457019460071e-11,0.0016
4084,1.2785729885177357e-11,0.0016
4085,1.2751111029281448e-11,0.0016
4086,1.2716600178418697e-11,0.0016
4087,1.268219706095303e-11,0.0016
4088,1.2647901404925768e-11,0.0016
4089,1.2613712939342626e-11,0.0016
4090,1.2579631393282774e-11,0.0016
4091,1.254565649650893e-11,0.0016
4092,1.2511787979609947e-11,0.0016
4093,1.2478025572895562e-11,0.0016
4094,1.2444369008097626e-11,0.0016
4095,1.2410818016739337e-11,0.0016
4096,1.2377372331059177e-11,0.0016
4097,1.2344031683749695e-11,0.0016
4098,1.2310795807640652e-11,0.0016
4099,1.2277664437104013e-11,0.0016
4100,1.2244637305866057e-11,0.0016
4101,1.2211714148328082e-11,0.0016
4102,1.2178894700302514e-11,0.0016
4103,1.2146178696705788e-11,0.0016
4104,1.2113565873693192e-11,0.0016
4105,1.2081055968259888e-11,0.0016
4106,1.204864871674443e-11,0.0016
4107,1.2016343857191166e-11,0.0016
4108,1.1984141126999327e-11,0.0016
4109,1.1952040265122994e-11,0.0016
4110,1.192004100999758e-11,0.0016
4111,1.1888143101464033e-11,0.0016
4112,1.185634627890647e-11,0.0016
4113,1.18246502827492e-11,0.0016
4114,1.1793054853791148e-11,0.0016
4115,1.1761559733497776e-11,0.0016
4116,1.1730164663162443e-11,0.0016
4117,1.1698869385066924e-11,0.0016
4118,1.1667673642132236e-11,0.0016
4119,1.1636577177064088e-11,0.0016
4120,1.1605577660604973e-11,0.0016
4121,1.1574670622719284e-11,0.0016
4122,1.1543854980188805e-11,0.0016
4123,1.1513130193565181e-11,0.0016
4124,1.148249522368101e-11,0.0016
4125,1.1451949331488776e-11,0.0016
4126,1.1421492242257586e-11,0.0016
4127,1.1391123334120484e-11,0.0016
4128,1.1360842170944685e-11,0.0016
4129,1.1330648531131864e-11,0.0016
4130,1.1300541841324761e-11,0.0016
4131,1.1270521634446293e-11,0.0016
4132,1.1240587592644613e-11,0.0016
4133,1.1210739188295016e-11,0.0016
4134,1.1180973842119538e-11,0.0016
4135,1.115128635974935e-11,0.0016
4136,1.1121675811637295e-11,0.0016
4137,1.1092141315581326e-11,0.0016
4138,1.1062681608014843e-11,0.0016
4139,1.1033295820659677e-11,0.0016
4140,1.1003983327042545e-11,0.0016
4141,1.0974743397145261e-11,0.0016
4142,1.0945575630716876e-11,0.0016
4143,1.0916479766487204e-11,0.0016
4144,1.088745532574604e-11,0.0016
4145,1.085850191904803e-11,0.0016
4146,1.0829619188305234e-11,0.0016
4147,1.0800806604996967e-11,0.0016
4148,1.0772063749053983e-11,0.0016
4149,1.0743390313872958e-11,0.0016
4150,1.0714785937155345e-11,0.0016
4151,1.0686250358215906e-11,0.0016
4152,1.0657783396364465e-11,0.0016
4153,1.0629384791318119e-11,0.0016
4154,1.0601054308029367e-11,0.0016
4155,1.057279174583921e-11,0.0016
4156,1.05445968411461e-11,0.0016
4157,1.0516469361656143e-11,0.0016
4158,1.0488409126687412e-11,0.0016
4159,1.0460415932093318e-11,0.0016
4160,1.0432489601210655e-11,0.0016
4161,1.0404629991768907e-11,0.0016
4162,1.0376836930889391e-11,0.0016
4163,1.0349110249263451e-11,0.0016
4164,1.0321449796274244e-11,0.0016
4165,1.0293855399955588e-11,0.0016
4166,1.0266326898028324e-11,0.0016
4167,1.0238864152991328e-11,0.0016
4168,1.0211467019374143e-11,0.0016
4169,1.0184135359806813e-11,0.0016
4170,1.0156869050857436e-11,0.0016
4171,1.0129667957392586e-11,0.0016
4172,1.0102531942068243e-11,0.0016
4173,1.0075460875356867e-11,0.0016
4174,1.0048454620682548e-11,0.0016
4175,1.0021513042970959e-11,0.0016
4176,9.994636019188177e-12,0.0016
4177,9.967823423659478e-12,0.0016
4178,9.941075134500485e-12,0.0016
4179,9.914391035284208e-12,0.0016
4180,9.88777100530125e-12,0.0016
4181,9.861214922926182e-12,0.0016
4182,9.834722668598937e-12,0.0016
4183,9.808294120242692e-12,0.0016
4184,9.7819291562566e-12,0.0016
4185,9.755627658993196e-12,0.0016
4186,9.729389510869337e-12,0.0016
4187,9.703214595280315e-12,0.0016
4188,9.67710279900389e-12,0.0016
4189,9.651054006379502e-12,0.0016
4190,9.625068101968383e-12,0.0016
4191,9.5991449711325e-12,0.0016
4192,9.573284498449603e-12,0.0016
4193,9.547486568230838e-12,0.0016
4194,9.521751066551433e-12,0.0016
4195,9.496077879317134e-12,0.0016
4196,9.470466892766256e-12,0.0016
4197,9.444917994876361e-12,0.0016
4198,9.419431072755988e-12,0.0016
4199,9.394006013546813e-12,0.0016
4200,9.368642705115137e-12,0.0016
4201,9.343341034498348e-12,0.0016
4202,9.318100889280013e-12,0.0016
4203,9.292922157670862e-12,0.0016
4204,9.267804727556805e-12,0.0016
4205,9.242748487320935e-12,0.0016
4206,9.217753325711674e-12,0.0016
4207,9.192819131658213e-12,0.0016
4208,9.167945793652529e-12,0.0016
4209,9.143133200977305e-12,0.0016
4210,9.118381242501754e-12,0.0016
4211,9.09368980706071e-12,0.0016
4212,9.069058784657726e-12,0.0016
4213,9.044488064544494e-12,0.0016
4214,9.019977536203871e-12,0.0016
4215,8.995527089682868e-12,0.0016
4216,8.971136614884232e-12,0.0016
4217,8.946806001734948e-12,0.0016
4218,8.922535140362762e-12,0.0016
4219,8.898323921063648e-12,0.0016
4220,8.874172234082318e-12,0.0016
4221,8.850079970043782e-12,0.0016
4222,8.826047019358003e-12,0.0016
4223,8.802073272969319e-12,0.0016
4224,8.778158621445718e-12,0.0016
4225,8.754302956149107e-12,0.0016
4226,8.730506167791128e-12,0.0016
4227,8.706768147847704e-12,0.0016
4228,8.68308878729686e-12,0.0016
4229,8.659467977713737e-12,0.0016
4230,8.635905610497149e-12,0.0016
4231,8.612401577384394e-12,0.0016
4232,8.58895576985871e-12,0.0016
4233,8.565568080078237e-12,0.0016
4234,8.54223839967197e-12,0.0016
4235,8.518966621142906e-12,0.0016
4236,8.49575263618439e-12,0.0016
4237,8.47259633731598e-12,0.0016
4238,8.449497616858643e-12,0.0016
4239,8.426456367080984e-12,0.0016
4240,8.403472480946766e-12,0.0016
4241,8.380545850924663e-12,0.0016
4242,8.357676370034274e-12,0.0016
4243,8.334863931051153e-12,0.0016
4244,8.312108427004945e-12,0.0016
4245,8.289409751030914e-12,0.0016
4246,8.266767796377953e-12,0.0016
4247,8.2441824564583e-12,0.0016
4248,8.221653624806932e-12,0.0016
4249,8.199181194885372e-12,0.0016
4250,8.176765060271454e-12,0.0016
4251,8.154405114903839e-12,0.0016
4252,8.132101252690345e-12,0.0016
4253,8.109853367690076e-12,0.0016
4254,8.087661353778964e-12,0.0016
4255,8.065525105328028e-12,0.0016
4256,8.043444516820708e-12,0.0016
4257,8.02141948243808e-12,0.0016
4258,7.999449896819317e-12,0.0016
4259,7.977535654735902e-12,0.0016
4260,7.955676650834854e-12,0.0016
4261,7.93387278003087e-12,0.0016
4262,7.912123937338826e-12,0.0016
4263,7.890430017892325e-12,0.0016
4264,7.868790916837657e-12,0.0016
4265,7.847206529448868e-12,0.0016
4266,7.82567675122753e-12,0.0016
4267,7.804201477687369e-12,0.0016
4268,7.782780604482638e-12,0.0016
4269,7.761414027383255e-12,0.0016
4270,7.740101642203837e-12,0.0016
4271,7.71884334505702e-12,0.0016
4272,7.697639031895607e-12,0.0016
4273,7.676488598903845e-12,0.0016
4274,7.655391942488686e-12,0.0016
4275,7.63434895902903e-12,0.0016
4276,7.613359544946016e-12,0.0016
4277,7.592423597133029e-12,0.0016
4278,7.571541012085549e-12,0.0016
4279,7.550711686835779e-12,0.0016
4280,7.529935518233043e-12,0.0016
4281,7.50921240351131e-12,0.0016
4282,7.488542239717765e-12,0.0016
4283,7.467924924230421e-12,0.0016
4284,7.447360354467842e-12,0.0016
4285,7.426848427832138e-12,0.0016
4286,7.40638904216791e-12,0.0016
4287,7.385982095183877e-12,0.0016
4288,7.365627484558235e-12,0.0016
4289,7.345325108441815e-12,0.0016
4290,7.325074865045683e-12,0.0016
4291,7.304876652289503e-12,0.0016
4292,7.284730368540883e-12,0.0016
4293,7.264635912412976e-12,0.0016
4294,7.2445931822035486e-12,0.0016
4295,7.224602076617799e-12,0.0016
4296,7.204662494602081e-12,0.0016
4297,7.18477433481722e-12,0.0016
4298,7.164937496311413e-12,0.0016
4299,7.145151878180535e-12,0.0016
4300,7.125417379668512e-12,0.0016
4301,7.105733900121001e-12,0.0016
4302,7.086101338871754e-12,0.0016
4303,7.066519595489331e-12,0.0016
4304,7.046988569751019e-12,0.0016
4305,7.0275081613125155e-12,0.0016
4306,7.0080782701031966e-12,0.0016
4307,6.988698796036862e-12,0.0016
4308,6.969369639456193e-12,0.0016
4309,6.950090700264334e-12,0.0016
4310,6.9308618790458225e-12,0.0016
4311,6.911683076106837e-12,0.0016
4312,6.892554192149604e-12,0.0016
4313,6.873475127861037e-12,0.0016
4314,6.854445783860002e-12,0.0016
4315,6.835466061321684e-12,0.0016
4316,6.8165358609428595e-12,0.0016
4317,6.797655084170902e-12,0.0016
4318,6.778823631988381e-12,0.0016
4319,6.760041405893114e-12,0.0016
4320,6.74130830734095e-12,0.0016
4321,6.722624237986582e-12,0.0016
4322,6.7039890993872166e-12,0.0016
4323,6.685402793451893e-12,0.0016
4324,6.666865222305768e-12,0.0016
4325,6.648376287659122e-12,0.0016
4326,6.629935891894763e-12,0.0016
4327,6.611543937078765e-12,0.0016
4328,6.593200325956271e-12,0.0016
4329,6.574904960681153e-12,0.0016
4330,6.556657744084335e-12,0.0016
4331,6.538458578737067e-12,0.0016
4332,6.520307367751099e-12,0.0016
4333,6.502204013809744e-12,0.0016
4334,6.4841484200831176e-12,0.0016
4335,6.466140489872522e-12,0.0016
4336,6.4481801264648365e-12,0.0016
4337,6.430267233264076e-12,0.0016
4338,6.412401713721819e-12,0.0016
4339,6.394583471529138e-12,0.0016
4340,6.3768124105824495e-12,0.0016
4341,6.359088434646649e-12,0.0016
4342,6.3414114477145345e-12,0.0016
4343,6.323781354057179e-12,0.0016
4344,6.3061980577080684e-12,0.0016
4345,6.2886614632288285e-12,0.0016
4346,6.271171474878331e-12,0.0016
4347,6.253727997385293e-12,0.0016
4348,6.2363309352462015e-12,0.0016
4349,6.218980193593444e-12,0.0016
4350,6.201675677239079e-12,0.0016
4351,6.18441729101426e-12,0.0016
4352,6.1672049403534216e-12,0.0016
4353,6.150038530328651e-12,0.0016
4354,6.132917966411498e-12,0.0016
4355,6.11584315430616e-12,0.0016
4356,6.098813999349212e-12,0.0016
4357,6.081830407373953e-12,0.0016
4358,6.064892284263829e-12,0.0016
4359,6.047999535995973e-12,0.0016
4360,6.031152068699394e-12,0.0016
4361,6.014349788539662e-12,0.0016
4362,5.997592601692132e-12,0.0016
4363,5.9808804148922165e-12,0.0016
4364,5.964213134585137e-12,0.0016
4365,5.947590667360797e-12,0.0016
4366,5.931012920007357e-12,0.0016
4367,5.9144797995086466e-12,0.0016
4368,5.897991213028829e-12,0.0016
4369,5.881547067297259e-12,0.0016
4370,5.865147270026697e-12,0.0016
4371,5.848791728252591e-12,0.0016
4372,5.832480349669382e-12,0.0016
4373,5.8162130417532e-12,0.0016
4374,5.7999897124271455e-12,0.0016
4375,5.783810269315229e-12,0.0016
4376,5.767674620411852e-12,0.0016
4377,5.751582673976955e-12,0.0016
4378,5.735534338025654e-12,0.0016
4379,5.719529520881494e-12,0.0016
4380,5.7035681310893864e-12,0.0016
4381,5.687650077053512e-12,0.0016
4382,5.671775267572497e-12,0.0016
4383,5.655943611237881e-12,0.0016
4384,5.640155017277901e-12,0.0016
4385,5.6244093943449926e-12,0.0016
4386,5.608706651856078e-12,0.0016
4387,5.593046698898107e-12,0.0016
4388,5.57742944481627e-12,0.0016
4389,5.561854799152356e-12,0.0016
4390,5.546322671531209e-12,0.0016
4391,5.530832971626514e-12,0.0016
4392,5.5153856094146445e-12,0.0016
4393,5.4999804947841565e-12,0.0016
4394,5.484617537652497e-12,0.0016
4395,5.469296648342634e-12,0.0016
4396,5.454017737287738e-12,0.0016
4397,5.438780714652225e-12,0.0016
4398,5.423585491238919e-12,0.0016
4399,5.408431977409972e-12,0.0016
4400,5.393320084270213e-12,0.0016
4401,5.378249722718004e-12,0.0016
4402,5.3632208033840115e-12,0.0016
4403,5.348233237871446e-12,0.0016
4404,5.333286937110996e-12,0.0016
4405,5.318381812546316e-12,0.0016
4406,5.303517775680205e-12,0.0016
4407,5.28869473832637e-12,0.0016
4408,5.273912611856505e-12,0.0016
4409,5.259171308309712e-12,0.0016
4410,5.244470739648819e-12,0.0016
4411,5.229810817908425e-12,0.0016
4412,5.215191455410833e-12,0.0016
4413,5.2006125643215275e-12,0.0016
4414,5.186074057150857e-12,0.0016
4415,5.17157584640316e-12,0.0016
4416,5.157117844800463e-12,0.0016
4417,5.142699965143055e-12,0.0016
4418,5.128322120289193e-12,0.0016
4419,5.113984223298977e-12,0.0016
4420,5.09968618730775e-12,0.0016
4421,5.08542792552152e-12,0.0016
4422,5.071209351508602e-12,0.0016
4423,5.05703037861559e-12,0.0016
4424,5.042890920455091e-12,0.0016
4425,5.028790890995862e-12,0.0016
4426,5.014730203651275e-12,0.0016
4427,5.000708772661234e-12,0.0016
4428,4.9867265123485465e-12,0.0016
4429,4.972783336480645e-12,0.0016
4430,4.958879159609608e-12,0.0016
4431,4.945013896221906e-12,0.0016
4432,4.931187460897928e-12,0.0016
4433,4.917399768182319e-12,0.0016
4434,4.903650733023186e-12,0.0016
4435,4.8899402701784755e-12,0.0016
4436,4.876268294861521e-12,0.0016
4437,4.862634722206912e-12,0.0016
4438,4.849039467391632e-12,0.0016
4439,4.835481939886586e-12,0.0016
4440,4.8219609567958586e-12,0.0016
4441,4.808476203085531e-12,0.0016
4442,4.795027445748696e-12,0.0016
4443,4.781614363116639e-12,0.0016
4444,4.768236721998461e-12,0.0016
4445,4.7548943695484034e-12,0.0016
4446,4.7415871211832495e-12,0.0016
4447,4.728314878246787e-12,0.0016
4448,4.715077559719427e-12,0.0016
4449,4.701875035471718e-12,0.0016
4450,4.688707211258903e-12,0.0016
4451,4.6755739666509295e-12,0.0016
4452,4.6624751453399946e-12,0.0016
4453,4.649410625163114e-12,0.0016
4454,4.636380272146641e-12,0.0016
4455,4.623383954298251e-12,0.0016
4456,4.61042158111081e-12,0.0016
4457,4.5974930562997076e-12,0.0016
4458,4.584598292923788e-12,0.0016
4459,4.5717372243696444e-12,0.0016
4460,4.558909765997659e-12,0.0016
4461,4.54611583462808e-12,0.0016
4462,4.5333553508985146e-12,0.0016
4463,4.520628219303995e-12,0.0016
4464,4.507934350993397e-12,0.0016
4465,4.495273662411733e-12,0.0016
4466,4.482646065295389e-12,0.0016
4467,4.470051483632781e-12,0.0016
4468,4.457489845476682e-12,0.0016
4469,4.444961076039596e-12,0.0016
4470,4.432465108301584e-12,0.0016
4471,4.4200018722917885e-12,0.0016
4472,4.4075712942795496e-12,0.0016
4473,4.395173303897261e-12,0.0016
4474,4.3828078270324926e-12,0.0016
4475,4.370474788602333e-12,0.0016
4476,4.358174117899721e-12,0.0016
4477,4.345905742854874e-12,0.0016
4478,4.3336695935681326e-12,0.0016
4479,4.321465603192483e-12,0.0016
4480,4.30929370375814e-12,0.0016
4481,4.2971538283122896e-12,0.0016
4482,4.285045910826827e-12,0.0016
4483,4.27296988296458e-12,0.0016
4484,4.26092567736238e-12,0.0016
4485,4.2489132267277745e-12,0.0016
4486,4.236932462349074e-12,0.0016
4487,4.2249833177420155e-12,0.0016
4488,4.213065725738752e-12,0.0016
4489,4.201179619965873e-12,0.0016
4490,4.1893249352243734e-12,0.0016
4491,4.177501605778573e-12,0.0016
4492,4.1657095665217115e-12,0.0016
4493,4.153948752365702e-12,0.0016
4494,4.142219097589796e-12,0.0016
4495,4.130520536988978e-12,0.0016
4496,4.118853005339101e-12,0.0016
4497,4.107216437184988e-12,0.0016
4498,4.095610767657419e-12,0.0016
4499,4.084035931896564e-12,0.0016
4500,4.0724918653703365e-12,0.0016
4501,4.0609785035709745e-12,0.0016
4502,4.049495782572466e-12,0.0016
4503,4.03804363817344e-12,0.0016
4504,4.026622006270758e-12,0.0016
4505,4.01523082290763e-12,0.0016
4506,4.003870023884576e-12,0.0016
4507,3.992539545548159e-12,0.0016
4508,3.9812393239715505e-12,0.0016
4509,3.9699692952993276e-12,0.0016
4510,3.958729396266473e-12,0.0016
4511,3.947519563439009e-12,0.0016
4512,3.9363397332915074e-12,0.0016
4513,3.925189842932418e-12,0.0016
4514,3.914069828934945e-12,0.0016
4515,3.902979628468273e-12,0.0016
4516,3.891919178554577e-12,0.0016
4517,3.88088841615568e-12,0.0016
4518,3.869887278712404e-12,0.0016
4519,3.85891570323791e-12,0.0016
4520,3.847973627158907e-12,0.0016
4521,3.837060988005857e-12,0.0016
4522,3.826177723364048e-12,0.0016
4523,3.815323770979148e-12,0.0016
4524,3.8044990684417955e-12,0.0016
4525,3.793703553651805e-12,0.0016
4526,3.782937164564785e-12,0.0016
4527,3.772199839286053e-12,0.0016
4528,3.761491515727387e-12,0.0016
4529,3.750812132089763e-12,0.0016
4530,3.740161626664446e-12,0.0016
4531,3.729539937793127e-12,0.0016
4532,3.718947004004272e-12,0.0016
4533,3.708382763526146e-12,0.0016
4534,3.697847155345046e-12,0.0016
4535,3.687340117897476e-12,0.0016
4536,3.676861590085009e-12,0.0016
4537,3.666411510815909e-12,0.0016
4538,3.65598981890937e-12,0.0016
4539,3.6455964534480686e-12,0.0016
4540,3.635231353461258e-12,0.0016
4541,3.6248944582868925e-12,0.0016
4542,3.614585707209671e-12,0.0016
4543,3.6043050394568427e-12,0.0016
4544,3.5940523946878318e-12,0.0016
4545,3.5838277123029198e-12,0.0016
4546,3.5736309319663076e-12,0.0016
4547,3.5634619934014706e-12,0.0016
4548,3.5533208363180653e-12,0.0016
4549,3.543207400770505e-12,0.0016
4550,3.5331216266241497e-12,0.0016
4551,3.523063453865923e-12,0.0016
4552,3.5130328227547293e-12,0.0016
4553,3.5030296734788315e-12,0.0016
4554,3.4930539462813944e-12,0.0016
4555,3.483105581463268e-12,0.0016
4556,3.473184519703172e-12,0.0016
4557,3.463290701476199e-12,0.0016
4558,3.4534240673113663e-12,0.0016
4559,3.4435845581901474e-12,0.0016
4560,3.433772114646063e-12,0.0016
4561,3.423986677704692e-12,0.0016
4562,3.414228188389955e-12,0.0016
4563,3.404496587587467e-12,0.0016
4564,3.3947918166696516e-12,0.0016
4565,3.385113816717252e-12,0.0016
4566,3.3754625291126048e-12,0.0016
4567,3.365837895092495e-12,0.0016
4568,3.356239856346873e-12,0.0016
4569,3.3466683543258333e-12,0.0016
4570,3.3371233307571885e-12,0.0016
4571,3.3276047272532747e-12,0.0016
4572,3.3181124858036885e-12,0.0016
4573,3.3086465481173964e-12,0.0016
4574,3.299206856248803e-12,0.0016
4575,3.2897933522826325e-12,0.0016
4576,3.280405978462759e-12,0.0016
4577,3.2710446768780635e-12,0.0016
4578,3.2617093899218813e-12,0.0016
4579,3.2524000599464714e-12,0.0016
4580,3.2431166295362715e-12,0.0016
4581,3.233859041169667e-12,0.0016
4582,3.2246272375293433e-12,0.0016
4583,3.2154211613471694e-12,0.0016
4584,3.2062407555428605e-12,0.0016
4585,3.197085962904506e-12,0.0016
4586,3.1879567263095253e-12,0.0016
4587,3.1788529891680683e-12,0.0016
4588,3.16977469431992e-12,0.0016
4589,3.160721785158063e-12,0.0016
4590,3.1516942050654863e-12,0.0016
4591,3.1426918973856437e-12,0.0016
4592,3.133714805517842e-12,0.0016
4593,3.124762873098924e-12,0.0016
4594,3.1158360438337744e-12,0.0016
4595,3.10693426138933e-12,0.0016
4596,3.098057469628381e-12,0.0016
4597,3.0892056124426388e-12,0.0016
4598,3.0803786338792676e-12,0.0016
4599,3.071576478008121e-12,0.0016
4600,3.0627990888112038e-12,0.0016
4601,3.054046410816657e-12,0.0016
4602,3.0453183881131267e-12,0.0016
4603,3.036614569642515e-12,0.0016
4604,3.027934000099119e-12,0.0016
4605,3.0192764324508298e-12,0.0016
4606,3.010641676248526e-12,0.0016
4607,3.002029472340167e-12,0.0016
4608,2.993439643334043e-12,0.0016
4609,2.9848720600949227e-12,0.0016
4610,2.976326584307396e-12,0.0016
4611,2.9678031574747697e-12,0.0016
4612,2.959301719452974e-12,0.0016
4613,2.950822190807767e-12,0.0016
4614,2.9423645213257083e-12,0.0016
4615,2.9339286211917915e-12,0.0016
4616,2.9255143892319945e-12,0.0016
4617,2.9171217411088442e-12,0.0016
4618,2.908750568637729e-12,0.0016
4619,2.9004007842435786e-12,0.0016
4620,2.8920723193250296e-12,0.0016
4621,2.883765100441737e-12,0.0016
4622,2.8754790791562143e-12,0.0016
4623,2.8672142099215587e-12,0.0016
4624,2.858970440150026e-12,0.0016
4625,2.85074772729168e-12,0.0016
4626,2.842546017862107e-12,0.0016
4627,2.834365252867805e-12,0.0016
4628,2.826205378911902e-12,0.0016
4629,2.818066335111487e-12,0.0016
4630,2.8099480657397282e-12,0.0016
4631,2.801850521681928e-12,0.0016
4632,2.7937736521112507e-12,0.0016
4633,2.7857174139863124e-12,0.0016
4634,2.7776817658887786e-12,0.0016
4635,2.769666664366409e-12,0.0016
4636,2.7616720688856678e-12,0.0016
4637,2.7536979362250993e-12,0.0016
4638,2.7457442207208004e-12,0.0016
4639,2.737810878960965e-12,0.0016
4640,2.729897864887381e-12,0.0016
4641,2.7220051338011194e-12,0.0016
4642,2.7141326432837843e-12,0.0016
4643,2.7062803504045417e-12,0.0016
4644,2.698448214598308e-12,0.0016
4645,2.6906361960741642e-12,0.0016
4646,2.6828442543215764e-12,0.0016
4647,2.6750723500196928e-12,0.0016
4648,2.6673204427618746e-12,0.0016
4649,2.6595884917560615e-12,0.0016
4650,2.6518764567230657e-12,0.0016
4651,2.64418429640685e-12,0.0016
4652,2.6365119703016533e-12,0.0016
4653,2.628859438476998e-12,0.0016
4654,2.621226660758435e-12,0.0016
4655,2.613613597969105e-12,0.0016
4656,2.6060202110572673e-12,0.0016
4657,2.5984464607894184e-12,0.0016
4658,2.5908923085390725e-12,0.0016
4659,2.5833577151400704e-12,0.0016
4660,2.575842641528877e-12,0.0016
4661,2.568347048625783e-12,0.0016
4662,2.560870897270921e-12,0.0016
4663,2.5534141484334355e-12,0.0016
4664,2.545976763261551e-12,0.0016
4665,2.5385587030803537e-12,0.0016
4666,2.5311599292384426e-12,0.0016
4667,2.523780403288998e-12,0.0016
4668,2.516420087064415e-12,0.0016
4669,2.5090789419782676e-12,0.0016
4670,2.5017569300150004e-12,0.0016
4671,2.4944540126240795e-12,0.0016
4672,2.487170151678506e-12,0.0016
4673,2.479905308942761e-12,0.0016
4674,2.4726594461062724e-12,0.0016
4675,2.4654325250981095e-12,0.0016
4676,2.458224507909938e-12,0.0016
4677,2.4510353566270954e-12,0.0016
4678,2.443865033291061e-12,0.0016
4679,2.4367135001101883e-12,0.0016
4680,2.429580719267164e-12,0.0016
4681,2.4224666530353017e-12,0.0016
4682,2.4153712637068666e-12,0.0016
4683,2.408294513619608e-12,0.0016
4684,2.401236365085539e-12,0.0016
4685,2.394196780519024e-12,0.0016
4686,2.3871757224016786e-12,0.0016
4687,2.3801731532612264e-12,0.0016
4688,2.3731890356633837e-12,0.0016
4689,2.366223332173403e-12,0.0016
4690,2.3592760056072636e-12,0.0016
4691,2.352347018528821e-12,0.0016
4692,2.3454363337653244e-12,0.0016
4693,2.338543914233793e-12,0.0016
4694,2.3316697226518137e-12,0.0016
4695,2.324813721835143e-12,0.0016
4696,2.3179758748309613e-12,0.0016
4697,2.311156144610651e-12,0.0016
4698,2.3043544941701043e-12,0.0016
4699,2.29757088668151e-12,0.0016
4700,2.2908052851287076e-12,0.0016
4701,2.2840576528354553e-12,0.0016
4702,2.277327952851641e-12,0.0016
4703,2.2706161485529094e-12,0.0016
4704,2.2639222033320462e-12,0.0016
4705,2.2572460803665286e-12,0.0016
4706,2.250587743085311e-12,0.0016
4707,2.2439471549503148e-12,0.0016
4708,2.2373242794844063e-12,0.0016
4709,2.2307190801614946e-12,0.0016
4710,2.2241315206444734e-12,0.0016
4711,2.217561564425392e-12,0.0016
4712,2.211009175264099e-12,0.0016
4713,2.204474316922675e-12,0.0016
4714,2.1979569530510536e-12,0.0016
4715,2.191457047482952e-12,0.0016
4716,2.1849745641611785e-12,0.0016
4717,2.1785094668731386e-12,0.0016
4718,2.1720617195698773e-12,0.0016
4719,2.165631286181691e-12,0.0016
4720,2.1592181309599816e-12,0.0016
4721,2.1528222177401926e-12,0.0016
4722,2.1464435107737673e-12,0.0016
4723,2.140081974265659e-12,0.0016
4724,2.1337375723111815e-12,0.0016
4725,2.1274102691972717e-12,0.0016
4726,2.1211000292630723e-12,0.0016
4727,2.11480681682342e-12,0.0016
4728,2.1085305962748273e-12,0.0016
4729,2.102271332133799e-12,0.0016
4730,2.0960289888094165e-12,0.0016
4731,2.0898035308546978e-12,0.0016
4732,2.0835949227730036e-12,0.0016
4733,2.077403129336641e-12,0.0016
4734,2.0712281151187342e-12,0.0016
4735,2.065069844813171e-12,0.0016
4736,2.0589282832841765e-12,0.0016
4737,2.0528033951319446e-12,0.0016
4738,2.0466951453564586e-12,0.0016
4739,2.0406034989164948e-12,0.0016
4740,2.0345284205714678e-12,0.0016
4741,2.0284698754679924e-12,0.0016
4742,2.0224278285245894e-12,0.0016
4743,2.0164022448429197e-12,0.0016
4744,2.010393089608071e-12,0.0016
4745,2.0044003278803956e-12,0.0016
4746,1.9984239249792124e-12,0.0016
4747,1.992463846174822e-12,0.0016
4748,1.9865200566754795e-12,0.0016
4749,1.980592521899522e-12,0.0016
4750,1.9746812072372452e-12,0.0016
4751,1.968786078058109e-12,0.0016
4752,1.9629070998701323e-12,0.0016
4753,1.9570442383592394e-12,0.0016
4754,1.951197458882092e-12,0.0016
4755,1.945366727235357e-12,0.0016
4756,1.939552008998536e-12,0.0016
4757,1.9337532698429346e-12,0.0016
4758,1.9279704757008673e-12,0.0016
4759,1.922203592204307e-12,0.0016
4760,1.9164525853462118e-12,0.0016
4761,1.9107174209629695e-12,0.0016
4762,1.9049980649109748e-12,0.0016
4763,1.899294483266546e-12,0.0016
4764,1.893606642143477e-12,0.0016
4765,1.887934507458669e-12,0.0016
4766,1.8822780455348863e-12,0.0016
4767,1.876637222300859e-12,0.0016
4768,1.871012004139915e-12,0.0016
4769,1.865402357344458e-12,0.0016
4770,1.8598082481585264e-12,0.0016
4771,1.8542296429278215e-12,0.0016
4772,1.8486665080179728e-12,0.0016
4773,1.843118810011132e-12,0.0016
4774,1.8375865152938575e-12,0.0016
4775,1.832069590441451e-12,0.0016
4776,1.826568002041193e-12,0.0016
4777,1.821081716731623e-12,0.0016
4778,1.8156107011191085e-12,0.0016
4779,1.8101549220382309e-12,0.0016
4780,1.804714346234183e-12,0.0016
4781,1.799288940421883e-12,0.0016
4782,1.7938786715135069e-12,0.0016
4783,1.788483506548106e-12,0.0016
4784,1.783103412269135e-12,0.0016
4785,1.7777383557235542e-12,0.0016
4786,1.7723883040990173e-12,0.0016
4787,1.7670532243266373e-12,0.0016
4788,1.7617330836170734e-12,0.0016
4789,1.7564278492120099e-12,0.0016
4790,1.7511374881807368e-12,0.0016
4791,1.7458619679279102e-12,0.0016
4792,1.740601255628461e-12,0.0016
4793,1.735355318844084e-12,0.0016
4794,1.7301241248512536e-12,0.0016
4795,1.7249076411681696e-12,0.0016
4796,1.7197058352818204e-12,0.0016
4797,1.7145186746286966e-12,0.0016
4798,1.7093461269846276e-12,0.0016
4799,1.704188159933473e-12,0.0016
4800,1.6990447411298213e-12,0.0016
4801,1.6939158382773524e-12,0.0016
4802,1.6888014192133807e-12,0.0016
4803,1.6837014517771755e-12,0.0016
4804,1.6786159037375272e-12,0.0016
4805,1.6735447431239187e-12,0.0016
4806,1.6684879379011567e-12,0.0016
4807,1.6634454559627625e-12,0.0016
4808,1.6584172653548816e-12,0.0016
4809,1.6534033344414772e-12,0.0016
4810,1.6484036310314898e-12,0.0016
4811,1.643418123543461e-12,0.0016
4812,1.6384467800750248e-12,0.0016
4813,1.6334895689558315e-12,0.0016
4814,1.628546458523042e-12,0.0016
4815,1.6236174171571036e-12,0.0016
4816,1.618702413355668e-12,0.0016
4817,1.6138014154038081e-12,0.0016
4818,1.6089143919800077e-12,0.0016
4819,1.6040413115369288e-12,0.0016
4820,1.599182142752982e-12,0.0016
4821,1.5943368542194855e-12,0.0016
4822,1.5895054146742272e-12,0.0016
4823,1.5846877928455759e-12,0.0016
4824,1.5798839575282966e-12,0.0016
4825,1.5750938775536072e-12,0.0016
4826,1.5703175218027457e-12,0.0016
4827,1.5655548591289697e-12,0.0016
4828,1.5608058586304953e-12,0.0016
4829,1.556070489221517e-12,0.0016
4830,1.5513487200327008e-12,0.0016
4831,1.5466405201311528e-12,0.0016
4832,1.5419458587449794e-12,0.0016
4833,1.5372647049822164e-12,0.0016
4834,1.5325970280467506e-12,0.0016
4835,1.5279427973652626e-12,0.0016
4836,1.5233019822437453e-12,0.0016
4837,1.5186745520377544e-12,0.0016
4838,1.5140604762029789e-12,0.0016
4839,1.5094597241298736e-12,0.0016
4840,1.504872265421043e-12,0.0016
4841,1.5002980695715457e-12,0.0016
4842,1.495737106305274e-12,0.0016
4843,1.4911893452190692e-12,0.0016
4844,1.4866547559808133e-12,0.0016
4845,1.4821333084137154e-12,0.0016
4846,1.4776249722547527e-12,0.0016
4847,1.4731297173945582e-12,0.0016
4848,1.4686475136987137e-12,0.0016
4849,1.4641783310227515e-12,0.0016
4850,1.4597221394869381e-12,0.0016
4851,1.4552789090298162e-12,0.0016
4852,1.4508486097004662e-12,0.0016
4853,1.4464312117100383e-12,0.0016
4854,1.4420266851442486e-12,0.0016
4855,1.4376350002512859e-12,0.0016
4856,1.4332561272032637e-12,0.0016
4857,1.4288900363201618e-12,0.0016
4858,1.4245366981147863e-12,0.0016
4859,1.420196082752544e-12,0.0016
4860,1.4158681607895154e-12,0.0016
4861,1.4115529026553863e-12,0.0016
4862,1.4072502789422314e-12,0.0016
4863,1.402960260151467e-12,0.0016
4864,1.398682816891365e-12,0.0016
4865,1.3944179199113844e-12,0.0016
4866,1.390165539879216e-12,0.0016
4867,1.3859256475068149e-12,0.0016
4868,1.381698213622364e-12,0.0016
4869,1.377483209066162e-12,0.0016
4870,1.3732806047751874e-12,0.0016
4871,1.3690903716859376e-12,0.0016
4872,1.3649124807023964e-12,0.0016
4873,1.360746902836216e-12,0.0016
4874,1.3565936093282335e-12,0.0016
4875,1.3524525711579971e-12,0.0016
4876,1.3483237595245592e-12,0.0016
4877,1.3442071455946709e-12,0.0016
4878,1.3401027007215223e-12,0.0016
4879,1.3360103960717172e-12,0.0016
4880,1.3319302031251117e-12,0.0016
4881,1.3278620932137573e-12,0.0016
4882,1.3238060377571788e-12,0.0016
4883,1.3197620082555107e-12,0.0016
4884,1.3157299762708865e-12,0.0016
4885,1.3117099133030318e-12,0.0016
4886,1.3077017909970793e-12,0.0016
4887,1.3037055810925445e-12,0.0016
4888,1.2997212551629665e-12,0.0016
4889,1.2957487850903527e-12,0.0016
4890,1.2917881426085237e-12,0.0016
4891,1.287839299492942e-12,0.0016
4892,1.283902227800787e-12,0.0016
4893,1.279976899382345e-12,0.0016
4894,1.2760632861273564e-12,0.0016
4895,1.2721613601687814e-12,0.0016
4896,1.2682710935859333e-12,0.0016
4897,1.264392458456338e-12,0.0016
4898,1.2605254269750452e-12,0.0016
4899,1.2566699712821922e-12,0.0016
4900,1.2528260637438567e-12,0.0016
4901,1.248993676519173e-12,0.0016
4902,1.2451727820670836e-12,0.0016
4903,1.2413633526327448e-12,0.0016
4904,1.237565360805315e-12,0.0016
4905,1.2337787789397352e-12,0.0016
4906,1.230003579688588e-12,0.0016
4907,1.2262397354505539e-12,0.0016
4908,1.2224872190435164e-12,0.0016
4909,1.2187460028712117e-12,0.0016
4910,1.2150160598566874e-12,0.0016
4911,1.2112973626915678e-12,0.0016
4912,1.2075898841307969e-12,0.0016
4913,1.2038935969206405e-12,0.0016
4914,1.200208474165636e-12,0.0016
4915,1.1965344886432429e-12,0.0016
4916,1.1928716133313453e-12,0.0016
4917,1.189219821223836e-12,0.0016
4918,1.185579085465877e-12,0.0016
4919,1.181949379202559e-12,0.0016
4920,1.1783306754376737e-12,0.0016
4921,1.1747229473996236e-12,0.0016
4922,1.1711261683834938e-12,0.0016
4923,1.1675403116665193e-12,0.0016
4924,1.1639653505183156e-12,0.0016
4925,1.16040125845666e-12,0.0016
4926,1.1568480087491674e-12,0.0016
4927,1.1533055749233965e-12,0.0016
4928,1.1497739304795353e-12,0.0016
4929,1.1462530489811278e-12,0.0016
4930,1.1427429040299744e-12,0.0016
4931,1.139243469228446e-12,0.0016
4932,1.1357547183133706e-12,0.0016
4933,1.1322766250371841e-12,0.0016
4934,1.1288091630325212e-12,0.0016
4935,1.1253523062601255e-12,0.0016
4936,1.1219060285936673e-12,0.0016
4937,1.1184703038853796e-12,0.0016
4938,1.1150451060566388e-12,0.0016
4939,1.1116304091974943e-12,0.0016
4940,1.1082261872624629e-12,0.0016
4941,1.1048324144487136e-12,0.0016
4942,1.1014490647002158e-12,0.0016
4943,1.098076112392781e-12,0.0016
4944,1.0947135316306565e-12,0.0016
4945,1.0913612967530785e-12,0.0016
4946,1.088019382031816e-12,0.0016
4947,1.0846877617630312e-12,0.0016
4948,1.0813664104471726e-12,0.0016
4949,1.0780553024871302e-12,0.0016
4950,1.0747544123423633e-12,0.0016
4951,1.071463714561546e-12,0.0016
4952,1.0681831836878243e-12,0.0016
4953,1.064912794415893e-12,0.0016
4954,1.0616525213368043e-12,0.0016
4955,1.0584023391812044e-12,0.0016
4956,1.055162222676441e-12,0.0016
4957,1.0519321466545237e-12,0.0016
4958,1.048712085950693e-12,0.0016
4959,1.0455020155091573e-12,0.0016
4960,1.0423019100425997e-12,0.0016
4961,1.0391117447477371e-12,0.0016
4962,1.0359314945746892e-12,0.0016
4963,1.0327611345195216e-12,0.0016
4964,1.0296006397729145e-12,0.0016
4965,1.0264499853343482e-12,0.0016
4966,1.0233091465942809e-12,0.0016
4967,1.020178098695029e-12,0.0016
4968,1.0170568168631993e-12,0.0016
4969,1.0139452764839623e-12,0.0016
4970,1.0108434528929815e-12,0.0016
4971,1.0077513214761615e-12,0.0016
4972,1.0046688577624466e-12,0.0016
4973,1.0015960371864659e-12,0.0016
4974,9.985328353140767e-13,0.0016
4975,9.95479227725979e-13,0.0016
4976,9.92435190025013e-13,0.0016
4977,9.89400697881911e-13,0.0016
4978,9.863757270719015e-13,0.0016
4979,9.833602532663506e-13,0.0016
4980,9.803542522993139e-13,0.0016
4981,9.773577000723218e-13,0.0016
4982,9.74370572394924e-13,0.0016
4983,9.713928452249335e-13,0.0016
4984,9.68424494515031e-13,0.0016
4985,9.654654963289799e-13,0.0016
4986,9.625158267480374e-13,0.0016
4987,9.595754617530927e-13,0.0016
4988,9.566443775926853e-13,0.0016
4989,9.537225505012567e-13,0.0016
4990,9.508099565731423e-13,0.0016
4991,9.47906572221547e-13,0.0016
4992,9.45012373650143e-13,0.0016
4993,9.421273372888616e-13,0.0016
4994,9.392514395497853e-13,0.0016
4995,9.363846568478867e-13,0.0016
4996,9.335269657168196e-13,0.0016
4997,9.306783426725026e-13,0.0016
4998,9.278387642672325e-13,0.0016
4999,9.250082071646557e-13,0.0016
5000,9.22186647976521e-13,0.0012800000000000003
5001,9.199361642180885e-13,0.0012800000000000003
5002,9.17691929673361e-13,0.0012800000000000003
5003,9.15453856236228e-13,0.0012800000000000003
5004,9.132218633716798e-13,0.0012800000000000003
5005,9.109958776941316e-13,0.0012800000000000003
5006,9.087758320589552e-13,0.0012800000000000003
5007,9.065616651582833e-13,0.0012800000000000003
5008,9.043533207154799e-13,0.0012800000000000003
5009,9.021507470714787e-13,0.0012800000000000003
5010,8.999538968016588e-13,0.0012800000000000003
5011,8.977627260336583e-13,0.0012800000000000003
5012,8.955771946542091e-13,0.0012800000000000003
5013,8.933972652588786e-13,0.0012800000000000003
5014,8.912229032374348e-13,0.0012800000000000003
5015,8.890540766006111e-13,0.0012800000000000003
5016,8.868907553753572e-13,0.0012800000000000003
5017,8.847329118777304e-13,0.0012800000000000003
5018,8.82580519855319e-13,0.0012800000000000003
5019,8.804335549971416e-13,0.0012800000000000003
5020,8.782919943358345e-13,0.0012800000000000003
5021,8.761558161935415e-13,0.0012800000000000003
5022,8.740250001368539e-13,0.0012800000000000003
5023,8.718995268029616e-13,0.0012800000000000003
5024,8.697793777963969e-13,0.0012800000000000003
5025,8.676645355096024e-13,0.0012800000000000003
5026,8.655549832146997e-13,0.0012800000000000003
5027,8.634507049433427e-13,0.0012800000000000003
5028,8.613516852250025e-13,0.0012800000000000003
5029,8.592579092095894e-13,0.0012800000000000003
5030,8.571693626168847e-13,0.0012800000000000003
5031,8.550860316209964e-13,0.0012800000000000003
5032,8.53007902801586e-13,0.0012800000000000003
5033,8.509349630785685e-13,0.0012800000000000003
5034,8.488671998207478e-13,0.0012800000000000003
5035,8.468046006914164e-13,0.0012800000000000003
5036,8.44747153463575e-13,0.0012800000000000003
5037,8.42694846438803e-13,0.0012800000000000003
5038,8.40647667880847e-13,0.0012800000000000003
5039,8.38605606516933e-13,0.0012800000000000003
5040,8.365686510058496e-13,0.0012800000000000003
5041,8.345367904113314e-13,0.0012800000000000003
5042,8.325100138160696e-13,0.0012800000000000003
5043,8.304883104408002e-13,0.0012800000000000003
5044,8.284716696869398e-13,0.0012800000000000003
5045,8.264600811215959e-13,0.0012800000000000003
5046,8.24453534224275e-13,0.0012800000000000003
5047,8.224520187899886e-13,0.0012800000000000003
5048,8.204555245433472e-13,0.0012800000000000003
5049,8.18464041423597e-13,0.0012800000000000003
5050,8.16477559303551e-13,0.0012800000000000003
5051,8.144960682068403e-13,0.0012800000000000003
5052,8.125195581996219e-13,0.0012800000000000003
5053,8.10548019424777e-13,0.0012800000000000003
5054,8.085814419798838e-13,0.0012800000000000003
5055,8.066198161758016e-13,0.0012800000000000003
5056,8.046631322560507e-13,0.0012800000000000003
5057,8.027113805271687e-13,0.0012800000000000003
5058,8.007645512505957e-13,0.0012800000000000003
5059,7.988226349511933e-13,0.0012800000000000003
5060,7.968856218725525e-13,0.0012800000000000003
5061,7.9495350255223e-13,0.0012800000000000003
5062,7.930262674266824e-13,0.0012800000000000003
5063,7.911039070399198e-13,0.0012800000000000003
5064,7.891864118003247e-13,0.0012800000000000003
5065,7.872737722735041e-13,0.0012800000000000003
5066,7.853659791493048e-13,0.0012800000000000003
5067,7.834630228308853e-13,0.0012800000000000003
5068,7.815648940225119e-13,0.0012800000000000003
5069,7.796715833440618e-13,0.0012800000000000003
5070,7.777830813575448e-13,0.0012800000000000003
5071,7.758993787976219e-13,0.0012800000000000003
5072,7.740204663041103e-13,0.0012800000000000003
5073,7.721463345479139e-13,0.0012800000000000003
5074,7.702769742602928e-13,0.0012800000000000003
5075,7.684123761253916e-13,0.0012800000000000003
5076,7.665525308844573e-13,0.0012800000000000003
5077,7.646974293159129e-13,0.0012800000000000003
5078,7.62847062182783e-13,0.0012800000000000003
5079,7.610014200928234e-13,0.0012800000000000003
5080,7.591604941026209e-13,0.0012800000000000003
5081,7.573242747573453e-13,0.0012800000000000003
5082,7.554927530613589e-13,0.0012800000000000003
5083,7.536659197077891e-13,0.0012800000000000003
5084,7.518437655435294e-13,0.0012800000000000003
5085,7.500262814805393e-13,0.0012800000000000003
5086,7.482134583376157e-13,0.0012800000000000003
5087,7.464052869711866e-13,0.0012800000000000003
5088,7.446017582799395e-13,0.0012800000000000003
5089,7.428028631083364e-13,0.0012800000000000003
5090,7.410085924111653e-13,0.0012800000000000003
5091,7.392189370848514e-13,0.0012800000000000003
5092,7.374338880782459e-13,0.0012800000000000003
5093,7.356534362866433e-13,0.0012800000000000003
5094,7.338775726404628e-13,0.0012800000000000003
5095,7.321062881354906e-13,0.0012800000000000003
5096,7.303395737825877e-13,0.0012800000000000003
5097,7.285774204532841e-13,0.0012800000000000003
5098,7.268198191780282e-13,0.0012800000000000003
5099,7.25066761011812e-13,0.0012800000000000003
5100,7.233182369283874e-13,0.0012800000000000003
5101,7.215742378970724e-13,0.0012800000000000003
5102,7.198347550427583e-13,0.0012800000000000003
5103,7.180997793514643e-13,0.0012800000000000003
5104,7.163693018085318e-13,0.0012800000000000003
5105,7.146433136075151e-13,0.0012800000000000003
5106,7.129218057725077e-13,0.0012800000000000003
5107,7.112047694317818e-13,0.0012800000000000003
5108,7.094921955040684e-13,0.0012800000000000003
5109,7.077840753426264e-13,0.0012800000000000003
5110,7.060803998823886e-13,0.0012800000000000003
5111,7.043811603201097e-13,0.0012800000000000003
5112,7.02686347796047e-13,0.0012800000000000003
5113,7.009959534214184e-13,0.0012800000000000003
5114,6.993099683630203e-13,0.0012800000000000003
5115,6.976283838352156e-13,0.0012800000000000003
5116,6.959511909620452e-13,0.0012800000000000003
5117,6.942783809298317e-13,0.0012800000000000003
5118,6.926099449700289e-13,0.0012800000000000003
5119,6.909458743106639e-13,0.0012800000000000003
5120,6.892861601167311e-13,0.0012800000000000003
5121,6.876307936677423e-13,0.0012800000000000003
5122,6.859797661606733e-13,0.0012800000000000003
5123,6.843330688599324e-13,0.0012800000000000003
5124,6.826906930479394e-13,0.0012800000000000003
5125,6.810526299891178e-13,0.0012800000000000003
5126,6.794188709620366e-13,0.0012800000000000003
5127,6.777894072500233e-13,0.0012800000000000003
5128,6.761642302068789e-13,0.0012800000000000003
5129,6.745433310848837e-13,0.0012800000000000003
5130,6.729267012276266e-13,0.0012800000000000003
5131,6.713143319485443e-13,0.0012800000000000003
5132,6.697062147051739e-13,0.0012800000000000003
5133,6.681023407117584e-13,0.0012800000000000003
5134,6.66502701396997e-13,0.0012800000000000003
5135,6.649072880957443e-13,0.0012800000000000003
5136,6.633160922671342e-13,0.0012800000000000003
5137,6.617291053194561e-13,0.0012800000000000003
5138,6.601463185794868e-13,0.0012800000000000003
5139,6.585677234868181e-13,0.0012800000000000003
5140,6.569933115475232e-13,0.0012800000000000003
5141,6.554230741229126e-13,0.0012800000000000003
5142,6.53857002638532e-13,0.0012800000000000003
5143,6.522950886253271e-13,0.0012800000000000003
5144,6.507373235485716e-13,0.0012800000000000003
5145,6.491836988943657e-13,0.0012800000000000003
5146,6.476342060893121e-13,0.0012800000000000003
5147,6.460888366890544e-13,0.0012800000000000003
5148,6.445475822663954e-13,0.0012800000000000003
5149,6.430104342029217e-13,0.0012800000000000003
5150,6.414773841599852e-13,0.0012800000000000003
5151,6.39948423597711e-13,0.0012800000000000003
5152,6.384235441671656e-13,0.0012800000000000003
5153,6.369027373730688e-13,0.0012800000000000003
5154,6.353859946929998e-13,0.0012800000000000003
5155,6.338733079518022e-13,0.0012800000000000003
5156,6.323646685516065e-13,0.0012800000000000003
5157,6.308600681931791e-13,0.0012800000000000003
5158,6.293594985138753e-13,0.0012800000000000003
5159,6.278629510114134e-13,0.0012800000000000003
5160,6.263704174740653e-13,0.0012800000000000003
5161,6.248818894398829e-13,0.0012800000000000003
5162,6.233973586688807e-13,0.0012800000000000003
5163,6.219168167689336e-13,0.0012800000000000003
5164,6.204402555070199e-13,0.0012800000000000003
5165,6.1896766641609e-13,0.0012800000000000003
5166,6.174990413788302e-13,0.0012800000000000003
5167,6.160343719939855e-13,0.0012800000000000003
5168,6.145736499868469e-13,0.0012800000000000003
5169,6.131168672082694e-13,0.0012800000000000003
5170,6.116640152851346e-13,0.0012800000000000003
5171,6.102150860367507e-13,0.0012800000000000003
5172,6.087700712251125e-13,0.0012800000000000003
5173,6.073289625678218e-13,0.0012800000000000003
5174,6.058917519292338e-13,0.0012800000000000003
5175,6.044584310580553e-13,0.0012800000000000003
5176,6.030289918046225e-13,0.0012800000000000003
5177,6.016034260245977e-13,0.0012800000000000003
5178,6.001817254332632e-13,0.0012800000000000003
5179,5.987638819565807e-13,0.0012800000000000003
5180,5.973498874313943e-13,0.0012800000000000003
5181,5.959397337190201e-13,0.0012800000000000003
5182,5.945334127055189e-13,0.0012800000000000003
5183,5.931309162208599e-13,0.0012800000000000003
5184,5.917322362608923e-13,0.0012800000000000003
5185,5.903373646212323e-13,0.0012800000000000003
5186,5.889462933237429e-13,0.0012800000000000003
5187,5.875590142220674e-13,0.0012800000000000003
5188,5.861755192531044e-13,0.0012800000000000003
5189,5.84795800428662e-13,0.0012800000000000003
5190,5.834198496497074e-13,0.0012800000000000003
5191,5.820476589655962e-13,0.0012800000000000003
5192,5.806792202014823e-13,0.0012800000000000003
5193,5.793145255057881e-13,0.0012800000000000003
5194,5.77953566822536e-13,0.0012800000000000003
5195,5.765963361450656e-13,0.0012800000000000003
5196,5.752428255000668e-13,0.0012800000000000003
5197,5.738930269261246e-13,0.0012800000000000003
5198,5.725469325096453e-13,0.0012800000000000003
5199,5.712045342604924e-13,0.0012800000000000003
5200,5.698658242797236e-13,0.0012800000000000003
5201,5.685307946097061e-13,0.0012800000000000003
5202,5.671994373523533e-13,0.0012800000000000003
5203,5.658717445567037e-13,0.0012800000000000003
5204,5.64547708447031e-13,0.0012800000000000003
5205,5.632273210619879e-13,0.0012800000000000003
5206,5.61910574540471e-13,0.0012800000000000003
5207,5.605974609939349e-13,0.0012800000000000003
5208,5.592879726375446e-13,0.0012800000000000003
5209,5.579821016209107e-13,0.0012800000000000003
5210,5.566798400585733e-13,0.0012800000000000003
5211,5.553811801876985e-13,0.0012800000000000003
5212,5.540861142360733e-13,0.0012800000000000003
5213,5.527946343299418e-13,0.0012800000000000003
5214,5.515067327170702e-13,0.0012800000000000003
5215,5.502224015850779e-13,0.0012800000000000003
5216,5.489416332703788e-13,0.0012800000000000003
5217,5.476644199470213e-13,0.0012800000000000003
5218,5.463907538451154e-13,0.0012800000000000003
5219,5.451206273509774e-13,0.0012800000000000003
5220,5.438540326172132e-13,0.0012800000000000003
5221,5.425909620196122e-13,0.0012800000000000003
5222,5.413314077875126e-13,0.0012800000000000003
5223,5.400753622949218e-13,0.0012800000000000003
5224,5.388228178277736e-13,0.0012800000000000003
5225,5.375737667760091e-13,0.0012800000000000003
5226,5.363282013980527e-13,0.0012800000000000003
5227,5.350861140903069e-13,0.0012800000000000003
5228,5.338474972278633e-13,0.0012800000000000003
5229,5.326123431699164e-13,0.0012800000000000003
5230,5.313806443457914e-13,0.0012800000000000003
5231,5.301523930745016e-13,0.0012800000000000003
5232,5.289275818542217e-13,0.0012800000000000003
5233,5.277062030349907e-13,0.0012800000000000003
5234,5.264882490663899e-13,0.0012800000000000003
5235,5.252737124098607e-13,0.0012800000000000003
5236,5.240625855035107e-13,0.0012800000000000003
5237,5.228548607724777e-13,0.0012800000000000003
5238,5.216505307516587e-13,0.0012800000000000003
5239,5.204495878602448e-13,0.0012800000000000003
5240,5.192520246532642e-13,0.0012800000000000003
5241,5.180578335856644e-13,0.0012800000000000003
5242,5.168670072184754e-13,0.0012800000000000003
5243,5.156795380372126e-13,0.0012800000000000003
5244,5.144954185954557e-13,0.0012800000000000003
5245,5.133146414832505e-13,0.0012800000000000003
5246,5.121371991716333e-13,0.0012800000000000003
5247,5.109630842787459e-13,0.0012800000000000003
5248,5.097922893943158e-13,0.0012800000000000003
5249,5.086248070595627e-13,0.0012800000000000003
5250,5.074606299064742e-13,0.0012800000000000003
5251,5.062997505767905e-13,0.0012800000000000003
5252,5.051421616813988e-13,0.0012800000000000003
5253,5.039878557972536e-13,0.0012800000000000003
5254,5.028368256092691e-13,0.0012800000000000003
5255,5.016890637982149e-13,0.0012800000000000003
5256,5.005445629855577e-13,0.0012800000000000003
5257,4.994033158427136e-13,0.0012800000000000003
5258,4.982653150699591e-13,0.0012800000000000003
5259,4.971305534197416e-13,0.0012800000000000003
5260,4.959990235245244e-13,0.0012800000000000003
5261,4.948707181222694e-13,0.0012800000000000003
5262,4.937456299735274e-13,0.0012800000000000003
5263,4.926237517525649e-13,0.0012800000000000003
5264,4.915050762741758e-13,0.0012800000000000003
5265,4.903895962531639e-13,0.0012800000000000003
5266,4.892773044685767e-13,0.0012800000000000003
5267,4.88168193776494e-13,0.0012800000000000003
5268,4.870622568961801e-13,0.0012800000000000003
5269,4.859594866329488e-13,0.0012800000000000003
5270,4.848598757826752e-13,0.0012800000000000003
5271,4.837634172421678e-13,0.0012800000000000003
5272,4.826701037857323e-13,0.0012800000000000003
5273,4.815799282789711e-13,0.0012800000000000003
5274,4.804928836054918e-13,0.0012800000000000003
5275,4.794089626249173e-13,0.0012800000000000003
5276,4.783281581855027e-13,0.0012800000000000003
5277,4.772504631632827e-13,0.0012800000000000003
5278,4.761758705384911e-13,0.0012800000000000003
5279,4.751043731232474e-13,0.0012800000000000003
5280,4.74035963910037e-13,0.0012800000000000003
5281,4.729706357966964e-13,0.0012800000000000003
5282,4.719083817576915e-13,0.0012800000000000003
5283,4.708491947042446e-13,0.0012800000000000003
5284,4.697930676111855e-13,0.0012800000000000003
5285,4.687399935082434e-13,0.0012800000000000003
5286,4.676899652650707e-13,0.0012800000000000003
5287,4.666429760245594e-13,0.0012800000000000003
5288,4.655990186841042e-13,0.0012800000000000003
5289,4.645580862902667e-13,0.0012800000000000003
5290,4.635201719080028e-13,0.0012800000000000003
5291,4.62485268490126e-13,0.0012800000000000003
5292,4.61453369135895e-13,0.0012800000000000003
5293,4.604244669211761e-13,0.0012800000000000003
5294,4.593985549247791e-13,0.0012800000000000003
5295,4.583756261707001e-13,0.0012800000000000003
5296,4.573556738294404e-13,0.0012800000000000003
5297,4.563386909286031e-13,0.0012800000000000003
5298,4.553246706162041e-13,0.0012800000000000003
5299,4.5431360600610826e-13,0.0012800000000000003
5300,4.5330549025674644e-13,0.0012800000000000003
5301,4.5230031648996574e-13,0.0012800000000000003
5302,4.512980778359119e-13,0.0012800000000000003
5303,4.502987675314075e-13,0.0012800000000000003
5304,4.4930237866716597e-13,0.0012800000000000003
5305,4.4830890450132177e-13,0.0012800000000000003
5306,4.473183382301807e-13,0.0012800000000000003
5307,4.4633067300102007e-13,0.0012800000000000003
5308,4.453459020886928e-13,0.0012800000000000003
5309,4.4436401866834654e-13,0.0012800000000000003
5310,4.433850160358038e-13,0.0012800000000000003
5311,4.424088874515285e-13,0.0012800000000000003
5312,4.4143562611179656e-13,0.0012800000000000003
5313,4.404652253491285e-13,0.0012800000000000003
5314,4.3949767840227556e-13,0.0012800000000000003
5315,4.38532978582325e-13,0.0012800000000000003
5316,4.3757111922837965e-13,0.0012800000000000003
5317,4.3661209357392553e-13,0.0012800000000000003
5318,4.3565589504224306e-13,0.0012800000000000003
5319,4.347025168635551e-13,0.0012800000000000003
5320,4.337519524917312e-13,0.0012800000000000003
5321,4.328041951584752e-13,0.0012800000000000003
5322,4.3185923835354054e-13,0.0012800000000000003
5323,4.309170753957752e-13,0.0012800000000000003
5324,4.299776997133321e-13,0.0012800000000000003
5325,4.290411046296498e-13,0.0012800000000000003
5326,4.281072836187282e-13,0.0012800000000000003
5327,4.2717623005233693e-13,0.0012800000000000003
5328,4.262479374118837e-13,0.0012800000000000003
5329,4.2532239913980807e-13,0.0012800000000000003
5330,4.2439960864718225e-13,0.0012800000000000003
5331,4.2347955939759326e-13,0.0012800000000000003
5332,4.225622448901956e-13,0.0012800000000000003
5333,4.216476585570555e-13,0.0012800000000000003
5334,4.207357939763818e-13,0.0012800000000000003
5335,4.1982664463005244e-13,0.0012800000000000003
5336,4.189202039515071e-13,0.0012800000000000003
5337,4.1801646555457126e-13,0.0012800000000000003
5338,4.1711542293552504e-13,0.0012800000000000003
5339,4.1621706969288527e-13,0.0012800000000000003
5340,4.1532139930596517e-13,0.0012800000000000003
5341,4.14428405383049e-13,0.0012800000000000003
5342,4.135380815213453e-13,0.0012800000000000003
5343,4.126504212563719e-13,0.0012800000000000003
5344,4.11765418211757e-13,0.0012800000000000003
5345,4.108830660150806e-13,0.0012800000000000003
5346,4.100033582533941e-13,0.0012800000000000003
5347,4.0912628859773095e-13,0.0012800000000000003
5348,4.082518506749384e-13,0.0012800000000000003
5349,4.0738003807560673e-13,0.0012800000000000003
5350,4.0651084457379003e-13,0.0012800000000000003
5351,4.0564426374981373e-13,0.0012800000000000003
5352,4.04780289349273e-13,0.0012800000000000003
5353,4.039189149925565e-13,0.0012800000000000003
5354,4.030601344517152e-13,0.0012800000000000003
5355,4.022039413941935e-13,0.0012800000000000003
5356,4.013503295562154e-13,0.0012800000000000003
5357,4.004992927001387e-13,0.0012800000000000003
5358,3.9965082456404885e-13,0.0012800000000000003
5359,3.988049188801687e-13,0.0012800000000000003
5360,3.979615694365063e-13,0.0012800000000000003
5361,3.9712076997540115e-13,0.0012800000000000003
5362,3.9628251430578444e-13,0.0012800000000000003
5363,3.954467962538797e-13,0.0012800000000000003
5364,3.9461360958707937e-13,0.0012800000000000003
5365,3.9378294813704865e-13,0.0012800000000000003
5366,3.92954805693645e-13,0.0012800000000000003
5367,3.921291761940443e-13,0.0012800000000000003
5368,3.9130605337903666e-13,0.0012800000000000003
5369,3.904854311888164e-13,0.0012800000000000003
5370,3.896673034212551e-13,0.0012800000000000003
5371,3.8885166402185345e-13,0.0012800000000000003
5372,3.8803850686625564e-13,0.0012800000000000003
5373,3.872278258274794e-13,0.0012800000000000003
5374,3.8641961483619737e-13,0.0012800000000000003
5375,3.85613867801825e-13,0.0012800000000000003
5376,3.848105787116634e-13,0.0012800000000000003
5377,3.8400974142406404e-13,0.0012800000000000003
5378,3.832113499393711e-13,0.0012800000000000003
5379,3.824153982335184e-13,0.0012800000000000003
5380,3.8162188019078803e-13,0.0012800000000000003
5381,3.808307899490077e-13,0.0012800000000000003
5382,3.8004212137802796e-13,0.0012800000000000003
5383,3.792558684980064e-13,0.0012800000000000003
5384,3.784720253990743e-13,0.0012800000000000003
5385,3.7769058602453407e-13,0.0012800000000000003
5386,3.7691154443265977e-13,0.0012800000000000003
5387,3.7613489471739245e-13,0.0012800000000000003
5388,3.7536063084313325e-13,0.0012800000000000003
5389,3.745887469545477e-13,0.0012800000000000003
5390,3.7381923708426236e-13,0.0012800000000000003
5391,3.730520953613835e-13,0.0012800000000000003
5392,3.722873158404649e-13,0.0012800000000000003
5393,3.715248926195303e-13,0.0012800000000000003
5394,3.707648198813287e-13,0.0012800000000000003
5395,3.7000709171163426e-13,0.0012800000000000003
5396,3.692517022174971e-13,0.0012800000000000003
5397,3.6849864558503634e-13,0.0012800000000000003
5398,3.6774791598137563e-13,0.0012800000000000003
5399,3.6699950756391064e-13,0.0012800000000000003
5400,3.662534144942469e-13,0.0012800000000000003
5401,3.655096310074971e-13,0.0012800000000000003
5402,3.647681512503127e-13,0.0012800000000000003
5403,3.6402896945644084e-13,0.0012800000000000003
5404,3.6329207983688294e-13,0.0012800000000000003
5405,3.6255747662397156e-13,0.0012800000000000003
5406,3.6182515407851383e-13,0.0012800000000000003
5407,3.610951064074076e-13,0.0012800000000000003
5408,3.603673279189037e-13,0.0012800000000000003
5409,3.5964181286871905e-13,0.0012800000000000003
5410,3.5891855552332276e-13,0.0012800000000000003
5411,3.5819755017666645e-13,0.0012800000000000003
5412,3.574787911128409e-13,0.0012800000000000003
5413,3.567622726945836e-13,0.0012800000000000003
5414,3.560479892316899e-13,0.0012800000000000003
5415,3.553359349993754e-13,0.0012800000000000003
5416,3.546261043557158e-13,0.0012800000000000003
5417,3.539184917087244e-13,0.0012800000000000003
5418,3.532130914173135e-13,0.0012800000000000003
5419,3.525098977679785e-13,0.0012800000000000003
5420,3.5180890521668826e-13,0.0012800000000000003
5421,3.5111010814438927e-13,0.0012800000000000003
5422,3.5041350093038474e-13,0.0012800000000000003
5423,3.4971907802430643e-13,0.0012800000000000003
5424,3.490268338122558e-13,0.0012800000000000003
5425,3.4833676272356874e-13,0.0012800000000000003
5426,3.4764885924892527e-13,0.0012800000000000003
5427,3.4696311776720285e-13,0.0012800000000000003
5428,3.462795328111092e-13,0.0012800000000000003
5429,3.4559809881282146e-13,0.0012800000000000003
5430,3.4491881027135216e-13,0.0012800000000000003
5431,3.442416616841926e-13,0.0012800000000000003
5432,3.435666475127348e-13,0.0012800000000000003
5433,3.4289376232344815e-13,0.0012800000000000003
5434,3.422230006300463e-13,0.0012800000000000003
5435,3.4155435693347816e-13,0.0012800000000000003
5436,3.4088782580664835e-13,0.0012800000000000003
5437,3.402234018196539e-13,0.0012800000000000003
5438,3.3956107944263736e-13,0.0012800000000000003
5439,3.389008533698886e-13,0.0012800000000000003
5440,3.3824271809214315e-13,0.0012800000000000003
5441,3.3758666824440733e-13,0.0012800000000000003
5442,3.3693269844628637e-13,0.0012800000000000003
5443,3.3628080326382353e-13,0.0012800000000000003
5444,3.356309773540916e-13,0.0012800000000000003
5445,3.3498321532019676e-13,0.0012800000000000003
5446,3.343375118277502e-13,0.0012800000000000003
5447,3.336938615369086e-13,0.0012800000000000003
5448,3.3305225908673066e-13,0.0012800000000000003
5449,3.3241269913856297e-13,0.0012800000000000003
5450,3.3177517642196363e-13,0.0012800000000000003
5451,3.3113968558749664e-13,0.0012800000000000003
5452,3.3050622135178677e-13,0.0012800000000000003
5453,3.298747784387207e-13,0.0012800000000000003
5454,3.292453515492195e-13,0.0012800000000000003
5455,3.2861793539157886e-13,0.0012800000000000003
5456,3.279925247847738e-13,0.0012800000000000003
5457,3.273691143873879e-13,0.0012800000000000003
5458,3.267476990326666e-13,0.0012800000000000003
5459,3.261282734559781e-13,0.0012800000000000003
5460,3.255108324707229e-13,0.0012800000000000003
5461,3.2489537082219473e-13,0.0012800000000000003
5462,3.242818829047438e-13,0.0012800000000000003
5463,3.236702552055617e-13,0.0012800000000000003
5464,3.2306035558924374e-13,0.0012800000000000003
5465,3.224521570769743e-13,0.0012800000000000003
5466,3.218456262530079e-13,0.0012800000000000003
5467,3.212407243953071e-13,0.0012800000000000003
5468,3.206374452489582e-13,0.0012800000000000003
5469,3.2003576679891913e-13,0.0012800000000000003
5470,3.1943568288325507e-13,0.0012800000000000003
5471,3.1883718748075217e-13,0.0012800000000000003
5472,3.182402619551355e-13,0.0012800000000000003
5473,3.1764490148663415e-13,0.0012800000000000003
5474,3.1705108937996385e-13,0.0012800000000000003
5475,3.16458814613431e-13,0.0012800000000000003
5476,3.15868070491556e-13,0.0012800000000000003
5477,3.15278842553786e-13,0.0012800000000000003
5478,3.146911256407181e-13,0.0012800000000000003
5479,3.1410490902301037e-13,0.0012800000000000003
5480,3.135201840009237e-13,0.0012800000000000003
5481,3.129369467425615e-13,0.0012800000000000003
5482,3.1235518925327145e-13,0.0012800000000000003
5483,3.1177490953606475e-13,0.0012800000000000003
5484,3.1119610274756623e-13,0.0012800000000000003
5485,3.106187629356714e-13,0.0012800000000000003
5486,3.1004288601014716e-13,0.0012800000000000003
5487,3.094684638855618e-13,0.0012800000000000003
5488,3.088954916361201e-13,0.0012800000000000003
5489,3.083239641886908e-13,0.0012800000000000003
5490,3.07753876676438e-13,0.0012800000000000003
5491,3.0718522695657967e-13,0.0012800000000000003
5492,3.066180109041679e-13,0.0012800000000000003
5493,3.0605222574107907e-13,0.0012800000000000003
5494,3.054878678614049e-13,0.0012800000000000003
5495,3.049249328502455e-13,0.0012800000000000003
5496,3.0436341750367276e-13,0.0012800000000000003
5497,3.0380331754509166e-13,0.0012800000000000003
5498,3.032446296893738e-13,0.0012800000000000003
5499,3.026873507694274e-13,0.0012800000000000003
5500,3.0213147729003336e-13,0.0012800000000000003
5501,3.01577006496303e-13,0.0012800000000000003
5502,3.010239350090541e-13,0.0012800000000000003
5503,3.0047225989642734e-13,0.0012800000000000003
5504,2.999219782903896e-13,0.0012800000000000003
5505,2.993730871148634e-13,0.0012800000000000003
5506,2.9882558363833723e-13,0.0012800000000000003
5507,2.9827946480452267e-13,0.0012800000000000003
5508,2.9773472757019363e-13,0.0012800000000000003
5509,2.9719136906241825e-13,0.0012800000000000003
5510,2.966493862039299e-13,0.0012800000000000003
5511,2.961087762368582e-13,0.0012800000000000003
5512,2.9556953638384614e-13,0.0012800000000000003
5513,2.9503166392794447e-13,0.0012800000000000003
5514,2.9449515623582023e-13,0.0012800000000000003
5515,2.9396001052116597e-13,0.0012800000000000003
5516,2.9342622406920243e-13,0.0012800000000000003
5517,2.9289379405851837e-13,0.0012800000000000003
5518,2.923627177091469e-13,0.0012800000000000003
5519,2.918329923215831e-13,0.0012800000000000003
5520,2.9130461516160046e-13,0.0012800000000000003
5521,2.9077758356554103e-13,0.0012800000000000003
5522,2.902518948824968e-13,0.0012800000000000003
5523,2.8972754644943493e-13,0.0012800000000000003
5524,2.8920453560479514e-13,0.0012800000000000003
5525,2.8868285967426416e-13,0.0012800000000000003
5526,2.8816251605449116e-13,0.0012800000000000003
5527,2.87643502054097e-13,0.0012800000000000003
5528,2.871258150545943e-13,0.0012800000000000003
5529,2.866094524146731e-13,0.0012800000000000003
5530,2.860944115165609e-13,0.0012800000000000003
5531,2.855806897109598e-13,0.0012800000000000003
5532,2.85068284384207e-13,0.0012800000000000003
5533,2.8455719293041855e-13,0.0012800000000000003
5534,2.840474127578131e-13,0.0012800000000000003
5535,2.835389412316362e-13,0.0012800000000000003
5536,2.830317758541111e-13,0.0012800000000000003
5537,2.825259139203051e-13,0.0012800000000000003
5538,2.820213529315476e-13,0.0012800000000000003
5539,2.8151809021971705e-13,0.0012800000000000003
5540,2.810161232200237e-13,0.0012800000000000003
5541,2.8051544938287394e-13,0.0012800000000000003
5542,2.80016066120514e-13,0.0012800000000000003
5543,2.7951797086109437e-13,0.0012800000000000003
5544,2.790211610234669e-13,0.0012800000000000003
5545,2.7852563410001236e-13,0.0012800000000000003
5546,2.7803138746816286e-13,0.0012800000000000003
5547,2.775384186117275e-13,0.0012800000000000003
5548,2.770467249427206e-13,0.0012800000000000003
5549,2.7655630393165697e-13,0.0012800000000000003
5550,2.7606715305846606e-13,0.0012800000000000003
5551,2.755792697377793e-13,0.0012800000000000003
5552,2.7509265145014935e-13,0.0012800000000000003
5553,2.746072956466097e-13,0.0012800000000000003
5554,2.741231998133087e-13,0.0012800000000000003
5555,2.7364036138508705e-13,0.0012800000000000003
5556,2.7315877789336113e-13,0.0012800000000000003
5557,2.7267844675396604e-13,0.0012800000000000003
5558,2.72199365466842e-13,0.0012800000000000003
5559,2.7172153154492266e-13,0.0012800000000000003
5560,2.712449424325386e-13,0.0012800000000000003
5561,2.707695955990932e-13,0.0012800000000000003
5562,2.7029548863184944e-13,0.0012800000000000003
5563,2.698226189409386e-13,0.0012800000000000003
5564,2.693509840316593e-13,0.0012800000000000003
5565,2.6888058145081697e-13,0.0012800000000000003
5566,2.6841140864230677e-13,0.0012800000000000003
5567,2.6794346317791964e-13,0.0012800000000000003
5568,2.6747674249462243e-13,0.0012800000000000003
5569,2.6701124414564846e-13,0.0012800000000000003
5570,2.6654696567979993e-13,0.0012800000000000003
5571,2.6608390455413196e-13,0.0012800000000000003
5572,2.656220583211813e-13,0.0012800000000000003
5573,2.6516142454302206e-13,0.0012800000000000003
5574,2.647020006930227e-13,0.0012800000000000003
5575,2.642437843037664e-13,0.0012800000000000003
5576,2.637867461159687e-13,0.0012800000000000003
5577,2.6333070324975953e-13,0.0012800000000000003
5578,2.628755819113072e-13,0.0012800000000000003
5579,2.6242135352371305e-13,0.0012800000000000003
5580,2.6196796925045713e-13,0.0012800000000000003
5581,2.615154028535084e-13,0.0012800000000000003
5582,2.610636404277206e-13,0.0012800000000000003
5583,2.6061266350493474e-13,0.0012800000000000003
5584,2.601624734018285e-13,0.0012800000000000003
5585,2.5971305942825254e-13,0.0012800000000000003
5586,2.5926441340238616e-13,0.0012800000000000003
5587,2.588165304651258e-13,0.0012800000000000003
5588,2.583693956584203e-13,0.0012800000000000003
5589,2.5792300318434793e-13,0.0012800000000000003
5590,2.5747734162455206e-13,0.0012800000000000003
5591,2.57032399560898e-13,0.0012800000000000003
5592,2.565881704985381e-13,0.0012800000000000003
5593,2.561446431988694e-13,0.0012800000000000003
5594,2.5570181370355935e-13,0.0012800000000000003
5595,2.552596785514164e-13,0.0012800000000000003
5596,2.5481823464634983e-13,0.0012800000000000003
5597,2.5437748299063386e-13,0.0012800000000000003
5598,2.539374199422945e-13,0.0012800000000000003
5599,2.5349804311147287e-13,0.0012800000000000003
5600,2.530593483434173e-13,0.0012800000000000003
5601,2.526213296658563e-13,0.0012800000000000003
5602,2.521839839926405e-13,0.0012800000000000003
5603,2.517473070972185e-13,0.0012800000000000003
5604,2.513112971409914e-13,0.0012800000000000003
5605,2.508759533026133e-13,0.0012800000000000003
5606,2.5044127379495327e-13,0.0012800000000000003
5607,2.500072583648478e-13,0.0012800000000000003
5608,2.4957390521357515e-13,0.0012800000000000003
5609,2.491412128356461e-13,0.0012800000000000003
5610,2.487091799281456e-13,0.0012800000000000003
5611,2.4827780444001843e-13,0.0012800000000000003
5612,2.4784708520900317e-13,0.0012800000000000003
5613,2.474170206099574e-13,0.0012800000000000003
5614,2.4698760918410927e-13,0.0012800000000000003
5615,2.465588500137055e-13,0.0012800000000000003
5616,2.4613074178874316e-13,0.0012800000000000003
5617,2.4570328394211e-13,0.0012800000000000003
5618,2.4527647573964353e-13,0.0012800000000000003
5619,2.448503164891111e-13,0.0012800000000000003
5620,2.444248055814494e-13,0.0012800000000000003
5621,2.4399994202399045e-13,0.0012800000000000003
5622,2.435757249304064e-13,0.0012800000000000003
5623,2.4315215330270344e-13,0.0012800000000000003
5624,2.4272922616673883e-13,0.0012800000000000003
5625,2.423069427909637e-13,0.0012800000000000003
5626,2.418853024776983e-13,0.0012800000000000003
5627,2.4146430463590403e-13,0.0012800000000000003
5628,2.410439487158064e-13,0.0012800000000000003
5629,2.406242340653629e-13,0.0012800000000000003
5630,2.4020516005457045e-13,0.0012800000000000003
5631,2.3978672604130004e-13,0.0012800000000000003
5632,2.393689313048721e-13,0.0012800000000000003
5633,2.3895177523939267e-13,0.0012800000000000003
5634,2.3853525714816663e-13,0.0012800000000000003
5635,2.3811937640826393e-13,0.0012800000000000003
5636,2.3770413242251357e-13,0.0012800000000000003
5637,2.372895245532291e-13,0.0012800000000000003
5638,2.3687555221689963e-13,0.0012800000000000003
5639,2.3646221485136747e-13,0.0012800000000000003
5640,2.360495118630546e-13,0.0012800000000000003
5641,2.3563744272115613e-13,0.0012800000000000003
5642,2.352260068322038e-13,0.0012800000000000003
5643,2.3481520361800455e-13,0.0012800000000000003
5644,2.3440503245108873e-13,0.0012800000000000003
5645,2.3399549276694637e-13,0.0012800000000000003
5646,2.3358658393682643e-13,0.0012800000000000003
5647,2.3317830544982075e-13,0.0012800000000000003
5648,2.327706566880319e-13,0.0012800000000000003
5649,2.3236363709903814e-13,0.0012800000000000003
5650,2.3195723590054786e-13,0.0012800000000000003
5651,2.315514304579061e-13,0.0012800000000000003
5652,2.311462146676163e-13,0.0012800000000000003
5653,2.3074158233004533e-13,0.0012800000000000003
5654,2.303375251262344e-13,0.0012800000000000003
5655,2.299340381230338e-13,0.0012800000000000003
5656,2.2953111627654273e-13,0.0012800000000000003
5657,2.2912875650565656e-13,0.0012800000000000003
5658,2.2872695817524277e-13,0.0012800000000000003
5659,2.283257200666692e-13,0.0012800000000000003
5660,2.279250427379848e-13,0.0012800000000000003
5661,2.275249259340948e-13,0.0012800000000000003
5662,2.2712536873092745e-13,0.0012800000000000003
5663,2.2672637034124524e-13,0.0012800000000000003
5664,2.2632792851028214e-13,0.0012800000000000003
5665,2.2593004118549908e-13,0.0012800000000000003
5666,2.2553270626352675e-13,0.0012800000000000003
5667,2.2513592142849438e-13,0.0012800000000000003
5668,2.2473968529277747e-13,0.0012800000000000003
5669,2.2434399652956638e-13,0.0012800000000000003
5670,2.2394885443347282e-13,0.0012800000000000003
5671,2.235542587262244e-13,0.0012800000000000003
5672,2.2316020889340322e-13,0.0012800000000000003
5673,2.2276670484672635e-13,0.0012800000000000003
5674,2.2237374606586258e-13,0.0012800000000000003
5675,2.219813319479978e-13,0.0012800000000000003
5676,2.2158946182956369e-13,0.0012800000000000003
5677,2.211981347169306e-13,0.0012800000000000003
5678,2.208073497532604e-13,0.0012800000000000003
5679,2.2041710611982071e-13,0.0012800000000000003
5680,2.2002740298424196e-13,0.0012800000000000003
5681,2.1963823978113697e-13,0.0012800000000000003
5682,2.1924961594971553e-13,0.0012800000000000003
5683,2.1886153117850412e-13,0.0012800000000000003
5684,2.1847398503396528e-13,0.0012800000000000003
5685,2.1808697719782697e-13,0.0012800000000000003
5686,2.1770050727802312e-13,0.0012800000000000003
5687,2.1731457482083787e-13,0.0012800000000000003
5688,2.1692917937617398e-13,0.0012800000000000003
5689,2.1654432040480377e-13,0.0012800000000000003
5690,2.161599973659108e-13,0.0012800000000000003
5691,2.1577620978350474e-13,0.0012800000000000003
5692,2.1539295709642775e-13,0.0012800000000000003
5693,2.1501023888609298e-13,0.0012800000000000003
5694,2.1462805473238435e-13,0.0012800000000000003
5695,2.142464042476187e-13,0.0012800000000000003
5696,2.13865287010556e-13,0.0012800000000000003
5697,2.1348470271109625e-13,0.0012800000000000003
5698,2.1310465089643e-13,0.0012800000000000003
5699,2.1272513121856513e-13,0.0012800000000000003
5700,2.123461432549266e-13,0.0012800000000000003
5701,2.119676865364096e-13,0.0012800000000000003
5702,2.1158976070432253e-13,0.0012800000000000003
5703,2.1121236528769072e-13,0.0012800000000000003
5704,2.1083549986037913e-13,0.0012800000000000003
5705,2.1045916405873696e-13,0.0012800000000000003
5706,2.1008335743584635e-13,0.0012800000000000003
5707,2.0970807962387033e-13,0.0012800000000000003
5708,2.0933333025296638e-13,0.0012800000000000003
5709,2.08959108880872e-13,0.0012800000000000003
5710,2.085854151673116e-13,0.0012800000000000003
5711,2.082122486815616e-13,0.0012800000000000003
5712,2.078396090720984e-13,0.0012800000000000003
5713,2.0746749590958566e-13,0.0012800000000000003
5714,2.0709590880364792e-13,0.0012800000000000003
5715,2.067248473423028e-13,0.0012800000000000003
5716,2.0635431112287175e-13,0.0012800000000000003
5717,2.0598429977250913e-13,0.0012800000000000003
5718,2.0561481289036046e-13,0.0012800000000000003
5719,2.05245850053069e-13,0.0012800000000000003
5720,2.0487741090486994e-13,0.0012800000000000003
5721,2.045094950216291e-13,0.0012800000000000003
5722,2.0414210205078006e-13,0.0012800000000000003
5723,2.0377523154915432e-13,0.0012800000000000003
5724,2.0340888315104659e-13,0.0012800000000000003
5725,2.030430564771006e-13,0.0012800000000000003
5726,2.02677751086947e-13,0.0012800000000000003
5727,2.023129666191904e-13,0.0012800000000000003
5728,2.0194870267467964e-13,0.0012800000000000003
5729,2.0158495884773443e-13,0.0012800000000000003
5730,2.0122173473205384e-13,0.0012800000000000003
5731,2.008590299710915e-13,0.0012800000000000003
5732,2.004968440977458e-13,0.0012800000000000003
5733,2.00135176801314e-13,0.0012800000000000003
5734,1.9977402761816746e-13,0.0012800000000000003
5735,1.9941339618118242e-13,0.0012800000000000003
5736,1.990532821153342e-13,0.0012800000000000003
5737,1.9869368498161646e-13,0.0012800000000000003
5738,1.9833460440051382e-13,0.0012800000000000003
5739,1.979760400019748e-13,0.0012800000000000003
5740,1.9761799132883823e-13,0.0012800000000000003
5741,1.9726045801382353e-13,0.0012800000000000003
5742,1.9690343967878895e-13,0.0012800000000000003
5743,1.9654693589077975e-13,0.0012800000000000003
5744,1.961909462732898e-13,0.0012800000000000003
5745,1.958354704187774e-13,0.0012800000000000003
5746,1.9548050792576082e-13,0.0012800000000000003
5747,1.9512605843021623e-13,0.0012800000000000003
5748,1.9477212148202888e-13,0.0012800000000000003
5749,1.944186966972118e-13,0.0012800000000000003
5750,1.9406578370754354e-13,0.0012800000000000003
5751,1.9371338205167203e-13,0.0012800000000000003
5752,1.933614913776096e-13,0.0012800000000000003
5753,1.9301011125982853e-13,0.0012800000000000003
5754,1.9265924134195233e-13,0.0012800000000000003
5755,1.9230888115256962e-13,0.0012800000000000003
5756,1.9195903033249955e-13,0.0012800000000000003
5757,1.9160968851105048e-13,0.0012800000000000003
5758,1.9126085519127574e-13,0.0012800000000000003
5759,1.9091253008512547e-13,0.0012800000000000003
5760,1.9056471269618084e-13,0.0012800000000000003
5761,1.9021740268047144e-13,0.0012800000000000003
5762,1.8987059960744688e-13,0.0012800000000000003
5763,1.8952430307402777e-13,0.0012800000000000003
5764,1.8917851269990877e-13,0.0012800000000000003
5765,1.8883322805825955e-13,0.0012800000000000003
5766,1.8848844875313923e-13,0.0012800000000000003
5767,1.8814417436690475e-13,0.0012800000000000003
5768,1.8780040453313045e-13,0.0012800000000000003
5769,1.8745713882898541e-13,0.0012800000000000003
5770,1.8711437681372592e-13,0.0012800000000000003
5771,1.867721181381269e-13,0.0012800000000000003
5772,1.8643036235063006e-13,0.0012800000000000003
5773,1.8608910910029418e-13,0.0012800000000000003
5774,1.8574835791669028e-13,0.0012800000000000003
5775,1.8540810842404248e-13,0.0012800000000000003
5776,1.8506836025576585e-13,0.0012800000000000003
5777,1.8472911293051465e-13,0.0012800000000000003
5778,1.8439036608618323e-13,0.0012800000000000003
5779,1.8405211929941935e-13,0.0012800000000000003
5780,1.8371437219660577e-13,0.0012800000000000003
5781,1.833771243212787e-13,0.0012800000000000003
5782,1.830403753122674e-13,0.0012800000000000003
5783,1.8270412475249223e-13,0.0012800000000000003
5784,1.8236837217979556e-13,0.0012800000000000003
5785,1.820331172716665e-13,0.0012800000000000003
5786,1.8169835955568195e-13,0.0012800000000000003
5787,1.8136409864616117e-13,0.0012800000000000003
5788,1.8103033412588094e-13,0.0012800000000000003
5789,1.8069706560380345e-13,0.0012800000000000003
5790,1.80364292668301e-13,0.0012800000000000003
5791,1.8003201487520262e-13,0.0012800000000000003
5792,1.7970023186247982e-13,0.0012800000000000003
5793,1.7936894317600917e-13,0.0012800000000000003
5794,1.7903814844034816e-13,0.0012800000000000003
5795,1.7870784723897343e-13,0.0012800000000000003
5796,1.783780391452678e-13,0.0012800000000000003
5797,1.7804872379819513e-13,0.0012800000000000003
5798,1.7771990069414783e-13,0.0012800000000000003
5799,1.7739156952010996e-13,0.0012800000000000003
5800,1.7706372979173323e-13,0.0012800000000000003
5801,1.7673638112942873e-13,0.0012800000000000003
5802,1.7640952312885468e-13,0.0012800000000000003
5803,1.7608315535896285e-13,0.0012800000000000003
5804,1.757572774230886e-13,0.0012800000000000003
5805,1.7543188890617682e-13,0.0012800000000000003
5806,1.7510698937279262e-13,0.0012800000000000003
5807,1.747825784408643e-13,0.0012800000000000003
5808,1.7445865570861516e-13,0.0012800000000000003
5809,1.741352207054379e-13,0.0012800000000000003
5810,1.7381227306457982e-13,0.0012800000000000003
5811,1.7348981237826565e-13,0.0012800000000000003
5812,1.731678381971187e-13,0.0012800000000000003
5813,1.728463501259288e-13,0.0012800000000000003
5814,1.7252534774459602e-13,0.0012800000000000003
5815,1.7220483067630922e-13,0.0012800000000000003
5816,1.7188479844079415e-13,0.0012800000000000003
5817,1.7156525068814528e-13,0.0012800000000000003
5818,1.7124618695512473e-13,0.0012800000000000003
5819,1.7092760682059495e-13,0.0012800000000000003
5820,1.7060950994234946e-13,0.0012800000000000003
5821,1.7029189580619153e-13,0.0012800000000000003
5822,1.6997476405797326e-13,0.0012800000000000003
5823,1.6965811429209293e-13,0.0012800000000000003
5824,1.6934194607386048e-13,0.0012800000000000003
5825,1.6902625895966493e-13,0.0012800000000000003
5826,1.6871105256553202e-13,0.0012800000000000003
5827,1.6839632645789005e-13,0.0012800000000000003
5828,1.680820802550161e-13,0.0012800000000000003
5829,1.6776831348802941e-13,0.0012800000000000003
5830,1.6745502577352381e-13,0.0012800000000000003
5831,1.6714221669114448e-13,0.0012800000000000003
5832,1.6682988580472912e-13,0.0012800000000000003
5833,1.6651803271210868e-13,0.0012800000000000003
5834,1.662066570149274e-13,0.0012800000000000003
5835,1.6589575825448595e-13,0.0012800000000000003
5836,1.655853360491845e-13,0.0012800000000000003
5837,1.6527538994620364e-13,0.0012800000000000003
5838,1.6496591954036398e-13,0.0012800000000000003
5839,1.6465692443046602e-13,0.0012800000000000003
5840,1.643484041953953e-13,0.0012800000000000003
5841,1.640403583953026e-13,0.0012800000000000003
5842,1.6373278660138663e-13,0.0012800000000000003
5843,1.6342568843593941e-13,0.0012800000000000003
5844,1.631190634480017e-13,0.0012800000000000003
5845,1.6281291123290022e-13,0.0012800000000000003
5846,1.625072313609804e-13,0.0012800000000000003
5847,1.6220202342527072e-13,0.0012800000000000003
5848,1.618972869851088e-13,0.0012800000000000003
5849,1.615930216398171e-13,0.0012800000000000003
5850,1.6128922696236778e-13,0.0012800000000000003
5851,1.6098590251650838e-13,0.0012800000000000003
5852,1.606830478951861e-13,0.0012800000000000003
5853,1.603806627014293e-13,0.0012800000000000003
5854,1.6007874646521313e-13,0.0012800000000000003
5855,1.5977729879746e-13,0.0012800000000000003
5856,1.5947631927938306e-13,0.0012800000000000003
5857,1.59175807456106e-13,0.0012800000000000003
5858,1.588757629454114e-13,0.0012800000000000003
5859,1.5857618532965158e-13,0.0012800000000000003
5860,1.582770741433433e-13,0.0012800000000000003
5861,1.5797842898086415e-13,0.0012800000000000003
5862,1.5768024943530109e-13,0.0012800000000000003
5863,1.5738253508346049e-13,0.0012800000000000003
5864,1.5708528548219154e-13,0.0012800000000000003
5865,1.5678850021956518e-13,0.0012800000000000003
5866,1.564921788738647e-13,0.0012800000000000003
5867,1.5619632102518105e-13,0.0012800000000000003
5868,1.5590092625257268e-13,0.0012800000000000003
5869,1.5560599411997424e-13,0.0012800000000000003
5870,1.5531152421129855e-13,0.0012800000000000003
5871,1.5501751610304002e-13,0.0012800000000000003
5872,1.5472396936592918e-13,0.0012800000000000003
5873,1.5443088359139307e-13,0.0012800000000000003
5874,1.5413825833049898e-13,0.0012800000000000003
5875,1.538460931669171e-13,0.0012800000000000003
5876,1.5355438771693664e-13,0.0012800000000000003
5877,1.5326314148647952e-13,0.0012800000000000003
5878,1.5297235408310704e-13,0.0012800000000000003
5879,1.5268202510428955e-13,0.0012800000000000003
5880,1.5239215410719663e-13,0.0012800000000000003
5881,1.5210274065902184e-13,0.0012800000000000003
5882,1.5181378434706453e-13,0.0012800000000000003
5883,1.5152528471961543e-13,0.0012800000000000003
5884,1.5123724138023538e-13,0.0012800000000000003
5885,1.5094965390709107e-13,0.0012800000000000003
5886,1.5066252183774886e-13,0.0012800000000000003
5887,1.503758447920435e-13,0.0012800000000000003
5888,1.500896223046268e-13,0.0012800000000000003
5889,1.4980385396940414e-13,0.0012800000000000003
5890,1.4951853935778451e-13,0.0012800000000000003
5891,1.4923367804514528e-13,0.0012800000000000003
5892,1.4894926960365157e-13,0.0012800000000000003
5893,1.4866531358950863e-13,0.0012800000000000003
5894,1.4838180961307224e-13,0.0012800000000000003
5895,1.4809875721846478e-13,0.0012800000000000003
5896,1.4781615600273492e-13,0.0012800000000000003
5897,1.4753400550062207e-13,0.0012800000000000003
5898,1.4725230529880467e-13,0.0012800000000000003
5899,1.4697105499612547e-13,0.0012800000000000003
5900,1.466902541133104e-13,0.0012800000000000003
5901,1.4640990228835131e-13,0.0012800000000000003
5902,1.4612999905734151e-13,0.0012800000000000003
5903,1.4585054399999955e-13,0.0012800000000000003
5904,1.4557153666481913e-13,0.0012800000000000003
5905,1.4529297666699076e-13,0.0012800000000000003
5906,1.4501486354171633e-13,0.0012800000000000003
5907,1.4473719685620324e-13,0.0012800000000000003
5908,1.444599762414006e-13,0.0012800000000000003
5909,1.441832011768085e-13,0.0012800000000000003
5910,1.439068713186729e-13,0.0012800000000000003
5911,1.436309861989466e-13,0.0012800000000000003
5912,1.433555453878736e-13,0.0012800000000000003
5913,1.4308054845140066e-13,0.0012800000000000003
5914,1.428059949936328e-13,0.0012800000000000003
5915,1.425318845515328e-13,0.0012800000000000003
5916,1.4225821671607695e-13,0.0012800000000000003
5917,1.4198499101017167e-13,0.0012800000000000003
5918,1.417122070684353e-13,0.0012800000000000003
5919,1.414398644484447e-13,0.0012800000000000003
5920,1.4116796270502008e-13,0.0012800000000000003
5921,1.4089650140756584e-13,0.0012800000000000003
5922,1.4062548012967332e-13,0.0012800000000000003
5923,1.4035489842580227e-13,0.0012800000000000003
5924,1.4008475590931182e-13,0.0012800000000000003
5925,1.3981505210007894e-13,0.0012800000000000003
5926,1.3954578658899938e-13,0.0012800000000000003
5927,1.39276958956463e-13,0.0012800000000000003
5928,1.3900856875883293e-13,0.0012800000000000003
5929,1.387406155767622e-13,0.0012800000000000003
5930,1.384730989531287e-13,0.0012800000000000003
5931,1.3820601849788566e-13,0.0012800000000000003
5932,1.3793937374003203e-13,0.0012800000000000003
5933,1.3767316426580835e-13,0.0012800000000000003
5934,1.3740738967055144e-13,0.0012800000000000003
5935,1.3714204946906075e-13,0.0012800000000000003
5936,1.368771432670548e-13,0.0012800000000000003
5937,1.366126706438141e-13,0.0012800000000000003
5938,1.3634863113269453e-13,0.0012800000000000003
5939,1.3608502430901902e-13,0.0012800000000000003
5940,1.358218497645018e-13,0.0012800000000000003
5941,1.3555910706084063e-13,0.0012800000000000003
5942,1.3529679573983967e-13,0.0012800000000000003
5943,1.350349154121407e-13,0.0012800000000000003
5944,1.3477346560569143e-13,0.0012800000000000003
5945,1.3451244592490514e-13,0.0012800000000000003
5946,1.3425185590029697e-13,0.0012800000000000003
5947,1.3399169511246304e-13,0.0012800000000000003
5948,1.3373196315558759e-13,0.0012800000000000003
5949,1.334726595923672e-13,0.0012800000000000003
5950,1.3321378393551192e-13,0.0012800000000000003
5951,1.3295533581816814e-13,0.0012800000000000003
5952,1.3269731478200841e-13,0.0012800000000000003
5953,1.3243972038135e-13,0.0012800000000000003
5954,1.3218255220950587e-13,0.0012800000000000003
5955,1.319258098089953e-13,0.0012800000000000003
5956,1.3166949277984987e-13,0.0012800000000000003
5957,1.314136006481358e-13,0.0012800000000000003
5958,1.3115813301079217e-13,0.0012800000000000003
5959,1.3090308943423342e-13,0.0012800000000000003
5960,1.3064846945637463e-13,0.0012800000000000003
5961,1.3039427269062978e-13,0.0012800000000000003
5962,1.3014049866520264e-13,0.0012800000000000003
5963,1.2988714696210378e-13,0.0012800000000000003
5964,1.296342171616902e-13,0.0012800000000000003
5965,1.293817087854044e-13,0.0012800000000000003
5966,1.2912962144025341e-13,0.0012800000000000003
5967,1.2887795470314104e-13,0.0012800000000000003
5968,1.2862670808662313e-13,0.0012800000000000003
5969,1.28375881225664e-13,0.0012800000000000003
5970,1.2812547361998283e-13,0.0012800000000000003
5971,1.2787548488372135e-13,0.0012800000000000003
5972,1.2762591455720065e-13,0.0012800000000000003
5973,1.2737676224122861e-13,0.0012800000000000003
5974,1.271280274546285e-13,0.0012800000000000003
5975,1.2687970979598265e-13,0.0012800000000000003
5976,1.2663180881228663e-13,0.0012800000000000003
5977,1.263843240976431e-13,0.0012800000000000003
5978,1.2613725518066644e-13,0.0012800000000000003
5979,1.2589060165164929e-13,0.0012800000000000003
5980,1.2564436306978802e-13,0.0012800000000000003
5981,1.2539853899364268e-13,0.0012800000000000003
5982,1.2515312902594854e-13,0.0012800000000000003
5983,1.2490813268388695e-13,0.0012800000000000003
5984,1.2466354954942782e-13,0.0012800000000000003
5985,1.2441937920642663e-13,0.0012800000000000003
5986,1.2417562119287874e-13,0.0012800000000000003
5987,1.2393227508983352e-13,0.0012800000000000003
5988,1.2368934047486566e-13,0.0012800000000000003
5989,1.2344681687993348e-13,0.0012800000000000003
5990,1.2320470391619188e-13,0.0012800000000000003
5991,1.229630011124563e-13,0.0012800000000000003
5992,1.2272170802152742e-13,0.0012800000000000003
5993,1.224808242705071e-13,0.0012800000000000003
5994,1.2224034934515782e-13,0.0012800000000000003
5995,1.2200028288858812e-13,0.0012800000000000003
5996,1.2176062440113808e-13,0.0012800000000000003
5997,1.2152137348923656e-13,0.0012800000000000003
5998,1.2128252972075187e-13,0.0012800000000000003
5999,1.2104409263323726e-13,0.0012800000000000003
6000,1.2080606180596368e-13,0.0010240000000000002
6001,1.206159407454752e-13,0.0010240000000000002
6002,1.204260978330011e-13,0.0010240000000000002
6003,1.2023652902479259e-13,0.0010240000000000002
6004,1.2004723071386286e-13,0.0010240000000000002
6005,1.198581996285713e-13,0.0010240000000000002
6006,1.1966943278987967e-13,0.0010240000000000002
6007,1.1948092756089952e-13,0.0010240000000000002
6008,1.1929268146278835e-13,0.0010240000000000002
6009,1.1910469234332888e-13,0.0010240000000000002
6010,1.1891695816319762e-13,0.0010240000000000002
6011,1.1872947714635682e-13,0.0010240000000000002
6012,1.1854224762743649e-13,0.0010240000000000002
6013,1.1835526813759701e-13,0.0010240000000000002
6014,1.181685372837288e-13,0.0010240000000000002
6015,1.179820538546204e-13,0.0010240000000000002
6016,1.1779581669892378e-13,0.0010240000000000002
6017,1.1760982481379842e-13,0.0010240000000000002
6018,1.1742407722282176e-13,0.0010240000000000002
6019,1.1723857312182207e-13,0.0010240000000000002
6020,1.1705331164332496e-13,0.0010240000000000002
6021,1.1686829212486632e-13,0.0010240000000000002
6022,1.1668351386407068e-13,0.0010240000000000002
6023,1.1649897624818285e-13,0.0010240000000000002
6024,1.1631467872978917e-13,0.0010240000000000002
6025,1.16130620770113e-13,0.0010240000000000002
6026,1.159468018678789e-13,0.0010240000000000002
6027,1.1576322160175367e-13,0.0010240000000000002
6028,1.1557987950208859e-13,0.0010240000000000002
6029,1.1539677520882595e-13,0.0010240000000000002
6030,1.152139083570332e-13,0.0010240000000000002
6031,1.15031278577471e-13,0.0010240000000000002
6032,1.1484888555732415e-13,0.0010240000000000002
6033,1.146667290061206e-13,0.0010240000000000002
6034,1.14484808597756e-13,0.0010240000000000002
6035,1.143031240531266e-13,0.0010240000000000002
6036,1.1412167510080522e-13,0.0010240000000000002
6037,1.1394046156912137e-13,0.0010240000000000002
6038,1.1375948309868585e-13,0.0010240000000000002
6039,1.135787395533229e-13,0.0010240000000000002
6040,1.1339823065961119e-13,0.0010240000000000002
6041,1.1321795622392383e-13,0.0010240000000000002
6042,1.130379160212616e-13,0.0010240000000000002
6043,1.1285810987703583e-13,0.0010240000000000002
6044,1.1267853753902705e-13,0.0010240000000000002
6045,1.1249919887842876e-13,0.0010240000000000002
6046,1.123200936711555e-13,0.0010240000000000002
6047,1.1214122176704254e-13,0.0010240000000000002
6048,1.1196258295136235e-13,0.0010240000000000002
6049,1.1178417704942051e-13,0.0010240000000000002
6050,1.1160600393361073e-13,0.0010240000000000002
6051,1.1142806338348657e-13,0.0010240000000000002
6052,1.1125035523892875e-13,0.0010240000000000002
6053,1.1107287936755927e-13,0.0010240000000000002
6054,1.1089563557598415e-13,0.0010240000000000002
6055,1.1071862369799636e-13,0.0010240000000000002
6056,1.1054184359556016e-13,0.0010240000000000002
6057,1.1036529509384285e-13,0.0010240000000000002
6058,1.1018897803486932e-13,0.0010240000000000002
6059,1.100128922711022e-13,0.0010240000000000002
6060,1.09837037639583e-13,0.0010240000000000002
6061,1.0966141399081515e-13,0.0010240000000000002
6062,1.0948602116443027e-13,0.0010240000000000002
6063,1.093108590101291e-13,0.0010240000000000002
6064,1.0913592736437173e-13,0.0010240000000000002
6065,1.0896122608409885e-13,0.0010240000000000002
6066,1.0878675502902441e-13,0.0010240000000000002
6067,1.0861251402528098e-13,0.0010240000000000002
6068,1.084385029254546e-13,0.0010240000000000002
6069,1.0826472157386964e-13,0.0010240000000000002
6070,1.0809116984634848e-13,0.0010240000000000002
6071,1.0791784756499912e-13,0.0010240000000000002
6072,1.0774475456129906e-13,0.0010240000000000002
6073,1.0757189073885671e-13,0.0010240000000000002
6074,1.0739925591105689e-13,0.0010240000000000002
6075,1.0722684992387242e-13,0.0010240000000000002
6076,1.0705467263613462e-13,0.0010240000000000002
6077,1.068827239128406e-13,0.0010240000000000002
6078,1.0671100358615736e-13,0.0010240000000000002
6079,1.0653951150304654e-13,0.0010240000000000002
6080,1.0636824751583603e-13,0.0010240000000000002
6081,1.0619721148578993e-13,0.0010240000000000002
6082,1.0602640324141317e-13,0.0010240000000000002
6083,1.0585582264732979e-13,0.0010240000000000002
6084,1.056854695551842e-13,0.0010240000000000002
6085,1.0551534379999568e-13,0.0010240000000000002
6086,1.0534544524307064e-13,0.0010240000000000002
6087,1.0517577373515448e-13,0.0010240000000000002
6088,1.0500632910248377e-13,0.0010240000000000002
6089,1.0483711122254525e-13,0.0010240000000000002
6090,1.0466811992484994e-13,0.0010240000000000002
6091,1.0449935507011641e-13,0.0010240000000000002
6092,1.0433081652278972e-13,0.0010240000000000002
6093,1.0416250409072275e-13,0.0010240000000000002
6094,1.0399441765996346e-13,0.0010240000000000002
6095,1.0382655704744503e-13,0.0010240000000000002
6096,1.036589221066858e-13,0.0010240000000000002
6097,1.0349151271912197e-13,0.0010240000000000002
6098,1.0332432868838912e-13,0.0010240000000000002
6099,1.031573699093948e-13,0.0010240000000000002
6100,1.029906361628265e-13,0.0010240000000000002
6101,1.0282412737066532e-13,0.0010240000000000002
6102,1.0265784332758736e-13,0.0010240000000000002
6103,1.0249178391768976e-13,0.0010240000000000002
6104,1.0232594894831881e-13,0.0010240000000000002
6105,1.0216033831469429e-13,0.0010240000000000002
6106,1.0199495182971315e-13,0.0010240000000000002
6107,1.0182978932251225e-13,0.0010240000000000002
6108,1.0166485070619683e-13,0.0010240000000000002
6109,1.0150013576304042e-13,0.0010240000000000002
6110,1.0133564436117796e-13,0.0010240000000000002
6111,1.0117137636755248e-13,0.0010240000000000002
6112,1.0100733157784356e-13,0.0010240000000000002
6113,1.0084350988944396e-13,0.0010240000000000002
6114,1.006799111360835e-13,0.0010240000000000002
6115,1.0051653515287123e-13,0.0010240000000000002
6116,1.0035338178041886e-13,0.0010240000000000002
6117,1.0019045087202404e-13,0.0010240000000000002
6118,1.0002774228614663e-13,0.0010240000000000002
6119,9.986525584559746e-14,0.0010240000000000002
6120,9.970299141662298e-14,0.0010240000000000002
6121,9.954094881055701e-14,0.0010240000000000002
6122,9.937912792902398e-14,0.0010240000000000002
6123,9.921752856266305e-14,0.0010240000000000002
6124,9.905615058345841e-14,0.0010240000000000002
6125,9.889499382862775e-14,0.0010240000000000002
6126,9.873405812668974e-14,0.0010240000000000002
6127,9.857334335531425e-14,0.0010240000000000002
6128,9.84128493465384e-14,0.0010240000000000002
6129,9.825257593136293e-14,0.0010240000000000002
6130,9.80925229551178e-14,0.0010240000000000002
6131,9.793269027749496e-14,0.0010240000000000002
6132,9.777307773549093e-14,0.0010240000000000002
6133,9.76136851558297e-14,0.0010240000000000002
6134,9.745451239664523e-14,0.0010240000000000002
6135,9.729555930671032e-14,0.0010240000000000002
6136,9.713682572444814e-14,0.0010240000000000002
6137,9.697831150173852e-14,0.0010240000000000002
6138,9.682001645210924e-14,0.0010240000000000002
6139,9.666194045144045e-14,0.0010240000000000002
6140,9.650408331749961e-14,0.0010240000000000002
6141,9.634644491079136e-14,0.0010240000000000002
6142,9.618902505991913e-14,0.0010240000000000002
6143,9.603182362226628e-14,0.0010240000000000002
6144,9.587484043415886e-14,0.0010240000000000002
6145,9.571807531616898e-14,0.0010240000000000002
6146,9.556152813388141e-14,0.0010240000000000002
6147,9.54051987439528e-14,0.0010240000000000002
6148,9.524908694275604e-14,0.0010240000000000002
6149,9.509319261954204e-14,0.0010240000000000002
6150,9.493751555874273e-14,0.0010240000000000002
6151,9.478205566338375e-14,0.0010240000000000002
6152,9.462681275785084e-14,0.0010240000000000002
6153,9.447178666015496e-14,0.0010240000000000002
6154,9.431697719929573e-14,0.0010240000000000002
6155,9.416238427306622e-14,0.0010240000000000002
6156,9.400800767996236e-14,0.0010240000000000002
6157,9.385384727725978e-14,0.0010240000000000002
6158,9.369990288129258e-14,0.0010240000000000002
6159,9.354617437222086e-14,0.0010240000000000002
6160,9.339266154597592e-14,0.0010240000000000002
6161,9.323936427111232e-14,0.0010240000000000002
6162,9.308628238200332e-14,0.0010240000000000002
6163,9.293341571458394e-14,0.0010240000000000002
6164,9.278076412171283e-14,0.0010240000000000002
6165,9.262832741583896e-14,0.0010240000000000002
6166,9.247610545846169e-14,0.0010240000000000002
6167,9.232409810124647e-14,0.0010240000000000002
6168,9.217230513205507e-14,0.0010240000000000002
6169,9.202072643706363e-14,0.0010240000000000002
6170,9.186936185890994e-14,0.0010240000000000002
6171,9.171821119785138e-14,0.0010240000000000002
6172,9.15672743385994e-14,0.0010240000000000002
6173,9.141655107629575e-14,0.0010240000000000002
6174,9.12660412663829e-14,0.0010240000000000002
6175,9.111574474753854e-14,0.0010240000000000002
6176,9.096566138142314e-14,0.0010240000000000002
6177,9.081579096597371e-14,0.0010240000000000002
6178,9.066613336674183e-14,0.0010240000000000002
6179,9.051668842690007e-14,0.0010240000000000002
6180,9.036745595262988e-14,0.0010240000000000002
6181,9.021843579928199e-14,0.0010240000000000002
6182,9.006962780429318e-14,0.0010240000000000002
6183,8.992103181704205e-14,0.0010240000000000002
6184,8.977264766237975e-14,0.0010240000000000002
6185,8.962447517831993e-14,0.0010240000000000002
6186,8.947651419896709e-14,0.0010240000000000002
6187,8.932876458304877e-14,0.0010240000000000002
6188,8.918122613729959e-14,0.0010240000000000002
6189,8.903389870872212e-14,0.0010240000000000002
6190,8.888678215436361e-14,0.0010240000000000002
6191,8.873987628385841e-14,0.0010240000000000002
6192,8.859318093594513e-14,0.0010240000000000002
6193,8.844669595496024e-14,0.0010240000000000002
6194,8.830042118731045e-14,0.0010240000000000002
6195,8.815435646129368e-14,0.0010240000000000002
6196,8.800850160121476e-14,0.0010240000000000002
6197,8.786285643810412e-14,0.0010240000000000002
6198,8.771742085486919e-14,0.0010240000000000002
6199,8.757219463924947e-14,0.0010240000000000002
6200,8.742717765782819e-14,0.0010240000000000002
6201,8.728236971407715e-14,0.0010240000000000002
6202,8.713777065742893e-14,0.0010240000000000002
6203,8.699338034774005e-14,0.0010240000000000002
6204,8.684919860308978e-14,0.0010240000000000002
6205,8.670522523264241e-14,0.0010240000000000002
6206,8.656146010711234e-14,0.0010240000000000002
6207,8.641790304331087e-14,0.0010240000000000002
6208,8.62745538926923e-14,0.0010240000000000002
6209,8.613141246353715e-14,0.0010240000000000002
6210,8.598847862624647e-14,0.0010240000000000002
6211,8.584575217701956e-14,0.0010240000000000002
6212,8.570323296367126e-14,0.0010240000000000002
6213,8.556092085534359e-14,0.0010240000000000002
6214,8.541881563646348e-14,0.0010240000000000002
6215,8.52769171562901e-14,0.0010240000000000002
6216,8.513522525919796e-14,0.0010240000000000002
6217,8.499373979807984e-14,0.0010240000000000002
6218,8.485246055527258e-14,0.0010240000000000002
6219,8.471138738879446e-14,0.0010240000000000002
6220,8.45705201562641e-14,0.0010240000000000002
6221,8.442985867725146e-14,0.0010240000000000002
6222,8.428940275873578e-14,0.0010240000000000002
6223,8.414915226052385e-14,0.0010240000000000002
6224,8.400910701368501e-14,0.0010240000000000002
6225,8.386926683739373e-14,0.0010240000000000002
6226,8.372963159838546e-14,0.0010240000000000002
6227,8.359020109295289e-14,0.0010240000000000002
6228,8.345097517618924e-14,0.0010240000000000002
6229,8.331195366654127e-14,0.0010240000000000002
6230,8.317313640527724e-14,0.0010240000000000002
6231,8.303452321294453e-14,0.0010240000000000002
6232,8.289611394882667e-14,0.0010240000000000002
6233,8.275790842267235e-14,0.0010240000000000002
6234,8.261990647403216e-14,0.0010240000000000002
6235,8.248210793829602e-14,0.0010240000000000002
6236,8.234451264595786e-14,0.0010240000000000002
6237,8.220712041965913e-14,0.0010240000000000002
6238,8.20699310904932e-14,0.0010240000000000002
6239,8.193294453031661e-14,0.0010240000000000002
6240,8.17961605182982e-14,0.0010240000000000002
6241,8.165957891092213e-14,0.0010240000000000002
6242,8.15231995344465e-14,0.0010240000000000002
6243,8.138702221888632e-14,0.0010240000000000002
6244,8.12510468115331e-14,0.0010240000000000002
6245,8.111527312310693e-14,0.0010240000000000002
6246,8.097970099523971e-14,0.0010240000000000002
6247,8.084433026460008e-14,0.0010240000000000002
6248,8.070916075300289e-14,0.0010240000000000002
6249,8.057419230622685e-14,0.0010240000000000002
6250,8.043942472221998e-14,0.0010240000000000002
6251,8.030485787142508e-14,0.0010240000000000002
6252,8.017049155689866e-14,0.0010240000000000002
6253,8.003632562023385e-14,0.0010240000000000002
6254,7.990235990271348e-14,0.0010240000000000002
6255,7.976859421022285e-14,0.0010240000000000002
6256,7.963502838500788e-14,0.0010240000000000002
6257,7.95016622621935e-14,0.0010240000000000002
6258,7.936849567705702e-14,0.0010240000000000002
6259,7.923552845174742e-14,0.0010240000000000002
6260,7.910276040379646e-14,0.0010240000000000002
6261,7.897019139043836e-14,0.0010240000000000002
6262,7.883782121982731e-14,0.0010240000000000002
6263,7.870564972398124e-14,0.0010240000000000002
6264,7.857367674847007e-14,0.0010240000000000002
6265,7.844190211430849e-14,0.0010240000000000002
6266,7.831032564075175e-14,0.0010240000000000002
6267,7.817894716596906e-14,0.0010240000000000002
6268,7.804776653038787e-14,0.0010240000000000002
6269,7.79167835539951e-14,0.0010240000000000002
6270,7.778599806159672e-14,0.0010240000000000002
6271,7.765540987641804e-14,0.0010240000000000002
6272,7.75250188466924e-14,0.0010240000000000002
6273,7.739482479626851e-14,0.0010240000000000002
6274,7.72648275554112e-14,0.0010240000000000002
6275,7.713502694724238e-14,0.0010240000000000002
6276,7.700542279295368e-14,0.0010240000000000002
6277,7.687601493260981e-14,0.0010240000000000002
6278,7.674680318745168e-14,0.0010240000000000002
6279,7.66177874140763e-14,0.0010240000000000002
6280,7.648896739417784e-14,0.0010240000000000002
6281,7.63603429871905e-14,0.0010240000000000002
6282,7.623191401024107e-14,0.0010240000000000002
6283,7.610368031253329e-14,0.0010240000000000002
6284,7.597564169637973e-14,0.0010240000000000002
6285,7.584779800175376e-14,0.0010240000000000002
6286,7.572014905794159e-14,0.0010240000000000002
6287,7.559269467859632e-14,0.0010240000000000002
6288,7.546543472184323e-14,0.0010240000000000002
6289,7.533836898843716e-14,0.0010240000000000002
6290,7.521149731007058e-14,0.0010240000000000002
6291,7.508481952349657e-14,0.0010240000000000002
6292,7.495833546082287e-14,0.0010240000000000002
6293,7.48320449266735e-14,0.0010240000000000002
6294,7.470594778043382e-14,0.0010240000000000002
6295,7.458004383171037e-14,0.0010240000000000002
6296,7.445433290705649e-14,0.0010240000000000002
6297,7.432881483255486e-14,0.0010240000000000002
6298,7.420348944263758e-14,0.0010240000000000002
6299,7.407835656205724e-14,0.0010240000000000002
6300,7.395341601715291e-14,0.0010240000000000002
6301,7.382866763506687e-14,0.0010240000000000002
6302,7.370411123545711e-14,0.0010240000000000002
6303,7.357974666865896e-14,0.0010240000000000002
6304,7.345557373161197e-14,0.0010240000000000002
6305,7.333159227738414e-14,0.0010240000000000002
6306,7.320780211266067e-14,0.0010240000000000002
6307,7.308420307737898e-14,0.0010240000000000002
6308,7.296079499058616e-14,0.0010240000000000002
6309,7.283757768299271e-14,0.0010240000000000002
6310,7.271455098202684e-14,0.0010240000000000002
6311,7.259171470816107e-14,0.0010240000000000002
6312,7.246906869394444e-14,0.0010240000000000002
6313,7.234661277058293e-14,0.0010240000000000002
6314,7.222434674871529e-14,0.0010240000000000002
6315,7.21022704690595e-14,0.0010240000000000002
6316,7.198038374304553e-14,0.0010240000000000002
6317,7.185868642215775e-14,0.0010240000000000002
6318,7.173717829785562e-14,0.0010240000000000002
6319,7.161585924018166e-14,0.0010240000000000002
6320,7.149472902908992e-14,0.0010240000000000002
6321,7.137378751014618e-14,0.0010240000000000002
6322,7.125303450688343e-14,0.0010240000000000002
6323,7.113246987246231e-14,0.0010240000000000002
6324,7.101209340074333e-14,0.0010240000000000002
6325,7.089190490586894e-14,0.0010240000000000002
6326,7.077190424727005e-14,0.0010240000000000002
6327,7.065209123325998e-14,0.0010240000000000002
6328,7.053246568707584e-14,0.0010240000000000002
6329,7.041302744957957e-14,0.0010240000000000002
6330,7.029377633282376e-14,0.0010240000000000002
6331,7.017471216232728e-14,0.0010240000000000002
6332,7.005583476800205e-14,0.0010240000000000002
6333,6.993714398030424e-14,0.0010240000000000002
6334,6.981863960375069e-14,0.0010240000000000002
6335,6.970032149064771e-14,0.0010240000000000002
6336,6.958218943365728e-14,0.0010240000000000002
6337,6.946424329793911e-14,0.0010240000000000002
6338,6.934648287401491e-14,0.0010240000000000002
6339,6.922890799916006e-14,0.0010240000000000002
6340,6.911151850679203e-14,0.0010240000000000002
6341,6.899431421666496e-14,0.0010240000000000002
6342,6.8877294941597e-14,0.0010240000000000002
6343,6.876046051908892e-14,0.0010240000000000002
6344,6.864381077161447e-14,0.0010240000000000002
6345,6.85273455189947e-14,0.0010240000000000002
6346,6.84110645875361e-14,0.0010240000000000002
6347,6.829496781247238e-14,0.0010240000000000002
6348,6.817905501857594e-14,0.0010240000000000002
6349,6.806332599285836e-14,0.0010240000000000002
6350,6.794778058945588e-14,0.0010240000000000002
6351,6.783241865905833e-14,0.0010240000000000002
6352,6.771723996370251e-14,0.0010240000000000002
6353,6.760224439106156e-14,0.0010240000000000002
6354,6.748743171392317e-14,0.0010240000000000002
6355,6.737280178804593e-14,0.0010240000000000002
6356,6.725835443178145e-14,0.0010240000000000002
6357,6.7144089463383e-14,0.0010240000000000002
6358,6.703000671463614e-14,0.0010240000000000002
6359,6.691610599031647e-14,0.0010240000000000002
6360,6.680238712330432e-14,0.0010240000000000002
6361,6.668884994362436e-14,0.0010240000000000002
6362,6.657549429656689e-14,0.0010240000000000002
6363,6.646231995166094e-14,0.0010240000000000002
6364,6.634932679174685e-14,0.0010240000000000002
6365,6.623651458786623e-14,0.0010240000000000002
6366,6.612388319654865e-14,0.0010240000000000002
6367,6.601143244125415e-14,0.0010240000000000002
6368,6.589916212989013e-14,0.0010240000000000002
6369,6.578707208098215e-14,0.0010240000000000002
6370,6.567516214101779e-14,0.0010240000000000002
6371,6.556343213352158e-14,0.0010240000000000002
6372,6.545188184805564e-14,0.0010240000000000002
6373,6.534051115130605e-14,0.0010240000000000002
6374,6.522931982810206e-14,0.0010240000000000002
6375,6.511830774213053e-14,0.0010240000000000002
6376,6.500747467304059e-14,0.0010240000000000002
6377,6.489682047694624e-14,0.0010240000000000002
6378,6.478634496470489e-14,0.0010240000000000002
6379,6.467604795587647e-14,0.0010240000000000002
6380,6.456592926512704e-14,0.0010240000000000002
6381,6.445598874165182e-14,0.0010240000000000002
6382,6.434622618968011e-14,0.0010240000000000002
6383,6.423664143437426e-14,0.0010240000000000002
6384,6.412723430756165e-14,0.0010240000000000002
6385,6.401800462562824e-14,0.0010240000000000002
6386,6.390895221641431e-14,0.0010240000000000002
6387,6.38000768835687e-14,0.0010240000000000002
6388,6.369137848278312e-14,0.0010240000000000002
6389,6.358285680060161e-14,0.0010240000000000002
6390,6.347451168885867e-14,0.0010240000000000002
6391,6.33663429605928e-14,0.0010240000000000002
6392,6.325835042645795e-14,0.0010240000000000002
6393,6.315053392085209e-14,0.0010240000000000002
6394,6.304289326984399e-14,0.0010240000000000002
6395,6.293542828937296e-14,0.0010240000000000002
6396,6.282813879701426e-14,0.0010240000000000002
6397,6.272102463786069e-14,0.0010240000000000002
6398,6.261408560184848e-14,0.0010240000000000002
6399,6.250732152949978e-14,0.0010240000000000002
6400,6.240073224249945e-14,0.0010240000000000002
6401,6.229431757174208e-14,0.0010240000000000002
6402,6.218807731589228e-14,0.0010240000000000002
6403,6.208201132180978e-14,0.0010240000000000002
6404,6.197611940110233e-14,0.0010240000000000002
6405,6.187040137088585e-14,0.0010240000000000002
6406,6.1764857065556e-14,0.0010240000000000002
6407,6.165948629996106e-14,0.0010240000000000002
6408,6.155428887614376e-14,0.0010240000000000002
6409,6.144926465107077e-14,0.0010240000000000002
6410,6.134441344984413e-14,0.0010240000000000002
6411,6.123973506760475e-14,0.0010240000000000002
6412,6.113522932185154e-14,0.0010240000000000002
6413,6.103089605998512e-14,0.0010240000000000002
6414,6.092673508184871e-14,0.0010240000000000002
6415,6.082274622924493e-14,0.0010240000000000002
6416,6.071892931216865e-14,0.0010240000000000002
6417,6.061528416650776e-14,0.0010240000000000002
6418,6.051181059627669e-14,0.0010240000000000002
6419,6.040850842350419e-14,0.0010240000000000002
6420,6.030537371072227e-14,0.0010240000000000002
6421,6.020239328295863e-14,0.0010240000000000002
6422,6.00995631078464e-14,0.0010240000000000002
6423,5.99968793483044e-14,0.0010240000000000002
6424,5.98943371111511e-14,0.0010240000000000002
6425,5.979193279405163e-14,0.0010240000000000002
6426,5.968966258227562e-14,0.0010240000000000002
6427,5.958752426135256e-14,0.0010240000000000002
6428,5.948551633833193e-14,0.0010240000000000002
6429,5.938363805285721e-14,0.0010240000000000002
6430,5.928188963470358e-14,0.0010240000000000002
6431,5.918027110205649e-14,0.0010240000000000002
6432,5.9078782974132e-14,0.0010240000000000002
6433,5.897742516674695e-14,0.0010240000000000002
6434,5.887619753334441e-14,0.0010240000000000002
6435,5.877509953662708e-14,0.0010240000000000002
6436,5.867413016387935e-14,0.0010240000000000002
6437,5.857328852682164e-14,0.0010240000000000002
6438,5.847257341823684e-14,0.0010240000000000002
6439,5.837198394061531e-14,0.0010240000000000002
6440,5.827151922971937e-14,0.0010240000000000002
6441,5.817117868658156e-14,0.0010240000000000002
6442,5.807096203738765e-14,0.0010240000000000002
6443,5.797086902427196e-14,0.0010240000000000002
6444,5.787089970775497e-14,0.0010240000000000002
6445,5.777105403910076e-14,0.0010240000000000002
6446,5.767133207933687e-14,0.0010240000000000002
6447,5.75717337748882e-14,0.0010240000000000002
6448,5.747225899627857e-14,0.0010240000000000002
6449,5.737290758269283e-14,0.0010240000000000002
6450,5.72736792122076e-14,0.0010240000000000002
6451,5.717457361764584e-14,0.0010240000000000002
6452,5.707559052396552e-14,0.0010240000000000002
6453,5.697672959517202e-14,0.0010240000000000002
6454,5.687799063658147e-14,0.0010240000000000002
6455,5.677937348499213e-14,0.0010240000000000002
6456,5.668087799723676e-14,0.0010240000000000002
6457,5.658250411578889e-14,0.0010240000000000002
6458,5.648425176961728e-14,0.0010240000000000002
6459,5.6386120930549757e-14,0.0010240000000000002
6460,5.628811154951254e-14,0.0010240000000000002
6461,5.619022356572692e-14,0.0010240000000000002
6462,5.6092456904987135e-14,0.0010240000000000002
6463,5.5994811445901836e-14,0.0010240000000000002
6464,5.5897287081548146e-14,0.0010240000000000002
6465,5.5799883715997586e-14,0.0010240000000000002
6466,5.5702601186909923e-14,0.0010240000000000002
6467,5.560543941408919e-14,0.0010240000000000002
6468,5.550839827707897e-14,0.0010240000000000002
6469,5.541147771007822e-14,0.0010240000000000002
6470,5.531467763246617e-14,0.0010240000000000002
6471,5.521799795075834e-14,0.0010240000000000002
6472,5.512143864844436e-14,0.0010240000000000002
6473,5.5024999644009147e-14,0.0010240000000000002
6474,5.492868088291919e-14,0.0010240000000000002
6475,5.483248228931255e-14,0.0010240000000000002
6476,5.4736403782807666e-14,0.0010240000000000002
6477,5.464044531521781e-14,0.0010240000000000002
6478,5.454460680384057e-14,0.0010240000000000002
6479,5.4448888155025483e-14,0.0010240000000000002
6480,5.435328930471917e-14,0.0010240000000000002
6481,5.42578101690157e-14,0.0010240000000000002
6482,5.416245067510804e-14,0.0010240000000000002
6483,5.406721076629293e-14,0.0010240000000000002
6484,5.3972090343737555e-14,0.0010240000000000002
6485,5.3877089373494514e-14,0.0010240000000000002
6486,5.3782207799145947e-14,0.0010240000000000002
6487,5.368744550840804e-14,0.0010240000000000002
6488,5.359280248090333e-14,0.0010240000000000002
6489,5.3498278637806e-14,0.0010240000000000002
6490,5.340387389929867e-14,0.0010240000000000002
6491,5.330958819992809e-14,0.0010240000000000002
6492,5.321542150061736e-14,0.0010240000000000002
6493,5.3121373688342145e-14,0.0010240000000000002
6494,5.302744470591696e-14,0.0010240000000000002
6495,5.2933634505327885e-14,0.0010240000000000002
6496,5.2839942992160726e-14,0.0010240000000000002
6497,5.274637013030649e-14,0.0010240000000000002
6498,5.2652915826072566e-14,0.0010240000000000002
6499,5.255958001038659e-14,0.0010240000000000002
6500,5.246636264008313e-14,0.0010240000000000002
6501,5.2373263628786514e-14,0.0010240000000000002
6502,5.228028291673832e-14,0.0010240000000000002
6503,5.2187420439735075e-14,0.0010240000000000002
6504,5.2094676114226314e-14,0.0010240000000000002
6505,5.200204990318977e-14,0.0010240000000000002
6506,5.1909541715834515e-14,0.0010240000000000002
6507,5.1817151479587245e-14,0.0010240000000000002
6508,5.172487913558783e-14,0.0010240000000000002
6509,5.1632724617538364e-14,0.0010240000000000002
6510,5.1540687846300995e-14,0.0010240000000000002
6511,5.144876878496742e-14,0.0010240000000000002
6512,5.13569673361221e-14,0.0010240000000000002
6513,5.126528343774027e-14,0.0010240000000000002
6514,5.1173717000721755e-14,0.0010240000000000002
6515,5.10822679919813e-14,0.0010240000000000002
6516,5.099093633899283e-14,0.0010240000000000002
6517,5.089972196872525e-14,0.0010240000000000002
6518,5.0808624800287595e-14,0.0010240000000000002
6519,5.07176447663502e-14,0.0010240000000000002
6520,5.0626781823501334e-14,0.0010240000000000002
6521,5.05360358741249e-14,0.0010240000000000002
6522,5.044540685412027e-14,0.0010240000000000002
6523,5.0354894711471994e-14,0.0010240000000000002
6524,5.026449936683292e-14,0.0010240000000000002
6525,5.0174220751629895e-14,0.0010240000000000002
6526,5.008405879343668e-14,0.0010240000000000002
6527,4.999401342234066e-14,0.0010240000000000002
6528,4.990408457703098e-14,0.0010240000000000002
6529,4.981427218699354e-14,0.0010240000000000002
6530,4.9724576176420226e-14,0.0010240000000000002
6531,4.963499648254599e-14,0.0010240000000000002
6532,4.954553302922617e-14,0.0010240000000000002
6533,4.9456185760174436e-14,0.0010240000000000002
6534,4.9366954592244186e-14,0.0010240000000000002
6535,4.927783945105748e-14,0.0010240000000000002
6536,4.918884028539066e-14,0.0010240000000000002
6537,4.9099957006881216e-14,0.0010240000000000002
6538,4.9011189551270974e-14,0.0010240000000000002
6539,4.8922537872320646e-14,0.0010240000000000002
6540,4.8834001856760054e-14,0.0010240000000000002
6541,4.8745581468356136e-14,0.0010240000000000002
6542,4.865727662084335e-14,0.0010240000000000002
6543,4.856908724619264e-14,0.0010240000000000002
6544,4.84810132831489e-14,0.0010240000000000002
6545,4.839305464445189e-14,0.0010240000000000002
6546,4.830521127436307e-14,0.0010240000000000002
6547,4.821748309723679e-14,0.0010240000000000002
6548,4.812987003678431e-14,0.0010240000000000002
6549,4.8042372030304e-14,0.0010240000000000002
6550,4.7954989002956024e-14,0.0010240000000000002
6551,4.786772089639788e-14,0.0010240000000000002
6552,4.7780567617873516e-14,0.0010240000000000002
6553,4.769352909848317e-14,0.0010240000000000002
6554,4.760660527676714e-14,0.0010240000000000002
6555,4.751979609017124e-14,0.0010240000000000002
6556,4.7433101446976764e-14,0.0010240000000000002
6557,4.734652129070268e-14,0.0010240000000000002
6558,4.7260055550470675e-14,0.0010240000000000002
6559,4.717370413237318e-14,0.0010240000000000002
6560,4.7087466997447915e-14,0.0010240000000000002
6561,4.7001344038844545e-14,0.0010240000000000002
6562,4.691533522161384e-14,0.0010240000000000002
6563,4.6829440451293094e-14,0.0010240000000000002
6564,4.674365966082251e-14,0.0010240000000000002
6565,4.6657992770209276e-14,0.0010240000000000002
6566,4.657243972065229e-14,0.0010240000000000002
6567,4.648700043444241e-14,0.0010240000000000002
6568,4.6401674843822345e-14,0.0010240000000000002
6569,4.6316462867817e-14,0.0010240000000000002
6570,4.623136444413166e-14,0.0010240000000000002
6571,4.6146379473476827e-14,0.0010240000000000002
6572,4.60615079266268e-14,0.0010240000000000002
6573,4.5976749691364685e-14,0.0010240000000000002
6574,4.589210471326401e-14,0.0010240000000000002
6575,4.5807572931478385e-14,0.0010240000000000002
6576,4.572315424647719e-14,0.0010240000000000002
6577,4.563884861078183e-14,0.0010240000000000002
6578,4.555465593303747e-14,0.0010240000000000002
6579,4.547057614577808e-14,0.0010240000000000002
6580,4.538660916956943e-14,0.0010240000000000002
6581,4.530275495584879e-14,0.0010240000000000002
6582,4.521901340056528e-14,0.0010240000000000002
6583,4.5135384447598884e-14,0.0010240000000000002
6584,4.5051868015032545e-14,0.0010240000000000002
6585,4.4968464041279534e-14,0.0010240000000000002
6586,4.4885172442983494e-14,0.0010240000000000002
6587,4.480199313967685e-14,0.0010240000000000002
6588,4.4718926075514185e-14,0.0010240000000000002
6589,4.463597117552449e-14,0.0010240000000000002
6590,4.455312833584635e-14,0.0010240000000000002
6591,4.447039752188441e-14,0.0010240000000000002
6592,4.4387778643379224e-14,0.0010240000000000002
6593,4.430527162159958e-14,0.0010240000000000002
6594,4.422287637423275e-14,0.0010240000000000002
6595,4.414059285741483e-14,0.0010240000000000002
6596,4.405842097150591e-14,0.0010240000000000002
6597,4.397636065093332e-14,0.0010240000000000002
6598,4.3894411820750024e-14,0.0010240000000000002
6599,4.3812574396139336e-14,0.0010240000000000002
6600,4.373084832718804e-14,0.0010240000000000002
6601,4.364923351462543e-14,0.0010240000000000002
6602,4.356772989857224e-14,0.0010240000000000002
6603,4.348633738283871e-14,0.0010240000000000002
6604,4.3405055936305264e-14,0.0010240000000000002
6605,4.3323885423501125e-14,0.0010240000000000002
6606,4.3242825829051447e-14,0.0010240000000000002
6607,4.3161877047568425e-14,0.0010240000000000002
6608,4.308103899098929e-14,0.0010240000000000002
6609,4.3000311605610386e-14,0.0010240000000000002
6610,4.291969481586474e-14,0.0010240000000000002
6611,4.2839188550719416e-14,0.0010240000000000002
6612,4.2758792707066394e-14,0.0010240000000000002
6613,4.267850724201107e-14,0.0010240000000000002
6614,4.2598332063765053e-14,0.0010240000000000002
6615,4.251826710751783e-14,0.0010240000000000002
6616,4.243831227338603e-14,0.0010240000000000002
6617,4.2358467505442645e-14,0.0010240000000000002
6618,4.227873273572201e-14,0.0010240000000000002
6619,4.219910786469299e-14,0.0010240000000000002
6620,4.2119592829053746e-14,0.0010240000000000002
6621,4.2040187558972816e-14,0.0010240000000000002
6622,4.1960891964906667e-14,0.0010240000000000002
6623,4.188170598646975e-14,0.0010240000000000002
6624,4.180262952990408e-14,0.0010240000000000002
6625,4.172366253521169e-14,0.0010240000000000002
6626,4.164480490920159e-14,0.0010240000000000002
6627,4.15660565969563e-14,0.0010240000000000002
6628,4.148741749781291e-14,0.0010240000000000002
6629,4.1408887551676566e-14,0.0010240000000000002
6630,4.133046668189831e-14,0.0010240000000000002
6631,4.125215480822973e-14,0.0010240000000000002
6632,4.117395184832884e-14,0.0010240000000000002
6633,4.109585772975487e-14,0.0010240000000000002
6634,4.10178723802255e-14,0.0010240000000000002
6635,4.09399957266286e-14,0.0010240000000000002
6636,4.086222767250858e-14,0.0010240000000000002
6637,4.078456816795898e-14,0.0010240000000000002
6638,4.070701709706094e-14,0.0010240000000000002
6639,4.062957442967283e-14,0.0010240000000000002
6640,4.055224004837919e-14,0.0010240000000000002
6641,4.047501390833588e-14,0.0010240000000000002
6642,4.039789590903424e-14,0.0010240000000000002
6643,4.0320885980174105e-14,0.0010240000000000002
6644,4.024398405322475e-14,0.0010240000000000002
6645,4.016719004118251e-14,0.0010240000000000002
6646,4.009050385513681e-14,0.0010240000000000002
6647,4.0013925440604234e-14,0.0010240000000000002
6648,3.9937454706740266e-14,0.0010240000000000002
6649,3.986109158251993e-14,0.0010240000000000002
6650,3.97848359824902e-14,0.0010240000000000002
6651,3.9708687829690634e-14,0.0010240000000000002
6652,3.96326470495202e-14,0.0010240000000000002
6653,3.9556713573282703e-14,0.0010240000000000002
6654,3.948088730681061e-14,0.0010240000000000002
6655,3.94051681733772e-14,0.0010240000000000002
6656,3.932955611727426e-14,0.0010240000000000002
6657,3.9254051025286115e-14,0.0010240000000000002
6658,3.9178652844039056e-14,0.0010240000000000002
6659,3.9103361487193616e-14,0.0010240000000000002
6660,3.902817687647813e-14,0.0010240000000000002
6661,3.895309893409007e-14,0.0010240000000000002
6662,3.8878127583814206e-14,0.0010240000000000002
6663,3.880326273921306e-14,0.0010240000000000002
6664,3.8728504338797735e-14,0.0010240000000000002
6665,3.865385227616299e-14,0.0010240000000000002
6666,3.85793065022844e-14,0.0010240000000000002
6667,3.850486691381721e-14,0.0010240000000000002
6668,3.843053344492966e-14,0.0010240000000000002
6669,3.835630601495989e-14,0.0010240000000000002
6670,3.828218455025053e-14,0.0010240000000000002
6671,3.8208168969116516e-14,0.0010240000000000002
6672,3.8134259188171265e-14,0.0010240000000000002
6673,3.80604551274708e-14,0.0010240000000000002
6674,3.798675670206854e-14,0.0010240000000000002
6675,3.791316384042313e-14,0.0010240000000000002
6676,3.783967646520459e-14,0.0010240000000000002
6677,3.7766294502785664e-14,0.0010240000000000002
6678,3.7693017860943337e-14,0.0010240000000000002
6679,3.761984645811733e-14,0.0010240000000000002
6680,3.75467802354556e-14,0.0010240000000000002
6681,3.74738190974804e-14,0.0010240000000000002
6682,3.7400962964150766e-14,0.0010240000000000002
6683,3.732821175360486e-14,0.0010240000000000002
6684,3.725556540546041e-14,0.0010240000000000002
6685,3.718302380742108e-14,0.0010240000000000002
6686,3.711058690265088e-14,0.0010240000000000002
6687,3.7038254615329e-14,0.0010240000000000002
6688,3.696602684334011e-14,0.0010240000000000002
6689,3.689390352469583e-14,0.0010240000000000002
6690,3.682188458306376e-14,0.0010240000000000002
6691,3.6749969916018727e-14,0.0010240000000000002
6692,3.6678159459416156e-14,0.0010240000000000002
6693,3.660645313660863e-14,0.0010240000000000002
6694,3.6534850865775576e-14,0.0010240000000000002
6695,3.6463352545646946e-14,0.0010240000000000002
6696,3.6391958123775316e-14,0.0010240000000000002
6697,3.6320667496975873e-14,0.0010240000000000002
6698,3.6249480611266495e-14,0.0010240000000000002
6699,3.617839736654044e-14,0.0010240000000000002
6700,3.6107417677600255e-14,0.0010240000000000002
6701,3.603654148328386e-14,0.0010240000000000002
6702,3.5965768684487516e-14,0.0010240000000000002
6703,3.589509921109778e-14,0.0010240000000000002
6704,3.582453297431284e-14,0.0010240000000000002
6705,3.5754069905756073e-14,0.0010240000000000002
6706,3.568370990888805e-14,0.0010240000000000002
6707,3.561345291372246e-14,0.0010240000000000002
6708,3.554329884284055e-14,0.0010240000000000002
6709,3.547324760566272e-14,0.0010240000000000002
6710,3.5403299114654545e-14,0.0010240000000000002
6711,3.5333453306681695e-14,0.0010240000000000002
6712,3.526371008646333e-14,0.0010240000000000002
6713,3.519406937479076e-14,0.0010240000000000002
6714,3.512453109976777e-14,0.0010240000000000002
6715,3.505509518187954e-14,0.0010240000000000002
6716,3.498576152144092e-14,0.0010240000000000002
6717,3.491653005143899e-14,0.0010240000000000002
6718,3.4847400673748655e-14,0.0010240000000000002
6719,3.47783733319924e-14,0.0010240000000000002
6720,3.470944792816938e-14,0.0010240000000000002
6721,3.4640624383410273e-14,0.0010240000000000002
6722,3.457190261952084e-14,0.0010240000000000002
6723,3.450328254675718e-14,0.0010240000000000002
6724,3.44347640904071e-14,0.0010240000000000002
6725,3.436634717580219e-14,0.0010240000000000002
6726,3.4298031700252133e-14,0.0010240000000000002
6727,3.4229817596087784e-14,0.0010240000000000002
6728,3.416170477567259e-14,0.0010240000000000002
6729,3.4093693168594804e-14,0.0010240000000000002
6730,3.4025782678251654e-14,0.0010240000000000002
6731,3.39579732296209e-14,0.0010240000000000002
6732,3.389026473443887e-14,0.0010240000000000002
6733,3.38226571252965e-14,0.0010240000000000002
6734,3.375515030262502e-14,0.0010240000000000002
6735,3.368774419210542e-14,0.0010240000000000002
6736,3.3620438711125116e-14,0.0010240000000000002
6737,3.355323377034027e-14,0.0010240000000000002
6738,3.3486129305253533e-14,0.0010240000000000002
6739,3.341912521519485e-14,0.0010240000000000002
6740,3.335222142617591e-14,0.0010240000000000002
6741,3.3285417851681623e-14,0.0010240000000000002
6742,3.3218714417552787e-14,0.0010240000000000002
6743,3.3152111030505044e-14,0.0010240000000000002
6744,3.308560760747422e-14,0.0010240000000000002
6745,3.301920407500064e-14,0.0010240000000000002
6746,3.295290033919067e-14,0.0010240000000000002
6747,3.2886696329790415e-14,0.0010240000000000002
6748,3.282059195242004e-14,0.0010240000000000002
6749,3.275458714125719e-14,0.0010240000000000002
6750,3.2688681788121706e-14,0.0010240000000000002
6751,3.26228758296868e-14,0.0010240000000000002
6752,3.255716917506854e-14,0.0010240000000000002
6753,3.2491561741491454e-14,0.0010240000000000002
6754,3.242605344189917e-14,0.0010240000000000002
6755,3.236064421120105e-14,0.0010240000000000002
6756,3.229533394045705e-14,0.0010240000000000002
6757,3.223012256347488e-14,0.0010240000000000002
6758,3.2165009988056046e-14,0.0010240000000000002
6759,3.2099996134029756e-14,0.0010240000000000002
6760,3.203508092811338e-14,0.0010240000000000002
6761,3.1970264275545944e-14,0.0010240000000000002
6762,3.1905546087426987e-14,0.0010240000000000002
6763,3.1840926295236366e-14,0.0010240000000000002
6764,3.1776404803327676e-14,0.0010240000000000002
6765,3.171198154686491e-14,0.0010240000000000002
6766,3.1647656405900934e-14,0.0010240000000000002
6767,3.158342932605184e-14,0.0010240000000000002
6768,3.1519300220935296e-14,0.0010240000000000002
6769,3.1455269001295315e-14,0.0010240000000000002
6770,3.139133558748568e-14,0.0010240000000000002
6771,3.1327499887401345e-14,0.0010240000000000002
6772,3.1263761816533384e-14,0.0010240000000000002
6773,3.1200121300036366e-14,0.0010240000000000002
6774,3.113657825408116e-14,0.0010240000000000002
6775,3.107313259692343e-14,0.0010240000000000002
6776,3.100978423677537e-14,0.0010240000000000002
6777,3.0946533082234265e-14,0.0010240000000000002
6778,3.0883379059517454e-14,0.0010240000000000002
6779,3.082032209142153e-14,0.0010240000000000002
6780,3.075736207670248e-14,0.0010240000000000002
6781,3.0694498934460727e-14,0.0010240000000000002
6782,3.063173260933593e-14,0.0010240000000000002
6783,3.056906297443554e-14,0.0010240000000000002
6784,3.050648996983414e-14,0.0010240000000000002
6785,3.04440135025376e-14,0.0010240000000000002
6786,3.038163350388542e-14,0.0010240000000000002
6787,3.031934986583524e-14,0.0010240000000000002
6788,3.0257162514700554e-14,0.0010240000000000002
6789,3.019507137563292e-14,0.0010240000000000002
6790,3.0133076348369175e-14,0.0010240000000000002
6791,3.007117735543258e-14,0.0010240000000000002
6792,3.0009374316357724e-14,0.0010240000000000002
6793,2.994766713219449e-14,0.0010240000000000002
6794,2.988605572625542e-14,0.0010240000000000002
6795,2.982454002438915e-14,0.0010240000000000002
6796,2.976311993373315e-14,0.0010240000000000002
6797,2.970179536130867e-14,0.0010240000000000002
6798,2.9640566237241145e-14,0.0010240000000000002
6799,2.957943245342246e-14,0.0010240000000000002
6800,2.9518393963145424e-14,0.0010240000000000002
6801,2.9457450641952115e-14,0.0010240000000000002
6802,2.9396602431364074e-14,0.0010240000000000002
6803,2.9335849227874356e-14,0.0010240000000000002
6804,2.9275190957771005e-14,0.0010240000000000002
6805,2.921462753128672e-14,0.0010240000000000002
6806,2.915415887347616e-14,0.0010240000000000002
6807,2.909378488457062e-14,0.0010240000000000002
6808,2.903350548674241e-14,0.0010240000000000002
6809,2.897332059477822e-14,0.0010240000000000002
6810,2.891323012412977e-14,0.0010240000000000002
6811,2.885323399159858e-14,0.0010240000000000002
6812,2.879333210242265e-14,0.0010240000000000002
6813,2.8733524381997365e-14,0.0010240000000000002
6814,2.867381073051525e-14,0.0010240000000000002
6815,2.8614191082420005e-14,0.0010240000000000002
6816,2.855466533584193e-14,0.0010240000000000002
6817,2.849523341370567e-14,0.0010240000000000002
6818,2.843589523335538e-14,0.0010240000000000002
6819,2.837665069525549e-14,0.0010240000000000002
6820,2.8317499713135978e-14,0.0010240000000000002
6821,2.8258442232226433e-14,0.0010240000000000002
6822,2.819947813488125e-14,0.0010240000000000002
6823,2.8140607356698186e-14,0.0010240000000000002
6824,2.808182979247393e-14,0.0010240000000000002
6825,2.802314537170891e-14,0.0010240000000000002
6826,2.796455399447292e-14,0.0010240000000000002
6827,2.7906055587227453e-14,0.0010240000000000002
6828,2.784765005902318e-14,0.0010240000000000002
6829,2.778933733518715e-14,0.0010240000000000002
6830,2.7731117302849605e-14,0.0010240000000000002
6831,2.7672989904429718e-14,0.0010240000000000002
6832,2.761495504065103e-14,0.0010240000000000002
6833,2.755701263647246e-14,0.0010240000000000002
6834,2.749916258018835e-14,0.0010240000000000002
6835,2.744140481223636e-14,0.0010240000000000002
6836,2.7383739235848056e-14,0.0010240000000000002
6837,2.7326165762989207e-14,0.0010240000000000002
6838,2.7268684320262783e-14,0.0010240000000000002
6839,2.7211294806586583e-14,0.0010240000000000002
6840,2.7153997143103467e-14,0.0010240000000000002
6841,2.709679124156689e-14,0.0010240000000000002
6842,2.703967701248078e-14,0.0010240000000000002
6843,2.6982654370373963e-14,0.0010240000000000002
6844,2.6925723238892305e-14,0.0010240000000000002
6845,2.6868883532943676e-14,0.0010240000000000002
6846,2.6812135148167858e-14,0.0010240000000000002
6847,2.675547800558931e-14,0.0010240000000000002
6848,2.6698912028434538e-14,0.0010240000000000002
6849,2.6642437120998417e-14,0.0010240000000000002
6850,2.6586053200174844e-14,0.0010240000000000002
6851,2.6529760176123598e-14,0.0010240000000000002
6852,2.6473557975167766e-14,0.0010240000000000002
6853,2.641744648610439e-14,0.0010240000000000002
6854,2.636142564562465e-14,0.0010240000000000002
6855,2.6305495358638515e-14,0.0010240000000000002
6856,2.6249655542435574e-14,0.0010240000000000002
6857,2.6193906098525556e-14,0.0010240000000000002
6858,2.6138246955662208e-14,0.0010240000000000002
6859,2.608267802397173e-14,0.0010240000000000002
6860,2.6027199204056736e-14,0.0010240000000000002
6861,2.59718104201217e-14,0.0010240000000000002
6862,2.5916511584847568e-14,0.0010240000000000002
6863,2.5861302610666342e-14,0.0010240000000000002
6864,2.5806183417240784e-14,0.0010240000000000002
6865,2.5751153904065825e-14,0.0010240000000000002
6866,2.569621399299215e-14,0.0010240000000000002
6867,2.5641363593341414e-14,0.0010240000000000002
6868,2.558660263509176e-14,0.0010240000000000002
6869,2.5531931002943693e-14,0.0010240000000000002
6870,2.5477348628065674e-14,0.0010240000000000002
6871,2.5422855418552526e-14,0.0010240000000000002
6872,2.536845128989268e-14,0.0010240000000000002
6873,2.53141361531052e-14,0.0010240000000000002
6874,2.525990993053845e-14,0.0010240000000000002
6875,2.5205772512269647e-14,0.0010240000000000002
6876,2.5151723836589452e-14,0.0010240000000000002
6877,2.509776381527966e-14,0.0010240000000000002
6878,2.5043892333633283e-14,0.0010240000000000002
6879,2.4990109331426027e-14,0.0010240000000000002
6880,2.493641471798056e-14,0.0010240000000000002
6881,2.488280839238064e-14,0.0010240000000000002
6882,2.4829290286044803e-14,0.0010240000000000002
6883,2.477586029302823e-14,0.0010240000000000002
6884,2.472251833925693e-14,0.0010240000000000002
6885,2.4669264337343906e-14,0.0010240000000000002
6886,2.461609820311177e-14,0.0010240000000000002
6887,2.4563019833828537e-14,0.0010240000000000002
6888,2.451002915414372e-14,0.0010240000000000002
6889,2.4457126079449808e-14,0.0010240000000000002
6890,2.4404310509333978e-14,0.0010240000000000002
6891,2.4351582369088887e-14,0.0010240000000000002
6892,2.4298941576277705e-14,0.0010240000000000002
6893,2.424638802380799e-14,0.0010240000000000002
6894,2.4193921630718007e-14,0.0010240000000000002
6895,2.414154232403788e-14,0.0010240000000000002
6896,2.4089250012445004e-14,0.0010240000000000002
6897,2.4037044585760423e-14,0.0010240000000000002
6898,2.398492598383502e-14,0.0010240000000000002
6899,2.393289411081289e-14,0.0010240000000000002
6900,2.388094887386258e-14,0.0010240000000000002
6901,2.382909019219189e-14,0.0010240000000000002
6902,2.3777317971668077e-14,0.0010240000000000002
6903,2.372563213104298e-14,0.0010240000000000002
6904,2.3674032587590746e-14,0.0010240000000000002
6905,2.3622519228319676e-14,0.0010240000000000002
6906,2.3571092003938176e-14,0.0010240000000000002
6907,2.3519750797728183e-14,0.0010240000000000002
6908,2.346849553913473e-14,0.0010240000000000002
6909,2.341732612093724e-14,0.0010240000000000002
6910,2.336624247720737e-14,0.0010240000000000002
6911,2.3315244514661444e-14,0.0010240000000000002
6912,2.326433212901979e-14,0.0010240000000000002
6913,2.32135052600792e-14,0.0010240000000000002
6914,2.3162763804471485e-14,0.0010240000000000002
6915,2.3112107668698928e-14,0.0010240000000000002
6916,2.3061536775883468e-14,0.0010240000000000002
6917,2.3011051039569615e-14,0.0010240000000000002
6918,2.296065036875338e-14,0.0010240000000000002
6919,2.291033466520835e-14,0.0010240000000000002
6920,2.2860103866019703e-14,0.0010240000000000002
6921,2.2809957855953697e-14,0.0010240000000000002
6922,2.275989656653487e-14,0.0010240000000000002
6923,2.2709919903551033e-14,0.0010240000000000002
6924,2.2660027766779473e-14,0.0010240000000000002
6925,2.2610220090491606e-14,0.0010240000000000002
6926,2.2560496792000483e-14,0.0010240000000000002
6927,2.251085775136208e-14,0.0010240000000000002
6928,2.2461302904445353e-14,0.0010240000000000002
6929,2.2411832151759522e-14,0.0010240000000000002
6930,2.2362445421946357e-14,0.0010240000000000002
6931,2.231314261127477e-14,0.0010240000000000002
6932,2.226392363519551e-14,0.0010240000000000002
6933,2.2214788410331074e-14,0.0010240000000000002
6934,2.2165736846964928e-14,0.0010240000000000002
6935,2.2116768854631378e-14,0.0010240000000000002
6936,2.2067884355906222e-14,0.0010240000000000002
6937,2.2019083249022794e-14,0.0010240000000000002
6938,2.1970365450953208e-14,0.0010240000000000002
6939,2.1921730873144663e-14,0.0010240000000000002
6940,2.1873179438101642e-14,0.0010240000000000002
6941,2.1824711040998748e-14,0.0010240000000000002
6942,2.1776325608629017e-14,0.0010240000000000002
6943,2.1728023046858955e-14,0.0010240000000000002
6944,2.167980326498587e-14,0.0010240000000000002
6945,2.1631666181371392e-14,0.0010240000000000002
6946,2.158361170220792e-14,0.0010240000000000002
6947,2.1535639746114873e-14,0.0010240000000000002
6948,2.148775021005207e-14,0.0010240000000000002
6949,2.1439943028534616e-14,0.0010240000000000002
6950,2.1392218103850738e-14,0.0010240000000000002
6951,2.134457533280505e-14,0.0010240000000000002
6952,2.12970146561218e-14,0.0010240000000000002
6953,2.1249535970698288e-14,0.0010240000000000002
6954,2.120213917844844e-14,0.0010240000000000002
6955,2.1154824211482993e-14,0.0010240000000000002
6956,2.1107590964681027e-14,0.0010240000000000002
6957,2.106043936291721e-14,0.0010240000000000002
6958,2.1013369314554994e-14,0.0010240000000000002
6959,2.0966380724590384e-14,0.0010240000000000002
6960,2.091947351304318e-14,0.0010240000000000002
6961,2.087264759617085e-14,0.0010240000000000002
6962,2.0825902867827413e-14,0.0010240000000000002
6963,2.0779239260119682e-14,0.0010240000000000002
6964,2.07326566652724e-14,0.0010240000000000002
6965,2.0686155025525585e-14,0.0010240000000000002
6966,2.0639734216251454e-14,0.0010240000000000002
6967,2.0593394171693826e-14,0.0010240000000000002
6968,2.054713480370717e-14,0.0010240000000000002
6969,2.0500956023332706e-14,0.0010240000000000002
6970,2.0454857727853918e-14,0.0010240000000000002
6971,2.0408839844897765e-14,0.0010240000000000002
6972,2.036290229077656e-14,0.0010240000000000002
6973,2.0317044950236042e-14,0.0010240000000000002
6974,2.027126776488621e-14,0.0010240000000000002
6975,2.0225570636092685e-14,0.0010240000000000002
6976,2.0179953476900756e-14,0.0010240000000000002
6977,2.0134416194266403e-14,0.0010240000000000002
6978,2.008895870392073e-14,0.0010240000000000002
6979,2.0043580914908706e-14,0.0010240000000000002
6980,1.9998282747057055e-14,0.0010240000000000002
6981,1.99530641036295e-14,0.0010240000000000002
6982,1.9907924899842716e-14,0.0010240000000000002
6983,1.9862865052657953e-14,0.0010240000000000002
6984,1.9817884461053114e-14,0.0010240000000000002
6985,1.9772983048997634e-14,0.0010240000000000002
6986,1.9728160730984482e-14,0.0010240000000000002
6987,1.968341740013679e-14,0.0010240000000000002
6988,1.9638752988616563e-14,0.0010240000000000002
6989,1.959416739686345e-14,0.0010240000000000002
6990,1.9549660541404766e-14,0.0010240000000000002
6991,1.9505232336075124e-14,0.0010240000000000002
6992,1.9460882688137118e-14,0.0010240000000000002
6993,1.9416611510463437e-14,0.0010240000000000002
6994,1.9372418725118985e-14,0.0010240000000000002
6995,1.9328304228060297e-14,0.0010240000000000002
6996,1.9284267941671753e-14,0.0010240000000000002
6997,1.9240309767438702e-14,0.0010240000000000002
6998,1.9196429625833518e-14,0.0010240000000000002
6999,1.9152627431896883e-14,0.0010240000000000002
7000,1.9108903098003625e-14,0.0008192000000000002
